# Blender 5.1.0
# www.blender.org
mtllib ElecPlate.mtl
o 円柱.016
v 0.994608 0.119427 0.955198
v 1.005234 0.120477 0.955421
v 0.994608 0.531279 -0.978482
v 0.983981 0.120477 0.955421
v 0.973763 0.123588 0.956084
v 0.983981 0.532330 -0.978258
v 0.973763 0.535440 -0.977595
v 0.964346 0.540491 -0.976520
v 0.956092 0.547289 -0.975072
v 0.964346 0.128639 0.957160
v 0.956092 0.135436 0.958607
v 0.949318 0.143719 0.960372
v 0.944284 0.153169 0.962384
v 0.949318 0.555572 -0.973308
v 0.944284 0.565022 -0.971295
v 0.941184 0.575276 -0.969111
v 0.940138 0.585940 -0.966840
v 0.941184 0.163423 0.964568
v 0.940138 0.174087 0.966840
v 0.941184 0.184751 0.969111
v 0.944284 0.195005 0.971295
v 0.941184 0.596603 -0.964568
v 0.944284 0.606857 -0.962384
v 0.949318 0.616307 -0.960372
v 0.956092 0.624590 -0.958607
v 0.949318 0.204455 0.973308
v 0.956092 0.212738 0.975072
v 0.964346 0.219535 0.976520
v 0.973763 0.224586 0.977595
v 0.964346 0.631388 -0.957160
v 0.973763 0.636439 -0.956084
v 0.983981 0.639550 -0.955421
v 0.994608 0.640600 -0.955198
v 0.983981 0.227697 0.978258
v 0.994608 0.228747 0.978482
v 1.005234 0.227697 0.978258
v 1.015452 0.224586 0.977595
v 1.005234 0.639550 -0.955421
v 1.015452 0.636439 -0.956084
v 1.024870 0.631388 -0.957160
v 1.033124 0.624590 -0.958607
v 1.024870 0.219535 0.976520
v 1.033124 0.212738 0.975072
v 1.039898 0.204455 0.973308
v 1.044931 0.195005 0.971295
v 1.039898 0.616307 -0.960372
v 1.044931 0.606857 -0.962384
v 1.048031 0.596603 -0.964568
v 1.049078 0.585940 -0.966840
v 1.048031 0.184751 0.969111
v 1.049078 0.174087 0.966840
v 1.048031 0.163423 0.964568
v 1.044931 0.153169 0.962384
v 1.048031 0.575276 -0.969111
v 1.044931 0.565022 -0.971295
v 1.039898 0.555572 -0.973308
v 1.033124 0.547289 -0.975072
v 1.039898 0.143719 0.960372
v 1.033124 0.135436 0.958607
v 1.024870 0.128639 0.957160
v 1.015452 0.123588 0.956084
v 1.024870 0.540491 -0.976520
v 1.015452 0.535440 -0.977595
v 1.005234 0.532330 -0.978258
vn -0.0000 -0.2083 0.9781
vn -0.0000 -0.9781 -0.2083
vn 0.1999 -0.9583 -0.2041
vn -0.1999 -0.9583 -0.2041
vn -0.3910 -0.9002 -0.1917
vn -0.0000 0.2083 -0.9781
vn -0.5652 -0.8068 -0.1718
vn -0.7160 -0.6828 -0.1454
vn -0.8378 -0.5339 -0.1137
vn -0.9272 -0.3663 -0.0780
vn -0.9817 -0.1862 -0.0397
vn -1.0000 -0.0000 -0.0000
vn -0.9817 0.1862 0.0397
vn -0.9272 0.3663 0.0780
vn -0.8378 0.5339 0.1137
vn -0.7160 0.6828 0.1454
vn -0.5652 0.8068 0.1718
vn -0.3910 0.9002 0.1917
vn -0.1999 0.9583 0.2041
vn -0.0000 0.9781 0.2083
vn 0.1999 0.9583 0.2041
vn 0.3910 0.9002 0.1917
vn 0.5652 0.8068 0.1718
vn 0.7159 0.6828 0.1454
vn 0.8378 0.5339 0.1137
vn 0.9272 0.3663 0.0780
vn 0.9817 0.1862 0.0397
vn 1.0000 -0.0000 -0.0000
vn 0.9817 -0.1862 -0.0397
vn 0.9272 -0.3663 -0.0780
vn 0.8378 -0.5339 -0.1137
vn 0.7160 -0.6828 -0.1454
vn 0.5652 -0.8068 -0.1718
vn 0.3910 -0.9002 -0.1917
vn -0.0000 -0.2084 0.9781
vn -0.0000 -0.2084 0.9780
vn -0.0000 0.2084 -0.9781
vn -0.0000 0.2082 -0.9781
vn 0.7160 0.6828 0.1454
vt 0.510347 0.689569
vt 0.499175 0.803005
vt 0.612611 0.814178
vt 0.167915 0.000000
vt 0.000000 0.010495
vt 0.000000 0.000000
vt 0.000000 0.325336
vt 0.167915 0.335831
vt 0.000000 0.335831
vt 0.167915 0.314842
vt 0.000000 0.314842
vt 0.659598 0.700741
vt 0.773034 0.689569
vt 0.784206 0.803005
vt 0.167915 0.304347
vt 0.000000 0.304347
vt 0.000000 0.293852
vt 0.000000 0.283357
vt 0.167915 0.293852
vt 0.000000 0.272863
vt 0.167915 0.283357
vt 0.167915 0.262368
vt 0.000000 0.262368
vt 0.167915 0.251873
vt 0.000000 0.251873
vt 0.167915 0.241379
vt 0.000000 0.241379
vt 0.167915 0.230884
vt 0.000000 0.230884
vt 0.000000 0.220389
vt 0.000000 0.209894
vt 0.167915 0.220389
vt 0.167915 0.199400
vt 0.000000 0.199400
vt 0.000000 0.188905
vt 0.167915 0.178410
vt 0.000000 0.178410
vt 0.167915 0.167915
vt 0.000000 0.167916
vt 0.000000 0.157421
vt 0.167915 0.146926
vt 0.000000 0.146926
vt 0.167915 0.136431
vt 0.000000 0.136431
vt 0.000000 0.125937
vt 0.167915 0.115442
vt 0.000000 0.115442
vt 0.167915 0.104947
vt 0.000000 0.104947
vt 0.167915 0.094452
vt 0.000000 0.094452
vt 0.000000 0.083958
vt 0.167915 0.073463
vt 0.000000 0.073463
vt 0.000000 0.062968
vt 0.167915 0.052474
vt 0.000000 0.052474
vt 0.167915 0.041979
vt 0.000000 0.041979
vt 0.167915 0.031484
vt 0.000000 0.031484
vt 0.000000 0.020989
vt 0.167915 0.020989
vt 0.623783 0.803005
vt 0.632561 0.789868
vt 0.638608 0.775270
vt 0.641690 0.759773
vt 0.641690 0.743973
vt 0.638608 0.728477
vt 0.632561 0.713879
vt 0.623783 0.700742
vt 0.612611 0.689569
vt 0.599473 0.680791
vt 0.584876 0.674744
vt 0.569379 0.671662
vt 0.553579 0.671662
vt 0.538082 0.674744
vt 0.523485 0.680791
vt 0.499175 0.700741
vt 0.490397 0.713879
vt 0.484350 0.728476
vt 0.481268 0.743973
vt 0.481268 0.759773
vt 0.484350 0.775270
vt 0.490397 0.789868
vt 0.510347 0.814177
vt 0.523485 0.822956
vt 0.538082 0.829002
vt 0.553579 0.832085
vt 0.569379 0.832084
vt 0.584876 0.829002
vt 0.599473 0.822956
vt 0.167915 0.010495
vt 0.167915 0.325336
vt 0.773033 0.814178
vt 0.759896 0.822956
vt 0.745298 0.829002
vt 0.729801 0.832084
vt 0.714001 0.832084
vt 0.698504 0.829002
vt 0.683907 0.822955
vt 0.670770 0.814177
vt 0.659597 0.803004
vt 0.650819 0.789867
vt 0.644773 0.775269
vt 0.641690 0.759773
vt 0.641690 0.743972
vt 0.644773 0.728476
vt 0.650820 0.713878
vt 0.670770 0.689568
vt 0.683908 0.680791
vt 0.698505 0.674744
vt 0.714002 0.671662
vt 0.729802 0.671662
vt 0.745299 0.674744
vt 0.759896 0.680791
vt 0.784206 0.700742
vt 0.792984 0.713879
vt 0.799031 0.728477
vt 0.802113 0.743973
vt 0.802113 0.759774
vt 0.799030 0.775270
vt 0.792984 0.789868
vt 0.167915 0.272863
vt 0.167915 0.209894
vt 0.167915 0.188905
vt 0.167915 0.157421
vt 0.167915 0.125937
vt 0.167915 0.083958
vt 0.167915 0.062968
s 1
usemtl マテリアル
f 36/1/1 20/2/1 4/3/1
f 3/4/2 2/5/3 1/6/2
f 4/7/4 3/8/2 1/9/2
f 7/10/5 4/7/4 5/11/5
f 31/12/6 47/13/6 63/14/6
f 8/15/7 5/11/5 10/16/7
f 11/17/8 8/15/7 10/16/7
f 12/18/9 9/19/8 11/17/8
f 13/20/10 14/21/9 12/18/9
f 16/22/11 13/20/10 18/23/11
f 17/24/12 18/23/11 19/25/12
f 22/26/13 19/25/12 20/27/13
f 23/28/14 20/27/13 21/29/14
f 26/30/15 23/28/14 21/29/14
f 27/31/16 24/32/15 26/30/15
f 30/33/17 27/31/16 28/34/17
f 29/35/18 30/33/17 28/34/17
f 32/36/19 29/35/18 34/37/19
f 33/38/20 34/37/19 35/39/20
f 36/40/21 33/38/20 35/39/20
f 39/41/22 36/40/21 37/42/22
f 40/43/23 37/42/22 42/44/23
f 43/45/24 40/43/23 42/44/23
f 46/46/25 43/45/24 44/47/25
f 47/48/26 44/47/25 45/49/26
f 48/50/27 45/49/26 50/51/27
f 51/52/28 48/50/27 50/51/27
f 54/53/29 51/52/28 52/54/29
f 53/55/30 54/53/29 52/54/29
f 56/56/31 53/55/30 58/57/31
f 57/58/32 58/57/31 59/59/32
f 62/60/33 59/59/32 60/61/33
f 61/62/34 62/60/33 60/61/33
f 2/5/3 63/63/34 61/62/34
f 4/3/1 1/64/35 2/65/35
f 2/65/35 61/66/35 60/67/1
f 60/67/1 59/68/1 58/69/1
f 58/69/1 53/70/1 52/71/1
f 52/71/1 51/72/1 50/73/1
f 50/73/1 45/74/1 44/75/1
f 44/75/1 43/76/1 42/77/1
f 42/77/1 37/78/36 36/1/1
f 36/1/1 35/79/35 34/80/1
f 34/80/1 29/81/1 28/82/1
f 28/82/1 27/83/1 26/84/1
f 26/84/1 21/85/1 20/2/1
f 20/2/1 19/86/1 18/87/1
f 18/87/1 13/88/1 12/89/1
f 12/89/1 11/90/1 10/91/1
f 10/91/1 5/92/36 4/3/1
f 4/3/1 2/65/35 60/67/1
f 60/67/1 58/69/1 52/71/1
f 52/71/1 50/73/1 44/75/1
f 44/75/1 42/77/1 36/1/1
f 36/1/1 34/80/1 28/82/1
f 28/82/1 26/84/1 20/2/1
f 20/2/1 18/87/1 12/89/1
f 12/89/1 10/91/1 4/3/1
f 4/3/1 60/67/1 52/71/1
f 52/71/1 44/75/1 36/1/1
f 36/1/1 28/82/1 20/2/1
f 20/2/1 12/89/1 4/3/1
f 4/3/1 52/71/1 36/1/1
f 3/4/2 64/93/3 2/5/3
f 4/7/4 6/94/4 3/8/2
f 7/10/5 6/94/4 4/7/4
f 63/14/6 64/95/37 3/96/6
f 3/96/6 6/97/6 7/98/6
f 7/98/6 8/99/38 9/100/6
f 9/100/6 14/101/6 15/102/6
f 15/102/6 16/103/6 17/104/6
f 17/104/6 22/105/6 23/106/6
f 23/106/6 24/107/6 25/108/6
f 25/108/6 30/109/37 31/12/6
f 31/12/6 32/110/37 33/111/6
f 33/111/6 38/112/6 39/113/6
f 39/113/6 40/114/37 41/115/6
f 41/115/6 46/116/6 47/13/6
f 47/13/6 48/117/6 49/118/6
f 49/118/6 54/119/6 55/120/6
f 55/120/6 56/121/6 57/122/6
f 57/122/6 62/123/38 63/14/6
f 63/14/6 3/96/6 7/98/6
f 7/98/6 9/100/6 15/102/6
f 15/102/6 17/104/6 23/106/6
f 23/106/6 25/108/6 31/12/6
f 31/12/6 33/111/6 39/113/6
f 39/113/6 41/115/6 47/13/6
f 47/13/6 49/118/6 55/120/6
f 55/120/6 57/122/6 63/14/6
f 63/14/6 7/98/6 15/102/6
f 15/102/6 23/106/6 31/12/6
f 31/12/6 39/113/6 47/13/6
f 47/13/6 55/120/6 63/14/6
f 63/14/6 15/102/6 31/12/6
f 8/15/7 7/10/5 5/11/5
f 11/17/8 9/19/8 8/15/7
f 12/18/9 14/21/9 9/19/8
f 13/20/10 15/124/10 14/21/9
f 16/22/11 15/124/10 13/20/10
f 17/24/12 16/22/11 18/23/11
f 22/26/13 17/24/12 19/25/12
f 23/28/14 22/26/13 20/27/13
f 26/30/15 24/32/15 23/28/14
f 27/31/16 25/125/16 24/32/15
f 30/33/17 25/125/16 27/31/16
f 29/35/18 31/126/18 30/33/17
f 32/36/19 31/126/18 29/35/18
f 33/38/20 32/36/19 34/37/19
f 36/40/21 38/127/21 33/38/20
f 39/41/22 38/127/21 36/40/21
f 40/43/23 39/41/22 37/42/22
f 43/45/24 41/128/39 40/43/23
f 46/46/25 41/128/39 43/45/24
f 47/48/26 46/46/25 44/47/25
f 48/50/27 47/48/26 45/49/26
f 51/52/28 49/129/28 48/50/27
f 54/53/29 49/129/28 51/52/28
f 53/55/30 55/130/30 54/53/29
f 56/56/31 55/130/30 53/55/30
f 57/58/32 56/56/31 58/57/31
f 62/60/33 57/58/32 59/59/32
f 61/62/34 63/63/34 62/60/33
f 2/5/3 64/93/3 63/63/34
o 円柱.001
v 1.000000 0.737342 -1.000000
v 1.000000 0.616441 -1.000000
v 1.000000 0.737342 1.000000
v -1.000000 0.737342 -1.000000
v -1.000000 0.616441 -1.000000
v -1.000000 0.737342 1.000000
v -1.000000 0.616441 1.000000
v 1.000000 0.616441 1.000000
v 1.000000 0.737342 -0.818182
v 1.000000 0.737342 -0.636364
v 1.000000 0.737342 -0.454545
v 1.000000 0.737342 -0.272727
v 1.000000 0.737342 -0.090909
v 1.000000 0.737342 0.090909
v 1.000000 0.737342 0.272727
v 1.000000 0.737342 0.454545
v 1.000000 0.737342 0.636364
v 1.000000 0.737342 0.818182
v -1.000000 0.737342 0.818182
v -1.000000 0.737342 0.636364
v -1.000000 0.737342 0.454545
v -1.000000 0.737342 0.272727
v -1.000000 0.737342 0.090909
v -1.000000 0.737342 -0.090909
v -1.000000 0.737342 -0.272727
v -1.000000 0.737342 -0.454545
v -1.000000 0.737342 -0.636364
v -1.000000 0.737342 -0.818182
v -1.000000 0.616441 -0.818182
v -1.000000 0.616441 -0.636364
v -1.000000 0.616441 -0.454545
v -1.000000 0.616441 -0.272727
v -1.000000 0.616441 -0.090909
v -1.000000 0.616441 0.090909
v -1.000000 0.616441 0.272727
v -1.000000 0.616441 0.454545
v -1.000000 0.616441 0.636364
v -1.000000 0.616441 0.818182
v 1.000000 0.616441 0.818182
v 1.000000 0.616441 0.636364
v 1.000000 0.616441 0.454545
v 1.000000 0.616441 0.272727
v 1.000000 0.616441 0.090909
v 1.000000 0.616441 -0.090909
v 1.000000 0.616441 -0.272727
v 1.000000 0.616441 -0.454545
v 1.000000 0.616441 -0.636364
v 1.000000 0.616441 -0.818182
v -0.818182 0.737342 -1.000000
v -0.636364 0.737342 -1.000000
v -0.454545 0.737342 -1.000000
v -0.272727 0.737342 -1.000000
v -0.090909 0.737342 -1.000000
v 0.090909 0.737342 -1.000000
v 0.272727 0.737342 -1.000000
v 0.454545 0.737342 -1.000000
v 0.636364 0.737342 -1.000000
v 0.818182 0.737342 -1.000000
v 0.818182 0.737342 1.000000
v 0.636364 0.737342 1.000000
v 0.454545 0.737342 1.000000
v 0.272727 0.737342 1.000000
v 0.090909 0.737342 1.000000
v -0.090909 0.737342 1.000000
v -0.272727 0.737342 1.000000
v -0.454545 0.737342 1.000000
v -0.636364 0.737342 1.000000
v -0.818182 0.737342 1.000000
v -0.818182 0.616441 1.000000
v -0.636364 0.616441 1.000000
v -0.454545 0.616441 1.000000
v -0.272727 0.616441 1.000000
v -0.090909 0.616441 1.000000
v 0.090909 0.616441 1.000000
v 0.272727 0.616441 1.000000
v 0.454545 0.616441 1.000000
v 0.636364 0.616441 1.000000
v 0.818182 0.616441 1.000000
v 0.818182 0.616441 -1.000000
v 0.636364 0.616441 -1.000000
v 0.454545 0.616441 -1.000000
v 0.272727 0.616441 -1.000000
v 0.090909 0.616441 -1.000000
v -0.090909 0.616441 -1.000000
v -0.272727 0.616441 -1.000000
v -0.454545 0.616441 -1.000000
v -0.636364 0.616441 -1.000000
v -0.818182 0.616441 -1.000000
v 0.818182 0.616441 -0.818182
v 0.636364 0.616441 -0.818182
v 0.454545 0.616441 -0.818182
v 0.272727 0.616441 -0.818182
v 0.090909 0.616441 -0.818182
v -0.090909 0.616441 -0.818182
v -0.272727 0.616441 -0.818182
v -0.454545 0.616441 -0.818182
v -0.636364 0.616441 -0.818182
v -0.818182 0.616441 -0.818182
v 0.818182 0.616441 -0.636364
v 0.636364 0.616441 -0.636364
v 0.454545 0.616441 -0.636364
v 0.272727 0.616441 -0.636364
v 0.090909 0.616441 -0.636364
v -0.090909 0.616441 -0.636364
v -0.272727 0.616441 -0.636364
v -0.454545 0.616441 -0.636364
v -0.636364 0.616441 -0.636364
v -0.818182 0.616441 -0.636364
v 0.818182 0.616441 -0.454545
v 0.636364 0.616441 -0.454545
v 0.454545 0.616441 -0.454545
v 0.272727 0.616441 -0.454545
v 0.090909 0.616441 -0.454545
v -0.090909 0.616441 -0.454545
v -0.272727 0.616441 -0.454545
v -0.454545 0.616441 -0.454545
v -0.636364 0.616441 -0.454545
v -0.818182 0.616441 -0.454545
v 0.818182 0.616441 -0.272727
v 0.636364 0.616441 -0.272727
v 0.454545 0.616441 -0.272727
v 0.272727 0.616441 -0.272727
v 0.090909 0.616441 -0.272727
v -0.090909 0.616441 -0.272727
v -0.272727 0.616441 -0.272727
v -0.454545 0.616441 -0.272727
v -0.636364 0.616441 -0.272727
v -0.818182 0.616441 -0.272727
v 0.818182 0.616441 -0.090909
v 0.636364 0.616441 -0.090909
v 0.454545 0.616441 -0.090909
v 0.272727 0.616441 -0.090909
v 0.090909 0.616441 -0.090909
v -0.090909 0.616441 -0.090909
v -0.272727 0.616441 -0.090909
v -0.454545 0.616441 -0.090909
v -0.636364 0.616441 -0.090909
v -0.818182 0.616441 -0.090909
v 0.818182 0.616441 0.090909
v 0.636364 0.616441 0.090909
v 0.454545 0.616441 0.090909
v 0.272727 0.616441 0.090909
v 0.090909 0.616441 0.090909
v -0.090909 0.616441 0.090909
v -0.272727 0.616441 0.090909
v -0.454545 0.616441 0.090909
v -0.636364 0.616441 0.090909
v -0.818182 0.616441 0.090909
v 0.818182 0.616441 0.272727
v 0.636364 0.616441 0.272727
v 0.454545 0.616441 0.272727
v 0.272727 0.616441 0.272727
v 0.090909 0.616441 0.272727
v -0.090909 0.616441 0.272727
v -0.272727 0.616441 0.272727
v -0.454545 0.616441 0.272727
v -0.636364 0.616441 0.272727
v -0.818182 0.616441 0.272727
v 0.818182 0.616441 0.454545
v 0.636364 0.616441 0.454545
v 0.454545 0.616441 0.454545
v 0.272727 0.616441 0.454545
v 0.090909 0.616441 0.454545
v -0.090909 0.616441 0.454545
v -0.272727 0.616441 0.454545
v -0.454545 0.616441 0.454545
v -0.636364 0.616441 0.454545
v -0.818182 0.616441 0.454545
v 0.818182 0.616441 0.636364
v 0.636364 0.616441 0.636364
v 0.454545 0.616441 0.636364
v 0.272727 0.616441 0.636364
v 0.090909 0.616441 0.636364
v -0.090909 0.616441 0.636364
v -0.272727 0.616441 0.636364
v -0.454545 0.616441 0.636364
v -0.636364 0.616441 0.636364
v -0.818182 0.616441 0.636364
v 0.818182 0.616441 0.818182
v 0.636364 0.616441 0.818182
v 0.454545 0.616441 0.818182
v 0.272727 0.616441 0.818182
v 0.090909 0.616441 0.818182
v -0.090909 0.616441 0.818182
v -0.272727 0.616441 0.818182
v -0.454545 0.616441 0.818182
v -0.636364 0.616441 0.818182
v -0.818182 0.616441 0.818182
v -0.818182 0.737342 -0.818182
v -0.636364 0.737342 -0.818182
v -0.454545 0.737342 -0.818182
v -0.272727 0.737342 -0.818182
v -0.090909 0.737342 -0.818182
v 0.090909 0.737342 -0.818182
v 0.272727 0.737342 -0.818182
v 0.454545 0.737342 -0.818182
v 0.636364 0.737342 -0.818182
v 0.818182 0.737342 -0.818182
v -0.818182 0.737342 -0.636364
v -0.636364 0.737342 -0.636364
v -0.454545 0.737342 -0.636364
v -0.272727 0.737342 -0.636364
v -0.090909 0.737342 -0.636364
v 0.090909 0.737342 -0.636364
v 0.272727 0.737342 -0.636364
v 0.454545 0.737342 -0.636364
v 0.636364 0.737342 -0.636364
v 0.818182 0.737342 -0.636364
v -0.818182 0.737342 -0.454545
v -0.636364 0.737342 -0.454545
v -0.454545 0.737342 -0.454545
v -0.272727 0.737342 -0.454545
v -0.090909 0.737342 -0.454545
v 0.090909 0.737342 -0.454545
v 0.272727 0.737342 -0.454545
v 0.454545 0.737342 -0.454545
v 0.636364 0.737342 -0.454545
v 0.818182 0.737342 -0.454545
v -0.818182 0.737342 -0.272727
v -0.636364 0.737342 -0.272727
v -0.454545 0.737342 -0.272727
v -0.272727 0.737342 -0.272727
v -0.090909 0.737342 -0.272727
v 0.090909 0.737342 -0.272727
v 0.272727 0.737342 -0.272727
v 0.454545 0.737342 -0.272727
v 0.636364 0.737342 -0.272727
v 0.818182 0.737342 -0.272727
v -0.818182 0.737342 -0.090909
v -0.636364 0.737342 -0.090909
v -0.454545 0.737342 -0.090909
v -0.272727 0.737342 -0.090909
v -0.090909 0.737342 -0.090909
v 0.090909 0.737342 -0.090909
v 0.272727 0.737342 -0.090909
v 0.454545 0.737342 -0.090909
v 0.636364 0.737342 -0.090909
v 0.818182 0.737342 -0.090909
v -0.818182 0.737342 0.090909
v -0.636364 0.737342 0.090909
v -0.454545 0.737342 0.090909
v -0.272727 0.737342 0.090909
v -0.090909 0.737342 0.090909
v 0.090909 0.737342 0.090909
v 0.272727 0.737342 0.090909
v 0.454545 0.737342 0.090909
v 0.636364 0.737342 0.090909
v 0.818182 0.737342 0.090909
v -0.818182 0.737342 0.272727
v -0.636364 0.737342 0.272727
v -0.454545 0.737342 0.272727
v -0.272727 0.737342 0.272727
v -0.090909 0.737342 0.272727
v 0.090909 0.737342 0.272727
v 0.272727 0.737342 0.272727
v 0.454545 0.737342 0.272727
v 0.636364 0.737342 0.272727
v 0.818182 0.737342 0.272727
v -0.818182 0.737342 0.454545
v -0.636364 0.737342 0.454545
v -0.454545 0.737342 0.454545
v -0.272727 0.737342 0.454545
v -0.090909 0.737342 0.454545
v 0.090909 0.737342 0.454545
v 0.272727 0.737342 0.454545
v 0.454545 0.737342 0.454545
v 0.636364 0.737342 0.454545
v 0.818182 0.737342 0.454545
v -0.818182 0.737342 0.636364
v -0.636364 0.737342 0.636364
v -0.454545 0.737342 0.636364
v -0.272727 0.737342 0.636364
v -0.090909 0.737342 0.636364
v 0.090909 0.737342 0.636364
v 0.272727 0.737342 0.636364
v 0.454545 0.737342 0.636364
v 0.636364 0.737342 0.636364
v 0.818182 0.737342 0.636364
v -0.818182 0.737342 0.818182
v -0.636364 0.737342 0.818182
v -0.454545 0.737342 0.818182
v -0.272727 0.737342 0.818182
v -0.090909 0.737342 0.818182
v 0.090909 0.737342 0.818182
v 0.272727 0.737342 0.818182
v 0.454545 0.737342 0.818182
v 0.636364 0.737342 0.818182
v 0.818182 0.737342 0.818182
v 0.454545 0.737342 0.090909
v 0.636364 0.737342 0.090909
v 0.272727 0.737342 0.272727
v 0.454545 0.737342 0.272727
v 0.636364 0.737342 0.272727
v 0.818182 0.737342 0.272727
v 0.272727 0.737342 0.454545
v 0.454545 0.737342 0.454545
v 0.636364 0.737342 0.454545
v 0.818182 0.737342 0.454545
v 0.454545 0.737342 0.636364
v 0.636364 0.737342 0.636364
v 0.818182 0.737342 0.636364
v 0.636364 0.737342 0.818182
v 0.818182 0.737342 0.818182
v -0.818182 0.710429 -0.818182
v -0.636364 0.710429 -0.818182
v -0.454545 0.710429 -0.818182
v -0.272727 0.710429 -0.818182
v -0.090909 0.710429 -0.818182
v 0.090909 0.710429 -0.818182
v 0.272727 0.710429 -0.818182
v 0.454545 0.710429 -0.818182
v 0.636364 0.710429 -0.818182
v 0.818182 0.710429 -0.818182
v -0.818182 0.710429 -0.636364
v -0.636364 0.710429 -0.636364
v -0.454545 0.710429 -0.636364
v -0.272727 0.710429 -0.636364
v -0.090909 0.710429 -0.636364
v 0.090909 0.710429 -0.636364
v 0.272727 0.710429 -0.636364
v 0.454545 0.710429 -0.636364
v 0.636364 0.710429 -0.636364
v 0.818182 0.710429 -0.636364
v -0.818182 0.710429 -0.454545
v -0.636364 0.710429 -0.454545
v -0.454545 0.710429 -0.454545
v -0.272727 0.710429 -0.454545
v -0.090909 0.710429 -0.454545
v 0.090909 0.710429 -0.454545
v 0.272727 0.710429 -0.454545
v 0.454545 0.710429 -0.454545
v 0.636364 0.710429 -0.454545
v 0.818182 0.710429 -0.454545
v -0.818182 0.710429 -0.272727
v -0.636364 0.710429 -0.272727
v -0.454545 0.710429 -0.272727
v -0.272727 0.710429 -0.272727
v -0.090909 0.710429 -0.272727
v 0.090909 0.710429 -0.272727
v 0.272727 0.710429 -0.272727
v 0.454545 0.710429 -0.272727
v 0.636364 0.710429 -0.272727
v 0.818182 0.710429 -0.272727
v -0.818182 0.710429 -0.090909
v -0.636364 0.710429 -0.090909
v -0.454545 0.710429 -0.090909
v -0.272727 0.710429 -0.090909
v -0.090909 0.710429 -0.090909
v 0.090909 0.710429 -0.090909
v 0.272727 0.710429 -0.090909
v 0.454545 0.710429 -0.090909
v 0.636364 0.710429 -0.090909
v 0.818182 0.710429 -0.090909
v -0.818182 0.710429 0.090909
v -0.636364 0.710429 0.090909
v -0.454545 0.710429 0.090909
v -0.272727 0.710429 0.090909
v -0.090909 0.710429 0.090909
v 0.090909 0.710429 0.090909
v 0.272727 0.710429 0.090909
v 0.454545 0.710429 0.090909
v 0.636364 0.710429 0.090909
v 0.818182 0.710429 0.090909
v -0.818182 0.710429 0.272727
v -0.636364 0.710429 0.272727
v -0.454545 0.710429 0.272727
v -0.272727 0.710429 0.272727
v -0.090909 0.710429 0.272727
v 0.090909 0.710429 0.272727
v 0.272727 0.710429 0.272727
v -0.818182 0.710429 0.454545
v -0.636364 0.710429 0.454545
v -0.454545 0.710429 0.454545
v -0.272727 0.710429 0.454545
v -0.090909 0.710429 0.454545
v 0.090909 0.710429 0.454545
v 0.272727 0.710429 0.454545
v -0.818182 0.710429 0.636364
v -0.636364 0.710429 0.636364
v -0.454545 0.710429 0.636364
v -0.272727 0.710429 0.636364
v -0.090909 0.710429 0.636364
v 0.090909 0.710429 0.636364
v 0.272727 0.710429 0.636364
v 0.454545 0.710429 0.636364
v -0.818182 0.710429 0.818182
v -0.636364 0.710429 0.818182
v -0.454545 0.710429 0.818182
v -0.272727 0.710429 0.818182
v -0.090909 0.710429 0.818182
v 0.090909 0.710429 0.818182
v 0.272727 0.710429 0.818182
v 0.454545 0.710429 0.818182
v 0.454545 0.710429 0.090909
v 0.636364 0.710429 0.090909
v 0.272727 0.710429 0.272727
v 0.454545 0.710429 0.272727
v 0.636364 0.710429 0.272727
v 0.818182 0.710429 0.272727
v 0.272727 0.710429 0.454545
v 0.454545 0.710429 0.454545
v 0.636364 0.710429 0.454545
v 0.818182 0.710429 0.454545
v 0.454545 0.710429 0.636364
v 0.636364 0.710429 0.636364
v 0.818182 0.710429 0.636364
v 0.636364 0.710429 0.818182
v 0.818182 0.710429 0.818182
v 1.000000 0.774081 0.818182
v 1.000000 0.774081 1.000000
v 0.818182 0.774081 -1.000000
v 1.000000 0.774081 -1.000000
v -1.000000 0.774081 -0.818182
v -1.000000 0.774081 -1.000000
v -0.818182 0.774081 1.000000
v -1.000000 0.774081 1.000000
v 1.000000 0.774081 -0.818182
v 1.000000 0.774081 -0.636364
v 1.000000 0.774081 -0.454545
v 1.000000 0.774081 -0.272727
v 1.000000 0.774081 -0.090909
v 1.000000 0.774081 0.090909
v 1.000000 0.774081 0.272727
v 1.000000 0.774081 0.454545
v 1.000000 0.774081 0.636364
v -1.000000 0.774081 0.818182
v -1.000000 0.774081 0.636364
v -1.000000 0.774081 0.454545
v -1.000000 0.774081 0.272727
v -1.000000 0.774081 0.090909
v -1.000000 0.774081 -0.090909
v -1.000000 0.774081 -0.272727
v -1.000000 0.774081 -0.454545
v -1.000000 0.774081 -0.636364
v 0.818182 0.774081 -0.818182
v 0.818182 0.774081 -0.636364
v 0.818182 0.774081 -0.454545
v 0.818182 0.774081 -0.272727
v 0.818182 0.774081 -0.090909
v 0.818182 0.774081 0.090909
v 0.818182 0.774081 0.272727
v 0.818182 0.774081 0.454545
v 0.818182 0.774081 0.636364
v 0.818182 0.774081 0.818182
v -0.818182 0.774081 -1.000000
v -0.636364 0.774081 -1.000000
v -0.454545 0.774081 -1.000000
v -0.272727 0.774081 -1.000000
v -0.090909 0.774081 -1.000000
v 0.090909 0.774081 -1.000000
v 0.272727 0.774081 -1.000000
v 0.454545 0.774081 -1.000000
v 0.636364 0.774081 -1.000000
v 0.818182 0.774081 1.000000
v 0.636364 0.774081 1.000000
v 0.454545 0.774081 1.000000
v 0.272727 0.774081 1.000000
v 0.090909 0.774081 1.000000
v -0.090909 0.774081 1.000000
v -0.272727 0.774081 1.000000
v -0.454545 0.774081 1.000000
v -0.636364 0.774081 1.000000
v -0.818182 0.774081 -0.818182
v -0.636364 0.774081 -0.818182
v -0.454545 0.774081 -0.818182
v -0.272727 0.774081 -0.818182
v -0.090909 0.774081 -0.818182
v 0.090909 0.774081 -0.818182
v 0.272727 0.774081 -0.818182
v 0.454545 0.774081 -0.818182
v 0.636364 0.774081 -0.818182
v -0.818182 0.774081 -0.636364
v -0.818182 0.774081 -0.454545
v -0.818182 0.774081 -0.272727
v -0.818182 0.774081 -0.090909
v -0.818182 0.774081 0.090909
v -0.818182 0.774081 0.272727
v -0.818182 0.774081 0.454545
v -0.818182 0.774081 0.636364
v -0.818182 0.774081 0.818182
v -0.636364 0.774081 0.818182
v -0.454545 0.774081 0.818182
v -0.272727 0.774081 0.818182
v -0.090909 0.774081 0.818182
v 0.090909 0.774081 0.818182
v 0.272727 0.774081 0.818182
v 0.454545 0.774081 0.818182
v 0.636364 0.774081 0.818182
vn -0.0000 -0.0000 -1.0000
vn 1.0000 -0.0000 -0.0000
vn -1.0000 -0.0000 -0.0000
vn -0.0000 -0.0000 1.0000
vn -0.0000 -1.0000 -0.0000
vn -0.0000 1.0000 -0.0000
vt 0.637998 0.406153
vt 0.644391 0.410404
vt 0.637998 0.410404
vt 0.708320 0.406153
vt 0.714713 0.410404
vt 0.708320 0.410404
vt 0.503747 0.406153
vt 0.510139 0.406153
vt 0.567676 0.406153
vt 0.574069 0.410404
vt 0.567676 0.410404
vt 0.778643 0.406153
vt 0.785035 0.410404
vt 0.778642 0.410404
vt 0.714713 0.416797
vt 0.708320 0.416797
vt 0.650784 0.416797
vt 0.644391 0.416797
vt 0.650784 0.410404
vt 0.657177 0.416797
vt 0.657177 0.410404
vt 0.663570 0.416797
vt 0.663570 0.410404
vt 0.669963 0.416797
vt 0.676356 0.410404
vt 0.676356 0.416797
vt 0.682749 0.410404
vt 0.682749 0.416797
vt 0.689142 0.416797
vt 0.689142 0.410404
vt 0.695534 0.416797
vt 0.695534 0.410404
vt 0.701927 0.416797
vt 0.701927 0.410404
vt 0.510139 0.410404
vt 0.503747 0.410404
vt 0.516532 0.410404
vt 0.516532 0.406153
vt 0.522925 0.410404
vt 0.522925 0.406153
vt 0.529318 0.410404
vt 0.529318 0.406153
vt 0.535711 0.410404
vt 0.535711 0.406153
vt 0.542104 0.410404
vt 0.542104 0.406153
vt 0.548497 0.410404
vt 0.548497 0.406153
vt 0.554890 0.410404
vt 0.554890 0.406153
vt 0.561283 0.410404
vt 0.561283 0.406153
vt 0.625212 0.406153
vt 0.631605 0.406153
vt 0.689142 0.399760
vt 0.682748 0.399760
vt 0.701927 0.406153
vt 0.618819 0.406153
vt 0.689142 0.342224
vt 0.695534 0.342224
vt 0.695534 0.406153
vt 0.612426 0.406153
vt 0.689142 0.406153
vt 0.657177 0.399760
vt 0.650784 0.399760
vt 0.606033 0.406153
vt 0.644391 0.406153
vt 0.650784 0.406153
vt 0.657177 0.406153
vt 0.663570 0.406153
vt 0.669963 0.410404
vt 0.669963 0.406153
vt 0.676356 0.406153
vt 0.682748 0.406153
vt 0.708320 0.393367
vt 0.708320 0.399760
vt 0.701927 0.386974
vt 0.701927 0.393367
vt 0.657177 0.367795
vt 0.650784 0.367795
vt 0.701927 0.374188
vt 0.708320 0.380581
vt 0.701927 0.380581
vt 0.701927 0.355010
vt 0.701927 0.348617
vt 0.701927 0.361402
vt 0.708320 0.367795
vt 0.701927 0.367795
vt 0.682748 0.380581
vt 0.689142 0.380581
vt 0.708320 0.355009
vt 0.650784 0.374188
vt 0.657177 0.374188
vt 0.657177 0.342224
vt 0.663570 0.342224
vt 0.695534 0.393367
vt 0.701927 0.399760
vt 0.695534 0.399760
vt 0.689142 0.393367
vt 0.695534 0.380581
vt 0.695534 0.386974
vt 0.701927 0.342224
vt 0.695534 0.367795
vt 0.695534 0.374188
vt 0.663570 0.393367
vt 0.663570 0.399760
vt 0.695534 0.355010
vt 0.695534 0.361402
vt 0.657177 0.380581
vt 0.650784 0.380581
vt 0.695534 0.348617
vt 0.689142 0.386974
vt 0.689142 0.374188
vt 0.663570 0.386974
vt 0.689142 0.361403
vt 0.689142 0.367795
vt 0.650784 0.386974
vt 0.657177 0.386974
vt 0.689142 0.348617
vt 0.689142 0.355010
vt 0.663570 0.380581
vt 0.599640 0.406153
vt 0.682748 0.393367
vt 0.682749 0.386974
vt 0.657177 0.393367
vt 0.650784 0.393367
vt 0.682749 0.367795
vt 0.682748 0.374188
vt 0.682749 0.355010
vt 0.682749 0.361403
vt 0.663570 0.374188
vt 0.682748 0.348617
vt 0.676356 0.386974
vt 0.676356 0.393367
vt 0.676356 0.374188
vt 0.676356 0.380581
vt 0.663570 0.367795
vt 0.676356 0.367795
vt 0.676356 0.348617
vt 0.676356 0.355010
vt 0.669963 0.393367
vt 0.676356 0.399760
vt 0.669963 0.399760
vt 0.663570 0.361402
vt 0.669963 0.380581
vt 0.669963 0.386974
vt 0.663570 0.348617
vt 0.657177 0.348617
vt 0.669963 0.374188
vt 0.669963 0.355010
vt 0.676356 0.361403
vt 0.669963 0.361402
vt 0.669963 0.342224
vt 0.669963 0.348617
vt 0.593248 0.406153
vt 0.663570 0.355010
vt 0.657177 0.355010
vt 0.669963 0.367795
vt 0.657177 0.361402
vt 0.708320 0.386974
vt 0.650784 0.361402
vt 0.650784 0.348617
vt 0.650784 0.355010
vt 0.586855 0.406153
vt 0.580462 0.406153
vt 0.676356 0.342224
vt 0.682749 0.342224
vt 0.708320 0.374188
vt 0.574069 0.406153
vt 0.701927 0.474333
vt 0.708320 0.480726
vt 0.701927 0.480726
vt 0.701927 0.467940
vt 0.708320 0.474333
vt 0.701927 0.461547
vt 0.708320 0.467940
vt 0.701927 0.455155
vt 0.708320 0.461547
vt 0.701927 0.448762
vt 0.708320 0.455155
vt 0.701927 0.442369
vt 0.708320 0.448762
vt 0.701927 0.435976
vt 0.708320 0.442369
vt 0.701927 0.429583
vt 0.708320 0.435976
vt 0.701927 0.423190
vt 0.708320 0.429583
vt 0.708320 0.423190
vt 0.695534 0.474333
vt 0.695534 0.480726
vt 0.695534 0.467940
vt 0.695534 0.461547
vt 0.695534 0.455155
vt 0.695534 0.448762
vt 0.695534 0.442369
vt 0.695534 0.435976
vt 0.695534 0.429583
vt 0.695534 0.423190
vt 0.689141 0.480726
vt 0.689141 0.467940
vt 0.689141 0.474333
vt 0.689141 0.461547
vt 0.689141 0.455155
vt 0.689141 0.448762
vt 0.689141 0.442369
vt 0.689141 0.435976
vt 0.689141 0.429583
vt 0.689141 0.423190
vt 0.682748 0.474333
vt 0.682748 0.480726
vt 0.682748 0.467940
vt 0.682749 0.461548
vt 0.682748 0.455155
vt 0.682748 0.448762
vt 0.682749 0.442369
vt 0.682749 0.435976
vt 0.682749 0.429583
vt 0.682748 0.423190
vt 0.676356 0.474333
vt 0.676356 0.480726
vt 0.676356 0.461548
vt 0.676356 0.467940
vt 0.676356 0.455155
vt 0.676356 0.448762
vt 0.676356 0.442369
vt 0.676356 0.429583
vt 0.676356 0.435976
vt 0.676356 0.423190
vt 0.669963 0.474333
vt 0.669963 0.480726
vt 0.669963 0.467940
vt 0.669963 0.455155
vt 0.669963 0.461547
vt 0.669963 0.448762
vt 0.669963 0.435976
vt 0.669963 0.442369
vt 0.669963 0.429583
vt 0.669963 0.423190
vt 0.663570 0.474333
vt 0.663570 0.480726
vt 0.663570 0.461547
vt 0.663570 0.467940
vt 0.663570 0.455155
vt 0.663570 0.448762
vt 0.663570 0.442369
vt 0.663570 0.435976
vt 0.663570 0.429583
vt 0.663570 0.423190
vt 0.657177 0.474333
vt 0.657177 0.480726
vt 0.657177 0.461547
vt 0.657177 0.467940
vt 0.657177 0.455155
vt 0.657177 0.448762
vt 0.657177 0.442369
vt 0.657177 0.435976
vt 0.657177 0.429583
vt 0.657177 0.423190
vt 0.650784 0.474333
vt 0.650784 0.480726
vt 0.650784 0.467940
vt 0.650784 0.461547
vt 0.650784 0.455155
vt 0.650784 0.448762
vt 0.650784 0.442369
vt 0.650784 0.435976
vt 0.650784 0.429583
vt 0.650784 0.423190
vt 0.644391 0.474333
vt 0.644391 0.480726
vt 0.644391 0.467940
vt 0.644391 0.461547
vt 0.644391 0.455155
vt 0.644391 0.448762
vt 0.644391 0.442369
vt 0.644391 0.435976
vt 0.644391 0.429583
vt 0.644391 0.423190
vt 0.714713 0.480726
vt 0.714713 0.474333
vt 0.714713 0.467940
vt 0.714713 0.461547
vt 0.714713 0.455154
vt 0.714713 0.448762
vt 0.714713 0.442369
vt 0.714713 0.435976
vt 0.714713 0.429583
vt 0.714713 0.423190
vt 0.714713 0.406153
vt 0.721106 0.410404
vt 0.721106 0.406153
vt 0.727499 0.410404
vt 0.727499 0.406153
vt 0.733892 0.410404
vt 0.733892 0.406153
vt 0.740285 0.410404
vt 0.740285 0.406153
vt 0.746678 0.410404
vt 0.746678 0.406153
vt 0.753071 0.410404
vt 0.753071 0.406153
vt 0.759464 0.410404
vt 0.759464 0.406153
vt 0.765857 0.410404
vt 0.765857 0.406153
vt 0.772250 0.410404
vt 0.772250 0.406153
vt 0.708320 0.361402
vt 0.708320 0.348617
vt 0.708320 0.342224
vt 0.580462 0.410404
vt 0.586855 0.410404
vt 0.593247 0.410404
vt 0.599640 0.410404
vt 0.606033 0.410404
vt 0.612426 0.410404
vt 0.618819 0.410404
vt 0.625212 0.410404
vt 0.631605 0.410404
vt 0.650784 0.342224
vt 0.708320 0.335831
vt 0.714713 0.342224
vt 0.644391 0.335831
vt 0.644391 0.342224
vt 0.650784 0.335831
vt 0.657177 0.335831
vt 0.663570 0.335831
vt 0.676356 0.335831
vt 0.682749 0.335831
vt 0.689142 0.335831
vt 0.695534 0.335831
vt 0.701927 0.335831
vt 0.644391 0.399760
vt 0.644391 0.393367
vt 0.644391 0.386974
vt 0.644391 0.380581
vt 0.644391 0.374188
vt 0.644391 0.367795
vt 0.644391 0.361402
vt 0.644391 0.355010
vt 0.644391 0.348617
vt 0.714713 0.399760
vt 0.714713 0.393367
vt 0.714713 0.386974
vt 0.714713 0.380581
vt 0.714713 0.374188
vt 0.714713 0.367795
vt 0.714713 0.361403
vt 0.714713 0.355010
vt 0.714713 0.348617
vt 0.785035 0.406153
vt 0.714713 0.335831
vt 0.669963 0.335831
s 1
usemtl マテリアル
f 122/131/40 66/132/40 143/133/40
f 82/134/41 72/135/41 103/136/41
f 70/137/42 490/138/42 83/138/42
f 92/139/42 69/140/42 93/141/42
f 132/142/43 71/143/43 133/144/43
f 103/136/44 142/145/44 243/146/44
f 66/132/44 153/147/44 143/148/44
f 112/149/44 163/150/44 153/147/44
f 111/151/44 173/152/44 163/150/44
f 110/153/44 183/154/44 173/152/44
f 183/154/44 108/155/44 193/156/44
f 193/156/44 107/157/44 203/158/44
f 107/157/44 213/159/44 203/158/44
f 106/160/44 223/161/44 213/159/44
f 105/162/44 233/163/44 223/161/44
f 104/164/44 243/146/44 233/163/44
f 70/137/42 102/165/42 71/166/42
f 83/138/42 101/167/42 102/165/42
f 84/168/42 100/169/42 101/167/42
f 85/170/42 99/171/42 100/169/42
f 86/172/42 98/173/42 99/171/42
f 87/174/42 97/175/42 98/173/42
f 88/176/42 96/177/42 97/175/42
f 89/178/42 95/179/42 96/177/42
f 90/180/42 94/181/42 95/179/42
f 91/182/42 93/141/42 94/181/42
f 120/183/40 517/184/40 121/184/40
f 322/185/42 504/186/42 312/186/42
f 81/187/41 473/134/41 82/134/41
f 119/188/40 516/183/40 120/183/40
f 313/189/41 542/190/41 323/190/41
f 80/191/41 489/187/41 81/187/41
f 118/192/40 515/188/40 119/188/40
f 79/193/41 488/191/41 80/191/41
f 272/194/42 499/195/42 262/195/42
f 117/196/40 514/192/40 118/192/40
f 65/197/41 112/149/41 66/132/41
f 73/198/41 111/151/41 112/149/41
f 74/199/41 110/153/41 111/151/41
f 75/200/41 109/201/41 110/153/41
f 76/202/41 108/155/41 109/201/41
f 77/203/41 107/157/41 108/155/41
f 78/204/41 106/160/41 107/157/41
f 79/193/41 105/162/41 106/160/41
f 80/191/41 104/164/41 105/162/41
f 81/187/41 103/136/41 104/164/41
f 78/204/41 487/193/41 79/193/41
f 351/205/45 367/206/45 366/205/45
f 340/207/45 351/205/45 341/208/45
f 267/209/41 372/210/41 257/210/41
f 338/211/45 349/212/45 339/213/45
f 335/214/40 443/215/40 334/215/40
f 336/216/45 347/217/45 337/218/45
f 309/219/42 434/220/42 319/220/42
f 334/215/45 345/221/45 335/214/45
f 258/222/42 383/223/42 268/223/42
f 263/224/41 537/225/41 273/225/41
f 331/226/45 342/227/45 332/228/45
f 321/229/45 361/226/45 357/229/45
f 329/230/45 340/207/45 330/231/45
f 333/232/43 443/215/43 334/215/43
f 327/233/45 338/211/45 328/234/45
f 281/235/43 397/236/43 282/236/43
f 325/237/45 336/216/45 326/238/45
f 269/239/41 374/240/41 259/240/41
f 323/190/45 334/215/45 324/241/45
f 352/206/42 507/227/42 342/227/42
f 322/185/45 357/229/45 358/185/45
f 320/242/45 331/226/45 321/229/45
f 332/228/45 358/185/45 362/228/45
f 318/243/45 329/230/45 319/220/45
f 281/235/40 395/244/40 280/244/40
f 316/245/45 327/233/45 317/246/45
f 260/247/42 385/248/42 270/248/42
f 314/249/45 325/237/45 315/250/45
f 279/251/43 395/244/43 280/244/43
f 116/252/40 513/196/40 117/196/40
f 311/253/45 322/185/45 312/186/45
f 320/242/45 357/229/45 356/242/45
f 309/219/45 320/242/45 310/254/45
f 271/255/41 376/256/41 261/256/41
f 307/257/45 318/243/45 308/258/45
f 323/190/41 428/189/41 313/189/41
f 305/259/45 316/245/45 306/260/45
f 279/251/40 393/261/40 278/261/40
f 304/262/45 313/189/45 314/249/45
f 77/203/41 486/204/41 78/204/41
f 262/195/42 387/194/42 272/194/42
f 300/263/45 311/253/45 301/264/45
f 314/249/42 436/241/42 324/241/42
f 298/265/45 309/219/45 299/266/45
f 277/267/43 393/261/43 278/261/43
f 297/268/45 306/260/45 307/257/45
f 328/234/43 441/230/43 329/230/43
f 294/269/45 305/259/45 295/270/45
f 325/237/41 430/250/41 315/250/41
f 351/205/40 508/206/40 352/206/40
f 291/271/45 302/272/45 292/273/45
f 277/267/40 391/274/40 276/274/40
f 289/275/45 300/263/45 290/276/45
f 274/277/41 379/278/41 264/278/41
f 288/279/45 297/268/45 298/265/45
f 328/234/40 439/233/40 327/233/40
f 285/280/45 296/281/45 286/282/45
f 316/245/42 438/238/42 326/238/42
f 283/283/45 294/269/45 284/284/45
f 115/285/40 512/252/40 116/252/40
f 275/286/43 391/274/43 276/274/43
f 280/244/45 291/271/45 281/235/45
f 265/287/42 390/286/42 275/286/42
f 278/261/45 289/275/45 279/251/45
f 326/238/43 439/233/43 327/233/43
f 276/274/45 287/288/45 277/267/45
f 327/233/41 432/246/41 317/246/41
f 274/277/45 285/280/45 275/286/45
f 275/286/40 389/277/40 274/277/40
f 76/202/41 485/203/41 77/203/41
f 272/194/45 281/235/45 282/236/45
f 276/274/41 381/289/41 266/289/41
f 269/239/45 280/244/45 270/248/45
f 326/238/40 437/237/40 325/237/40
f 267/209/45 278/261/45 268/223/45
f 318/243/42 440/234/42 328/234/42
f 265/287/45 276/274/45 266/289/45
f 273/225/43 389/277/43 274/277/43
f 263/224/45 274/277/45 264/278/45
f 350/290/40 552/205/40 351/205/40
f 267/209/42 392/267/42 277/267/42
f 260/247/45 271/255/45 261/256/45
f 324/241/43 437/237/43 325/237/43
f 258/222/45 269/239/45 259/240/45
f 278/261/41 383/223/41 268/223/41
f 256/291/45 267/209/45 257/210/45
f 324/241/40 435/190/40 323/190/40
f 254/292/45 265/287/45 255/293/45
f 272/194/40 386/255/40 271/255/40
f 114/294/40 511/285/40 115/285/40
f 302/272/42 502/273/42 292/273/42
f 75/200/41 484/202/41 76/202/41
f 349/212/40 551/290/40 350/290/40
f 113/295/40 510/294/40 114/294/40
f 293/296/41 540/297/41 303/297/41
f 74/199/41 483/200/41 75/200/41
f 348/298/40 550/212/40 349/212/40
f 68/299/40 509/295/40 113/295/40
f 73/198/41 482/199/41 74/199/41
f 242/300/44 102/301/44 101/302/44
f 241/303/44 252/304/44 242/300/44
f 240/305/44 251/306/44 241/303/44
f 239/307/44 250/308/44 240/305/44
f 238/309/44 249/310/44 239/307/44
f 237/311/44 248/312/44 238/309/44
f 236/313/44 247/314/44 237/311/44
f 235/315/44 246/316/44 236/313/44
f 234/317/44 245/318/44 235/315/44
f 233/163/44 244/319/44 234/317/44
f 232/320/44 101/302/44 100/321/44
f 231/322/44 242/300/44 232/320/44
f 230/323/44 241/303/44 231/322/44
f 229/324/44 240/305/44 230/323/44
f 228/325/44 239/307/44 229/324/44
f 227/326/44 238/309/44 228/325/44
f 226/327/44 237/311/44 227/326/44
f 225/328/44 236/313/44 226/327/44
f 224/329/44 235/315/44 225/328/44
f 223/161/44 234/317/44 224/329/44
f 99/330/44 232/320/44 100/321/44
f 221/331/44 232/320/44 222/332/44
f 220/333/44 231/322/44 221/331/44
f 219/334/44 230/323/44 220/333/44
f 218/335/44 229/324/44 219/334/44
f 217/336/44 228/325/44 218/335/44
f 216/337/44 227/326/44 217/336/44
f 215/338/44 226/327/44 216/337/44
f 214/339/44 225/328/44 215/338/44
f 213/159/44 224/329/44 214/339/44
f 212/340/44 99/330/44 98/341/44
f 211/342/44 222/332/44 212/340/44
f 210/343/44 221/331/44 211/342/44
f 209/344/44 220/333/44 210/343/44
f 208/345/44 219/334/44 209/344/44
f 207/346/44 218/335/44 208/345/44
f 206/347/44 217/336/44 207/346/44
f 205/348/44 216/337/44 206/347/44
f 204/349/44 215/338/44 205/348/44
f 204/349/44 213/159/44 214/339/44
f 202/350/44 98/341/44 97/351/44
f 202/350/44 211/342/44 212/340/44
f 200/352/44 211/342/44 201/353/44
f 199/354/44 210/343/44 200/352/44
f 198/355/44 209/344/44 199/354/44
f 197/356/44 208/345/44 198/355/44
f 197/356/44 206/347/44 207/346/44
f 195/357/44 206/347/44 196/358/44
f 194/359/44 205/348/44 195/357/44
f 194/359/44 203/158/44 204/349/44
f 192/360/44 97/351/44 96/361/44
f 191/362/44 202/350/44 192/360/44
f 191/362/44 200/352/44 201/353/44
f 189/363/44 200/352/44 190/364/44
f 188/365/44 199/354/44 189/363/44
f 188/365/44 197/356/44 198/355/44
f 186/366/44 197/356/44 187/367/44
f 185/368/44 196/358/44 186/366/44
f 184/369/44 195/357/44 185/368/44
f 183/154/44 194/359/44 184/369/44
f 182/370/44 96/361/44 95/371/44
f 182/370/44 191/362/44 192/360/44
f 180/372/44 191/362/44 181/373/44
f 179/374/44 190/364/44 180/372/44
f 178/375/44 189/363/44 179/374/44
f 177/376/44 188/365/44 178/375/44
f 176/377/44 187/367/44 177/376/44
f 175/378/44 186/366/44 176/377/44
f 174/379/44 185/368/44 175/378/44
f 173/152/44 184/369/44 174/379/44
f 172/380/44 95/371/44 94/381/44
f 172/380/44 181/373/44 182/370/44
f 170/382/44 181/373/44 171/383/44
f 169/384/44 180/372/44 170/382/44
f 168/385/44 179/374/44 169/384/44
f 167/386/44 178/375/44 168/385/44
f 166/387/44 177/376/44 167/386/44
f 165/388/44 176/377/44 166/387/44
f 164/389/44 175/378/44 165/388/44
f 163/150/44 174/379/44 164/389/44
f 162/390/44 94/381/44 93/391/44
f 161/392/44 172/380/44 162/390/44
f 160/393/44 171/383/44 161/392/44
f 159/394/44 170/382/44 160/393/44
f 158/395/44 169/384/44 159/394/44
f 157/396/44 168/385/44 158/395/44
f 156/397/44 167/386/44 157/396/44
f 155/398/44 166/387/44 156/397/44
f 154/399/44 165/388/44 155/398/44
f 153/147/44 164/389/44 154/399/44
f 152/400/44 93/391/44 69/401/44
f 151/402/44 162/390/44 152/400/44
f 150/403/44 161/392/44 151/402/44
f 149/404/44 160/393/44 150/403/44
f 148/405/44 159/394/44 149/404/44
f 147/406/44 158/395/44 148/405/44
f 146/407/44 157/396/44 147/406/44
f 145/408/44 156/397/44 146/407/44
f 144/409/44 155/398/44 145/408/44
f 143/148/44 154/399/44 144/409/44
f 252/304/44 71/410/44 102/301/44
f 251/306/44 133/411/44 252/304/44
f 250/308/44 134/412/44 251/306/44
f 249/310/44 135/413/44 250/308/44
f 248/312/44 136/414/44 249/310/44
f 247/314/44 137/415/44 248/312/44
f 246/316/44 138/416/44 247/314/44
f 245/318/44 139/417/44 246/316/44
f 244/319/44 140/418/44 245/318/44
f 243/146/44 141/419/44 244/319/44
f 67/420/43 142/421/43 72/135/43
f 123/422/43 141/423/43 142/421/43
f 124/424/43 140/425/43 141/423/43
f 125/426/43 139/427/43 140/425/43
f 126/428/43 138/429/43 139/427/43
f 127/430/43 137/431/43 138/429/43
f 128/432/43 136/433/43 137/431/43
f 129/434/43 135/435/43 136/433/43
f 130/436/43 134/437/43 135/435/43
f 131/438/43 133/144/43 134/437/43
f 347/217/40 549/298/40 348/298/40
f 65/197/41 481/198/41 73/198/41
f 346/439/40 548/217/40 347/217/40
f 332/228/42 505/185/42 322/185/42
f 345/221/40 547/439/40 346/439/40
f 323/190/41 543/232/41 333/232/41
f 344/440/40 546/221/40 345/221/40
f 282/236/42 500/194/42 272/194/42
f 343/441/40 545/440/40 344/440/40
f 273/225/41 538/283/41 283/283/41
f 68/299/40 152/442/40 69/140/40
f 113/295/40 151/443/40 152/442/40
f 114/294/40 150/444/40 151/443/40
f 115/285/40 149/445/40 150/444/40
f 116/252/40 148/446/40 149/445/40
f 117/196/40 147/447/40 148/446/40
f 118/192/40 146/448/40 147/447/40
f 119/188/40 145/449/40 146/448/40
f 120/183/40 144/450/40 145/449/40
f 121/184/40 143/133/40 144/450/40
f 269/239/42 394/251/42 279/251/42
f 270/248/43 386/255/43 271/255/43
f 280/244/41 385/248/41 270/248/41
f 270/248/40 384/239/40 269/239/40
f 271/255/42 396/235/42 281/235/42
f 329/230/45 360/231/45 359/230/45
f 330/231/45 356/242/45 360/231/45
f 352/206/45 365/227/45 367/206/45
f 331/226/45 360/231/45 361/226/45
f 319/220/45 359/230/45 355/220/45
f 341/208/45 366/205/45 364/208/45
f 331/226/45 362/228/45 361/226/45
f 321/229/45 354/253/45 357/229/45
f 310/254/45 356/242/45 353/254/45
f 311/253/45 353/254/45 354/253/45
f 340/207/45 364/208/45 363/207/45
f 341/208/45 361/226/45 364/208/45
f 342/227/45 364/208/45 365/227/45
f 320/242/45 355/220/45 356/242/45
f 330/231/45 363/207/45 360/231/45
f 448/213/45 457/290/45 449/207/45
f 446/218/45 455/298/45 447/211/45
f 444/214/45 453/439/45 445/216/45
f 442/232/45 451/440/45 443/215/45
f 440/234/45 448/213/45 441/230/45
f 438/238/45 446/218/45 439/233/45
f 436/241/45 444/214/45 437/237/45
f 432/246/45 440/234/45 433/243/45
f 430/250/45 438/238/45 431/245/45
f 428/189/45 436/241/45 429/249/45
f 423/258/45 434/220/45 424/219/45
f 421/260/45 432/246/45 422/257/45
f 419/262/45 430/250/45 420/259/45
f 417/272/45 426/253/45 427/186/45
f 414/266/45 425/254/45 415/263/45
f 412/268/45 423/258/45 413/265/45
f 410/270/45 421/260/45 411/281/45
f 409/269/45 418/297/45 419/262/45
f 406/271/45 415/263/45 416/264/45
f 403/279/45 414/266/45 404/275/45
f 401/282/45 412/268/45 402/288/45
f 399/284/45 410/270/45 400/280/45
f 397/236/45 406/271/45 407/273/45
f 394/251/45 405/276/45 395/244/45
f 392/267/45 403/279/45 393/261/45
f 390/286/45 401/282/45 391/274/45
f 388/225/45 399/284/45 389/277/45
f 385/248/45 396/235/45 386/255/45
f 383/223/45 394/251/45 384/239/45
f 381/289/45 392/267/45 382/209/45
f 379/278/45 390/286/45 380/287/45
f 376/256/45 387/194/45 377/195/45
f 374/240/45 385/248/45 375/247/45
f 372/210/45 383/223/45 373/222/45
f 370/293/45 381/289/45 371/291/45
f 368/451/45 379/278/45 369/292/45
f 469/208/45 472/206/45 470/227/45
f 465/231/45 469/208/45 466/226/45
f 462/229/45 467/228/45 463/185/45
f 460/220/45 465/231/45 461/242/45
f 458/254/45 462/229/45 459/253/45
f 284/284/40 398/283/40 283/283/40
f 318/243/41 423/258/41 308/258/41
f 353/254/43 459/253/43 354/253/43
f 335/214/43 445/216/43 336/216/43
f 256/291/42 381/289/42 266/289/42
f 284/284/43 400/280/43 285/280/43
f 307/257/42 432/246/42 317/246/42
f 355/220/43 461/242/43 356/242/43
f 337/218/40 445/216/40 336/216/40
f 265/287/41 370/293/41 255/293/41
f 286/282/40 400/280/40 285/280/40
f 316/245/41 421/260/41 306/260/41
f 357/229/40 461/242/40 356/242/40
f 337/218/43 447/211/43 338/211/43
f 254/292/42 379/278/42 264/278/42
f 286/282/43 402/288/43 287/288/43
f 305/259/42 430/250/42 315/250/42
f 357/229/43 463/185/43 358/185/43
f 339/213/40 447/211/40 338/211/40
f 263/224/41 368/451/41 253/451/41
f 288/279/40 402/288/40 287/288/40
f 314/249/41 419/262/41 304/262/41
f 360/231/40 464/230/40 359/230/40
f 339/213/43 449/207/43 340/207/43
f 288/279/43 404/275/43 289/275/43
f 360/231/43 466/226/43 361/226/43
f 290/276/40 404/275/40 289/275/40
f 302/272/42 427/186/42 312/186/42
f 362/228/40 466/226/40 361/226/40
f 290/276/43 406/271/43 291/271/43
f 311/253/41 416/264/41 301/264/41
f 364/208/40 468/207/40 363/207/40
f 292/273/40 406/271/40 291/271/40
f 300/263/42 425/254/42 310/254/42
f 364/208/43 470/227/43 365/227/43
f 344/440/40 450/441/40 343/441/40
f 309/219/41 414/266/41 299/266/41
f 367/206/40 471/205/40 366/205/40
f 293/296/43 409/269/43 294/269/43
f 298/265/42 423/258/42 308/258/42
f 365/227/42 472/206/42 367/206/42
f 346/439/40 452/221/40 345/221/40
f 295/270/40 409/269/40 294/269/40
f 307/257/41 412/268/41 297/268/41
f 366/205/41 469/208/41 364/208/41
f 295/270/43 411/281/43 296/281/43
f 296/281/42 421/260/42 306/260/42
f 361/226/42 469/208/42 364/208/42
f 348/298/40 454/217/40 347/217/40
f 297/268/40 411/281/40 296/281/40
f 305/259/41 410/270/41 295/270/41
f 363/207/41 465/231/41 360/231/41
f 297/268/43 413/265/43 298/265/43
f 294/269/42 419/262/42 304/262/42
f 358/185/42 467/228/42 362/228/42
f 350/290/40 456/212/40 349/212/40
f 299/266/40 413/265/40 298/265/40
f 303/297/41 408/296/41 293/296/41
f 361/226/41 462/229/41 357/229/41
f 299/266/43 415/263/43 300/263/43
f 356/242/42 465/231/42 360/231/42
f 301/264/40 415/263/40 300/263/40
f 291/271/42 416/264/42 301/264/42
f 359/230/41 460/220/41 355/220/41
f 301/264/43 417/272/43 302/272/43
f 300/263/41 405/276/41 290/276/41
f 354/253/42 462/229/42 357/229/42
f 289/275/42 414/266/42 299/266/42
f 356/242/41 458/254/41 353/254/41
f 340/207/42 457/290/42 350/290/42
f 304/262/40 418/297/40 303/297/40
f 298/265/41 403/279/41 288/279/41
f 349/212/41 448/213/41 339/213/41
f 304/262/43 420/259/43 305/259/43
f 287/288/42 412/268/42 297/268/42
f 253/451/43 369/292/43 254/292/43
f 338/211/42 455/298/42 348/298/42
f 306/260/40 420/259/40 305/259/40
f 296/281/41 401/282/41 286/282/41
f 347/217/41 446/218/41 337/218/41
f 306/260/43 422/257/43 307/257/43
f 285/280/42 410/270/42 295/270/42
f 255/293/43 371/291/43 256/291/43
f 336/216/42 453/439/42 346/439/42
f 308/258/40 422/257/40 307/257/40
f 294/269/41 399/284/41 284/284/41
f 345/221/41 444/214/41 335/214/41
f 308/258/43 424/219/43 309/219/43
f 257/210/43 373/222/43 258/222/43
f 334/215/42 451/440/42 344/440/42
f 310/254/40 424/219/40 309/219/40
f 282/236/42 407/273/42 292/273/42
f 343/441/41 442/232/41 333/232/41
f 291/271/41 396/235/41 281/235/41
f 259/240/43 375/247/43 260/247/43
f 312/186/40 426/253/40 311/253/40
f 280/244/42 405/276/42 290/276/42
f 289/275/41 394/251/41 279/251/41
f 261/256/43 377/195/43 262/195/43
f 313/189/43 429/249/43 314/249/43
f 278/261/42 403/279/42 288/279/42
f 329/230/42 448/213/42 339/213/42
f 315/250/40 429/249/40 314/249/40
f 287/288/41 392/267/41 277/267/41
f 264/278/40 378/224/40 263/224/40
f 338/211/41 440/234/41 328/234/41
f 315/250/43 431/245/43 316/245/43
f 276/274/42 401/282/42 286/282/42
f 264/278/43 380/287/43 265/287/43
f 327/233/42 446/218/42 337/218/42
f 317/246/40 431/245/40 316/245/40
f 285/280/41 390/286/41 275/286/41
f 266/289/40 380/287/40 265/287/40
f 336/216/41 438/238/41 326/238/41
f 317/246/43 433/243/43 318/243/43
f 274/277/42 399/284/42 284/284/42
f 266/289/43 382/209/43 267/209/43
f 325/237/42 444/214/42 335/214/42
f 319/220/40 433/243/40 318/243/40
f 283/283/41 388/225/41 273/225/41
f 268/223/40 382/209/40 267/209/40
f 334/215/41 436/241/41 324/241/41
f 268/223/43 384/239/43 269/239/43
f 490/452/45 479/453/45 544/441/45
f 478/454/45 527/451/45 509/455/45
f 477/456/45 536/224/45 527/451/45
f 498/457/45 537/225/45 536/224/45
f 497/458/45 538/283/45 537/225/45
f 538/283/45 495/459/45 539/296/45
f 539/296/45 494/460/45 540/297/45
f 494/460/45 541/189/45 540/297/45
f 493/461/45 542/190/45 541/189/45
f 492/462/45 543/232/45 542/190/45
f 491/463/45 544/441/45 543/232/45
f 507/227/45 473/134/45 489/187/45
f 506/228/45 489/187/45 488/191/45
f 487/193/45 506/228/45 488/191/45
f 504/186/45 487/193/45 486/204/45
f 503/272/45 486/204/45 485/203/45
f 502/273/45 485/203/45 484/202/45
f 501/236/45 484/202/45 483/200/45
f 500/194/45 483/200/45 482/199/45
f 499/195/45 482/199/45 481/198/45
f 475/464/45 481/198/45 476/197/45
f 517/465/45 499/195/45 475/464/45
f 516/466/45 535/256/45 517/465/45
f 515/467/45 534/247/45 516/466/45
f 514/468/45 533/240/45 515/467/45
f 513/469/45 532/222/45 514/468/45
f 512/470/45 531/210/45 513/469/45
f 511/471/45 530/291/45 512/470/45
f 510/472/45 529/293/45 511/471/45
f 509/455/45 528/292/45 510/472/45
f 508/206/45 474/420/45 473/134/45
f 552/205/45 518/473/45 508/206/45
f 551/290/45 519/474/45 552/205/45
f 550/212/45 520/475/45 551/290/45
f 549/298/45 521/476/45 550/212/45
f 548/217/45 522/477/45 549/298/45
f 547/439/45 523/478/45 548/217/45
f 546/221/45 524/479/45 547/439/45
f 545/440/45 525/480/45 546/221/45
f 544/441/45 526/481/45 545/440/45
f 121/184/40 475/131/40 122/131/40
f 83/138/42 491/168/42 84/168/42
f 67/420/43 518/422/43 123/422/43
f 254/292/43 527/451/43 253/451/43
f 84/168/42 492/170/42 85/170/42
f 283/283/41 539/296/41 293/296/41
f 255/293/43 528/292/43 254/292/43
f 123/422/43 519/424/43 124/424/43
f 85/170/42 493/172/42 86/172/42
f 292/273/42 501/236/42 282/236/42
f 256/291/43 529/293/43 255/293/43
f 124/424/43 520/426/43 125/426/43
f 86/172/42 494/174/42 87/174/42
f 257/210/43 530/291/43 256/291/43
f 125/426/43 521/428/43 126/428/43
f 333/232/41 544/441/41 343/441/41
f 87/174/42 495/176/42 88/176/42
f 82/134/41 474/420/41 67/420/41
f 126/428/43 522/430/43 127/430/43
f 258/222/43 531/210/43 257/210/43
f 342/227/42 506/228/42 332/228/42
f 253/451/41 536/224/41 263/224/41
f 88/176/42 496/178/42 89/178/42
f 122/131/40 476/197/40 65/197/40
f 127/430/43 523/432/43 128/432/43
f 259/240/43 532/222/43 258/222/43
f 89/178/42 497/180/42 90/180/42
f 128/432/43 524/434/43 129/434/43
f 260/247/43 533/240/43 259/240/43
f 90/180/42 498/182/42 91/182/42
f 92/139/42 478/299/42 68/299/42
f 303/297/41 541/189/41 313/189/41
f 261/256/43 534/247/43 260/247/43
f 129/434/43 525/436/43 130/436/43
f 91/182/42 477/139/42 92/139/42
f 312/186/42 503/272/42 302/272/42
f 262/195/43 535/256/43 261/256/43
f 130/436/43 526/438/43 131/438/43
f 132/142/43 480/482/43 70/482/43
f 131/438/43 479/142/43 132/142/43
f 122/131/40 65/197/40 66/132/40
f 82/134/41 67/420/41 72/135/41
f 70/137/42 480/137/42 490/138/42
f 92/139/42 68/299/42 69/140/42
f 132/142/43 70/482/43 71/143/43
f 103/136/44 72/135/44 142/145/44
f 66/132/44 112/149/44 153/147/44
f 112/149/44 111/151/44 163/150/44
f 111/151/44 110/153/44 173/152/44
f 110/153/44 109/201/44 183/154/44
f 183/154/44 109/201/44 108/155/44
f 193/156/44 108/155/44 107/157/44
f 107/157/44 106/160/44 213/159/44
f 106/160/44 105/162/44 223/161/44
f 105/162/44 104/164/44 233/163/44
f 104/164/44 103/136/44 243/146/44
f 70/137/42 83/138/42 102/165/42
f 83/138/42 84/168/42 101/167/42
f 84/168/42 85/170/42 100/169/42
f 85/170/42 86/172/42 99/171/42
f 86/172/42 87/174/42 98/173/42
f 87/174/42 88/176/42 97/175/42
f 88/176/42 89/178/42 96/177/42
f 89/178/42 90/180/42 95/179/42
f 90/180/42 91/182/42 94/181/42
f 91/182/42 92/139/42 93/141/42
f 120/183/40 516/183/40 517/184/40
f 322/185/42 505/185/42 504/186/42
f 81/187/41 489/187/41 473/134/41
f 119/188/40 515/188/40 516/183/40
f 313/189/41 541/189/41 542/190/41
f 80/191/41 488/191/41 489/187/41
f 118/192/40 514/192/40 515/188/40
f 79/193/41 487/193/41 488/191/41
f 272/194/42 500/194/42 499/195/42
f 117/196/40 513/196/40 514/192/40
f 65/197/41 73/198/41 112/149/41
f 73/198/41 74/199/41 111/151/41
f 74/199/41 75/200/41 110/153/41
f 75/200/41 76/202/41 109/201/41
f 76/202/41 77/203/41 108/155/41
f 77/203/41 78/204/41 107/157/41
f 78/204/41 79/193/41 106/160/41
f 79/193/41 80/191/41 105/162/41
f 80/191/41 81/187/41 104/164/41
f 81/187/41 82/134/41 103/136/41
f 78/204/41 486/204/41 487/193/41
f 351/205/45 352/206/45 367/206/45
f 340/207/45 350/290/45 351/205/45
f 267/209/41 382/209/41 372/210/41
f 338/211/45 348/298/45 349/212/45
f 335/214/40 444/214/40 443/215/40
f 336/216/45 346/439/45 347/217/45
f 309/219/42 424/219/42 434/220/42
f 334/215/45 344/440/45 345/221/45
f 258/222/42 373/222/42 383/223/42
f 263/224/41 536/224/41 537/225/41
f 331/226/45 341/208/45 342/227/45
f 321/229/45 331/226/45 361/226/45
f 329/230/45 339/213/45 340/207/45
f 333/232/43 442/232/43 443/215/43
f 327/233/45 337/218/45 338/211/45
f 281/235/43 396/235/43 397/236/43
f 325/237/45 335/214/45 336/216/45
f 269/239/41 384/239/41 374/240/41
f 323/190/45 333/232/45 334/215/45
f 352/206/42 508/206/42 507/227/42
f 322/185/45 321/229/45 357/229/45
f 320/242/45 330/231/45 331/226/45
f 332/228/45 322/185/45 358/185/45
f 318/243/45 328/234/45 329/230/45
f 281/235/40 396/235/40 395/244/40
f 316/245/45 326/238/45 327/233/45
f 260/247/42 375/247/42 385/248/42
f 314/249/45 324/241/45 325/237/45
f 279/251/43 394/251/43 395/244/43
f 116/252/40 512/252/40 513/196/40
f 311/253/45 321/229/45 322/185/45
f 320/242/45 321/229/45 357/229/45
f 309/219/45 319/220/45 320/242/45
f 271/255/41 386/255/41 376/256/41
f 307/257/45 317/246/45 318/243/45
f 323/190/41 435/190/41 428/189/41
f 305/259/45 315/250/45 316/245/45
f 279/251/40 394/251/40 393/261/40
f 304/262/45 303/297/45 313/189/45
f 77/203/41 485/203/41 486/204/41
f 262/195/42 377/195/42 387/194/42
f 300/263/45 310/254/45 311/253/45
f 314/249/42 429/249/42 436/241/42
f 298/265/45 308/258/45 309/219/45
f 277/267/43 392/267/43 393/261/43
f 297/268/45 296/281/45 306/260/45
f 328/234/43 440/234/43 441/230/43
f 294/269/45 304/262/45 305/259/45
f 325/237/41 437/237/41 430/250/41
f 351/205/40 552/205/40 508/206/40
f 291/271/45 301/264/45 302/272/45
f 277/267/40 392/267/40 391/274/40
f 289/275/45 299/266/45 300/263/45
f 274/277/41 389/277/41 379/278/41
f 288/279/45 287/288/45 297/268/45
f 328/234/40 440/234/40 439/233/40
f 285/280/45 295/270/45 296/281/45
f 316/245/42 431/245/42 438/238/42
f 283/283/45 293/296/45 294/269/45
f 115/285/40 511/285/40 512/252/40
f 275/286/43 390/286/43 391/274/43
f 280/244/45 290/276/45 291/271/45
f 265/287/42 380/287/42 390/286/42
f 278/261/45 288/279/45 289/275/45
f 326/238/43 438/238/43 439/233/43
f 276/274/45 286/282/45 287/288/45
f 327/233/41 439/233/41 432/246/41
f 274/277/45 284/284/45 285/280/45
f 275/286/40 390/286/40 389/277/40
f 76/202/41 484/202/41 485/203/41
f 272/194/45 271/255/45 281/235/45
f 276/274/41 391/274/41 381/289/41
f 269/239/45 279/251/45 280/244/45
f 326/238/40 438/238/40 437/237/40
f 267/209/45 277/267/45 278/261/45
f 318/243/42 433/243/42 440/234/42
f 265/287/45 275/286/45 276/274/45
f 273/225/43 388/225/43 389/277/43
f 263/224/45 273/225/45 274/277/45
f 350/290/40 551/290/40 552/205/40
f 267/209/42 382/209/42 392/267/42
f 260/247/45 270/248/45 271/255/45
f 324/241/43 436/241/43 437/237/43
f 258/222/45 268/223/45 269/239/45
f 278/261/41 393/261/41 383/223/41
f 256/291/45 266/289/45 267/209/45
f 324/241/40 436/241/40 435/190/40
f 254/292/45 264/278/45 265/287/45
f 272/194/40 387/194/40 386/255/40
f 114/294/40 510/294/40 511/285/40
f 302/272/42 503/272/42 502/273/42
f 75/200/41 483/200/41 484/202/41
f 349/212/40 550/212/40 551/290/40
f 113/295/40 509/295/40 510/294/40
f 293/296/41 539/296/41 540/297/41
f 74/199/41 482/199/41 483/200/41
f 348/298/40 549/298/40 550/212/40
f 68/299/40 478/299/40 509/295/40
f 73/198/41 481/198/41 482/199/41
f 242/300/44 252/304/44 102/301/44
f 241/303/44 251/306/44 252/304/44
f 240/305/44 250/308/44 251/306/44
f 239/307/44 249/310/44 250/308/44
f 238/309/44 248/312/44 249/310/44
f 237/311/44 247/314/44 248/312/44
f 236/313/44 246/316/44 247/314/44
f 235/315/44 245/318/44 246/316/44
f 234/317/44 244/319/44 245/318/44
f 233/163/44 243/146/44 244/319/44
f 232/320/44 242/300/44 101/302/44
f 231/322/44 241/303/44 242/300/44
f 230/323/44 240/305/44 241/303/44
f 229/324/44 239/307/44 240/305/44
f 228/325/44 238/309/44 239/307/44
f 227/326/44 237/311/44 238/309/44
f 226/327/44 236/313/44 237/311/44
f 225/328/44 235/315/44 236/313/44
f 224/329/44 234/317/44 235/315/44
f 223/161/44 233/163/44 234/317/44
f 99/330/44 222/332/44 232/320/44
f 221/331/44 231/322/44 232/320/44
f 220/333/44 230/323/44 231/322/44
f 219/334/44 229/324/44 230/323/44
f 218/335/44 228/325/44 229/324/44
f 217/336/44 227/326/44 228/325/44
f 216/337/44 226/327/44 227/326/44
f 215/338/44 225/328/44 226/327/44
f 214/339/44 224/329/44 225/328/44
f 213/159/44 223/161/44 224/329/44
f 212/340/44 222/332/44 99/330/44
f 211/342/44 221/331/44 222/332/44
f 210/343/44 220/333/44 221/331/44
f 209/344/44 219/334/44 220/333/44
f 208/345/44 218/335/44 219/334/44
f 207/346/44 217/336/44 218/335/44
f 206/347/44 216/337/44 217/336/44
f 205/348/44 215/338/44 216/337/44
f 204/349/44 214/339/44 215/338/44
f 204/349/44 203/158/44 213/159/44
f 202/350/44 212/340/44 98/341/44
f 202/350/44 201/353/44 211/342/44
f 200/352/44 210/343/44 211/342/44
f 199/354/44 209/344/44 210/343/44
f 198/355/44 208/345/44 209/344/44
f 197/356/44 207/346/44 208/345/44
f 197/356/44 196/358/44 206/347/44
f 195/357/44 205/348/44 206/347/44
f 194/359/44 204/349/44 205/348/44
f 194/359/44 193/156/44 203/158/44
f 192/360/44 202/350/44 97/351/44
f 191/362/44 201/353/44 202/350/44
f 191/362/44 190/364/44 200/352/44
f 189/363/44 199/354/44 200/352/44
f 188/365/44 198/355/44 199/354/44
f 188/365/44 187/367/44 197/356/44
f 186/366/44 196/358/44 197/356/44
f 185/368/44 195/357/44 196/358/44
f 184/369/44 194/359/44 195/357/44
f 183/154/44 193/156/44 194/359/44
f 182/370/44 192/360/44 96/361/44
f 182/370/44 181/373/44 191/362/44
f 180/372/44 190/364/44 191/362/44
f 179/374/44 189/363/44 190/364/44
f 178/375/44 188/365/44 189/363/44
f 177/376/44 187/367/44 188/365/44
f 176/377/44 186/366/44 187/367/44
f 175/378/44 185/368/44 186/366/44
f 174/379/44 184/369/44 185/368/44
f 173/152/44 183/154/44 184/369/44
f 172/380/44 182/370/44 95/371/44
f 172/380/44 171/383/44 181/373/44
f 170/382/44 180/372/44 181/373/44
f 169/384/44 179/374/44 180/372/44
f 168/385/44 178/375/44 179/374/44
f 167/386/44 177/376/44 178/375/44
f 166/387/44 176/377/44 177/376/44
f 165/388/44 175/378/44 176/377/44
f 164/389/44 174/379/44 175/378/44
f 163/150/44 173/152/44 174/379/44
f 162/390/44 172/380/44 94/381/44
f 161/392/44 171/383/44 172/380/44
f 160/393/44 170/382/44 171/383/44
f 159/394/44 169/384/44 170/382/44
f 158/395/44 168/385/44 169/384/44
f 157/396/44 167/386/44 168/385/44
f 156/397/44 166/387/44 167/386/44
f 155/398/44 165/388/44 166/387/44
f 154/399/44 164/389/44 165/388/44
f 153/147/44 163/150/44 164/389/44
f 152/400/44 162/390/44 93/391/44
f 151/402/44 161/392/44 162/390/44
f 150/403/44 160/393/44 161/392/44
f 149/404/44 159/394/44 160/393/44
f 148/405/44 158/395/44 159/394/44
f 147/406/44 157/396/44 158/395/44
f 146/407/44 156/397/44 157/396/44
f 145/408/44 155/398/44 156/397/44
f 144/409/44 154/399/44 155/398/44
f 143/148/44 153/147/44 154/399/44
f 252/304/44 133/411/44 71/410/44
f 251/306/44 134/412/44 133/411/44
f 250/308/44 135/413/44 134/412/44
f 249/310/44 136/414/44 135/413/44
f 248/312/44 137/415/44 136/414/44
f 247/314/44 138/416/44 137/415/44
f 246/316/44 139/417/44 138/416/44
f 245/318/44 140/418/44 139/417/44
f 244/319/44 141/419/44 140/418/44
f 243/146/44 142/145/44 141/419/44
f 67/420/43 123/422/43 142/421/43
f 123/422/43 124/424/43 141/423/43
f 124/424/43 125/426/43 140/425/43
f 125/426/43 126/428/43 139/427/43
f 126/428/43 127/430/43 138/429/43
f 127/430/43 128/432/43 137/431/43
f 128/432/43 129/434/43 136/433/43
f 129/434/43 130/436/43 135/435/43
f 130/436/43 131/438/43 134/437/43
f 131/438/43 132/142/43 133/144/43
f 347/217/40 548/217/40 549/298/40
f 65/197/41 476/197/41 481/198/41
f 346/439/40 547/439/40 548/217/40
f 332/228/42 506/228/42 505/185/42
f 345/221/40 546/221/40 547/439/40
f 323/190/41 542/190/41 543/232/41
f 344/440/40 545/440/40 546/221/40
f 282/236/42 501/236/42 500/194/42
f 343/441/40 544/441/40 545/440/40
f 273/225/41 537/225/41 538/283/41
f 68/299/40 113/295/40 152/442/40
f 113/295/40 114/294/40 151/443/40
f 114/294/40 115/285/40 150/444/40
f 115/285/40 116/252/40 149/445/40
f 116/252/40 117/196/40 148/446/40
f 117/196/40 118/192/40 147/447/40
f 118/192/40 119/188/40 146/448/40
f 119/188/40 120/183/40 145/449/40
f 120/183/40 121/184/40 144/450/40
f 121/184/40 122/131/40 143/133/40
f 269/239/42 384/239/42 394/251/42
f 270/248/43 385/248/43 386/255/43
f 280/244/41 395/244/41 385/248/41
f 270/248/40 385/248/40 384/239/40
f 271/255/42 386/255/42 396/235/42
f 329/230/45 330/231/45 360/231/45
f 330/231/45 320/242/45 356/242/45
f 352/206/45 342/227/45 365/227/45
f 331/226/45 330/231/45 360/231/45
f 319/220/45 329/230/45 359/230/45
f 341/208/45 351/205/45 366/205/45
f 331/226/45 332/228/45 362/228/45
f 321/229/45 311/253/45 354/253/45
f 310/254/45 320/242/45 356/242/45
f 311/253/45 310/254/45 353/254/45
f 340/207/45 341/208/45 364/208/45
f 341/208/45 331/226/45 361/226/45
f 342/227/45 341/208/45 364/208/45
f 320/242/45 319/220/45 355/220/45
f 330/231/45 340/207/45 363/207/45
f 448/213/45 456/212/45 457/290/45
f 446/218/45 454/217/45 455/298/45
f 444/214/45 452/221/45 453/439/45
f 442/232/45 450/441/45 451/440/45
f 440/234/45 447/211/45 448/213/45
f 438/238/45 445/216/45 446/218/45
f 436/241/45 443/215/45 444/214/45
f 432/246/45 439/233/45 440/234/45
f 430/250/45 437/237/45 438/238/45
f 428/189/45 435/190/45 436/241/45
f 423/258/45 433/243/45 434/220/45
f 421/260/45 431/245/45 432/246/45
f 419/262/45 429/249/45 430/250/45
f 417/272/45 416/264/45 426/253/45
f 414/266/45 424/219/45 425/254/45
f 412/268/45 422/257/45 423/258/45
f 410/270/45 420/259/45 421/260/45
f 409/269/45 408/296/45 418/297/45
f 406/271/45 405/276/45 415/263/45
f 403/279/45 413/265/45 414/266/45
f 401/282/45 411/281/45 412/268/45
f 399/284/45 409/269/45 410/270/45
f 397/236/45 396/235/45 406/271/45
f 394/251/45 404/275/45 405/276/45
f 392/267/45 402/288/45 403/279/45
f 390/286/45 400/280/45 401/282/45
f 388/225/45 398/283/45 399/284/45
f 385/248/45 395/244/45 396/235/45
f 383/223/45 393/261/45 394/251/45
f 381/289/45 391/274/45 392/267/45
f 379/278/45 389/277/45 390/286/45
f 376/256/45 386/255/45 387/194/45
f 374/240/45 384/239/45 385/248/45
f 372/210/45 382/209/45 383/223/45
f 370/293/45 380/287/45 381/289/45
f 368/451/45 378/224/45 379/278/45
f 469/208/45 471/205/45 472/206/45
f 465/231/45 468/207/45 469/208/45
f 462/229/45 466/226/45 467/228/45
f 460/220/45 464/230/45 465/231/45
f 458/254/45 461/242/45 462/229/45
f 284/284/40 399/284/40 398/283/40
f 318/243/41 433/243/41 423/258/41
f 353/254/43 458/254/43 459/253/43
f 335/214/43 444/214/43 445/216/43
f 256/291/42 371/291/42 381/289/42
f 284/284/43 399/284/43 400/280/43
f 307/257/42 422/257/42 432/246/42
f 355/220/43 460/220/43 461/242/43
f 337/218/40 446/218/40 445/216/40
f 265/287/41 380/287/41 370/293/41
f 286/282/40 401/282/40 400/280/40
f 316/245/41 431/245/41 421/260/41
f 357/229/40 462/229/40 461/242/40
f 337/218/43 446/218/43 447/211/43
f 254/292/42 369/292/42 379/278/42
f 286/282/43 401/282/43 402/288/43
f 305/259/42 420/259/42 430/250/42
f 357/229/43 462/229/43 463/185/43
f 339/213/40 448/213/40 447/211/40
f 263/224/41 378/224/41 368/451/41
f 288/279/40 403/279/40 402/288/40
f 314/249/41 429/249/41 419/262/41
f 360/231/40 465/231/40 464/230/40
f 339/213/43 448/213/43 449/207/43
f 288/279/43 403/279/43 404/275/43
f 360/231/43 465/231/43 466/226/43
f 290/276/40 405/276/40 404/275/40
f 302/272/42 417/272/42 427/186/42
f 362/228/40 467/228/40 466/226/40
f 290/276/43 405/276/43 406/271/43
f 311/253/41 426/253/41 416/264/41
f 364/208/40 469/208/40 468/207/40
f 292/273/40 407/273/40 406/271/40
f 300/263/42 415/263/42 425/254/42
f 364/208/43 469/208/43 470/227/43
f 344/440/40 451/440/40 450/441/40
f 309/219/41 424/219/41 414/266/41
f 367/206/40 472/206/40 471/205/40
f 293/296/43 408/296/43 409/269/43
f 298/265/42 413/265/42 423/258/42
f 365/227/42 470/227/42 472/206/42
f 346/439/40 453/439/40 452/221/40
f 295/270/40 410/270/40 409/269/40
f 307/257/41 422/257/41 412/268/41
f 366/205/41 471/205/41 469/208/41
f 295/270/43 410/270/43 411/281/43
f 296/281/42 411/281/42 421/260/42
f 361/226/42 466/226/42 469/208/42
f 348/298/40 455/298/40 454/217/40
f 297/268/40 412/268/40 411/281/40
f 305/259/41 420/259/41 410/270/41
f 363/207/41 468/207/41 465/231/41
f 297/268/43 412/268/43 413/265/43
f 294/269/42 409/269/42 419/262/42
f 358/185/42 463/185/42 467/228/42
f 350/290/40 457/290/40 456/212/40
f 299/266/40 414/266/40 413/265/40
f 303/297/41 418/297/41 408/296/41
f 361/226/41 466/226/41 462/229/41
f 299/266/43 414/266/43 415/263/43
f 356/242/42 461/242/42 465/231/42
f 301/264/40 416/264/40 415/263/40
f 291/271/42 406/271/42 416/264/42
f 359/230/41 464/230/41 460/220/41
f 301/264/43 416/264/43 417/272/43
f 300/263/41 415/263/41 405/276/41
f 354/253/42 459/253/42 462/229/42
f 289/275/42 404/275/42 414/266/42
f 356/242/41 461/242/41 458/254/41
f 340/207/42 449/207/42 457/290/42
f 304/262/40 419/262/40 418/297/40
f 298/265/41 413/265/41 403/279/41
f 349/212/41 456/212/41 448/213/41
f 304/262/43 419/262/43 420/259/43
f 287/288/42 402/288/42 412/268/42
f 253/451/43 368/451/43 369/292/43
f 338/211/42 447/211/42 455/298/42
f 306/260/40 421/260/40 420/259/40
f 296/281/41 411/281/41 401/282/41
f 347/217/41 454/217/41 446/218/41
f 306/260/43 421/260/43 422/257/43
f 285/280/42 400/280/42 410/270/42
f 255/293/43 370/293/43 371/291/43
f 336/216/42 445/216/42 453/439/42
f 308/258/40 423/258/40 422/257/40
f 294/269/41 409/269/41 399/284/41
f 345/221/41 452/221/41 444/214/41
f 308/258/43 423/258/43 424/219/43
f 257/210/43 372/210/43 373/222/43
f 334/215/42 443/215/42 451/440/42
f 310/254/40 425/254/40 424/219/40
f 282/236/42 397/236/42 407/273/42
f 343/441/41 450/441/41 442/232/41
f 291/271/41 406/271/41 396/235/41
f 259/240/43 374/240/43 375/247/43
f 312/186/40 427/186/40 426/253/40
f 280/244/42 395/244/42 405/276/42
f 289/275/41 404/275/41 394/251/41
f 261/256/43 376/256/43 377/195/43
f 313/189/43 428/189/43 429/249/43
f 278/261/42 393/261/42 403/279/42
f 329/230/42 441/230/42 448/213/42
f 315/250/40 430/250/40 429/249/40
f 287/288/41 402/288/41 392/267/41
f 264/278/40 379/278/40 378/224/40
f 338/211/41 447/211/41 440/234/41
f 315/250/43 430/250/43 431/245/43
f 276/274/42 391/274/42 401/282/42
f 264/278/43 379/278/43 380/287/43
f 327/233/42 439/233/42 446/218/42
f 317/246/40 432/246/40 431/245/40
f 285/280/41 400/280/41 390/286/41
f 266/289/40 381/289/40 380/287/40
f 336/216/41 445/216/41 438/238/41
f 317/246/43 432/246/43 433/243/43
f 274/277/42 389/277/42 399/284/42
f 266/289/43 381/289/43 382/209/43
f 325/237/42 437/237/42 444/214/42
f 319/220/40 434/220/40 433/243/40
f 283/283/41 398/283/41 388/225/41
f 268/223/40 383/223/40 382/209/40
f 334/215/41 443/215/41 436/241/41
f 268/223/43 383/223/43 384/239/43
f 490/452/45 480/483/45 479/453/45
f 478/454/45 477/456/45 527/451/45
f 477/456/45 498/457/45 536/224/45
f 498/457/45 497/458/45 537/225/45
f 497/458/45 496/484/45 538/283/45
f 538/283/45 496/484/45 495/459/45
f 539/296/45 495/459/45 494/460/45
f 494/460/45 493/461/45 541/189/45
f 493/461/45 492/462/45 542/190/45
f 492/462/45 491/463/45 543/232/45
f 491/463/45 490/452/45 544/441/45
f 507/227/45 508/206/45 473/134/45
f 506/228/45 507/227/45 489/187/45
f 487/193/45 505/185/45 506/228/45
f 504/186/45 505/185/45 487/193/45
f 503/272/45 504/186/45 486/204/45
f 502/273/45 503/272/45 485/203/45
f 501/236/45 502/273/45 484/202/45
f 500/194/45 501/236/45 483/200/45
f 499/195/45 500/194/45 482/199/45
f 475/464/45 499/195/45 481/198/45
f 517/465/45 535/256/45 499/195/45
f 516/466/45 534/247/45 535/256/45
f 515/467/45 533/240/45 534/247/45
f 514/468/45 532/222/45 533/240/45
f 513/469/45 531/210/45 532/222/45
f 512/470/45 530/291/45 531/210/45
f 511/471/45 529/293/45 530/291/45
f 510/472/45 528/292/45 529/293/45
f 509/455/45 527/451/45 528/292/45
f 508/206/45 518/473/45 474/420/45
f 552/205/45 519/474/45 518/473/45
f 551/290/45 520/475/45 519/474/45
f 550/212/45 521/476/45 520/475/45
f 549/298/45 522/477/45 521/476/45
f 548/217/45 523/478/45 522/477/45
f 547/439/45 524/479/45 523/478/45
f 546/221/45 525/480/45 524/479/45
f 545/440/45 526/481/45 525/480/45
f 544/441/45 479/453/45 526/481/45
f 121/184/40 517/184/40 475/131/40
f 83/138/42 490/138/42 491/168/42
f 67/420/43 474/420/43 518/422/43
f 254/292/43 528/292/43 527/451/43
f 84/168/42 491/168/42 492/170/42
f 283/283/41 538/283/41 539/296/41
f 255/293/43 529/293/43 528/292/43
f 123/422/43 518/422/43 519/424/43
f 85/170/42 492/170/42 493/172/42
f 292/273/42 502/273/42 501/236/42
f 256/291/43 530/291/43 529/293/43
f 124/424/43 519/424/43 520/426/43
f 86/172/42 493/172/42 494/174/42
f 257/210/43 531/210/43 530/291/43
f 125/426/43 520/426/43 521/428/43
f 333/232/41 543/232/41 544/441/41
f 87/174/42 494/174/42 495/176/42
f 82/134/41 473/134/41 474/420/41
f 126/428/43 521/428/43 522/430/43
f 258/222/43 532/222/43 531/210/43
f 342/227/42 507/227/42 506/228/42
f 253/451/41 527/451/41 536/224/41
f 88/176/42 495/176/42 496/178/42
f 122/131/40 475/131/40 476/197/40
f 127/430/43 522/430/43 523/432/43
f 259/240/43 533/240/43 532/222/43
f 89/178/42 496/178/42 497/180/42
f 128/432/43 523/432/43 524/434/43
f 260/247/43 534/247/43 533/240/43
f 90/180/42 497/180/42 498/182/42
f 92/139/42 477/139/42 478/299/42
f 303/297/41 540/297/41 541/189/41
f 261/256/43 535/256/43 534/247/43
f 129/434/43 524/434/43 525/436/43
f 91/182/42 498/182/42 477/139/42
f 312/186/42 504/186/42 503/272/42
f 262/195/43 499/195/43 535/256/43
f 130/436/43 525/436/43 526/438/43
f 132/142/43 479/142/43 480/482/43
f 131/438/43 526/438/43 479/142/43
o 円柱.002
v 0.971308 -0.002107 0.868353
v 0.992018 -0.002107 0.870393
v 0.971308 0.765099 0.868353
v 0.950598 -0.002107 0.870393
v 0.930684 -0.002107 0.876433
v 0.950598 0.765099 0.870393
v 0.930684 0.765099 0.876433
v 0.912331 0.765099 0.886243
v 0.896244 0.765099 0.899445
v 0.912331 -0.002107 0.886243
v 0.896244 -0.002107 0.899445
v 0.883042 -0.002107 0.915532
v 0.873232 -0.002107 0.933885
v 0.883042 0.765099 0.915532
v 0.873232 0.765099 0.933885
v 0.867191 0.765099 0.953799
v 0.865151 0.765099 0.974509
v 0.867191 -0.002107 0.953799
v 0.865151 -0.002107 0.974509
v 0.867191 -0.002107 0.995220
v 0.873232 -0.002107 1.015134
v 0.867191 0.765099 0.995220
v 0.873232 0.765099 1.015134
v 0.883042 0.765099 1.033487
v 0.896244 0.765099 1.049574
v 0.883042 -0.002107 1.033487
v 0.896244 -0.002107 1.049574
v 0.912331 -0.002107 1.062775
v 0.930684 -0.002107 1.072585
v 0.912331 0.765099 1.062775
v 0.930684 0.765099 1.072585
v 0.950598 0.765099 1.078626
v 0.971308 0.765099 1.080666
v 0.950598 -0.002107 1.078626
v 0.971308 -0.002107 1.080666
v 0.992018 -0.002107 1.078626
v 1.011932 -0.002107 1.072585
v 0.992018 0.765099 1.078626
v 1.011932 0.765099 1.072585
v 1.030285 0.765099 1.062775
v 1.046372 0.765099 1.049574
v 1.030285 -0.002107 1.062775
v 1.046372 -0.002107 1.049574
v 1.059574 -0.002107 1.033487
v 1.069384 -0.002107 1.015134
v 1.059574 0.765099 1.033487
v 1.069384 0.765099 1.015134
v 1.075425 0.765099 0.995220
v 1.077465 0.765099 0.974509
v 1.075425 -0.002107 0.995220
v 1.077465 -0.002107 0.974509
v 1.075425 -0.002107 0.953799
v 1.069384 -0.002107 0.933885
v 1.075425 0.765099 0.953799
v 1.069384 0.765099 0.933885
v 1.059574 0.765099 0.915532
v 1.046372 0.765099 0.899445
v 1.059574 -0.002107 0.915532
v 1.046372 -0.002107 0.899445
v 1.030285 -0.002107 0.886243
v 1.011932 -0.002107 0.876433
v 1.030285 0.765099 0.886243
v 1.011932 0.765099 0.876433
v 0.992018 0.765099 0.870393
v 0.950598 0.816540 0.870393
v 0.930684 0.816540 0.876433
v 0.971308 0.816540 0.868353
v 0.912331 0.816540 0.886243
v 0.896244 0.816540 0.899445
v 0.883042 0.816540 0.915532
v 0.873232 0.816540 0.933885
v 0.867191 0.816540 0.953799
v 0.865151 0.816540 0.974509
v 0.867191 0.816540 0.995220
v 0.873232 0.816540 1.015134
v 0.883042 0.816540 1.033487
v 0.896244 0.816540 1.049574
v 0.912331 0.816540 1.062775
v 0.930684 0.816540 1.072585
v 0.950598 0.816540 1.078626
v 0.971308 0.816540 1.080666
v 0.992018 0.816540 1.078626
v 1.011932 0.816540 1.072585
v 1.030285 0.816540 1.062775
v 1.046372 0.816540 1.049574
v 1.059574 0.816540 1.033487
v 1.069384 0.816540 1.015134
v 1.075425 0.816540 0.995220
v 1.077465 0.816540 0.974509
v 1.075425 0.816540 0.953799
v 1.069384 0.816540 0.933885
v 1.059574 0.816540 0.915532
v 1.046372 0.816540 0.899445
v 1.030285 0.816540 0.886243
v 1.011932 0.816540 0.876433
v 0.992018 0.816540 0.870393
vn -0.0000 -1.0000 -0.0000
vn -0.0000 -0.0000 -1.0000
vn 0.1951 -0.0000 -0.9808
vn -0.1951 -0.0000 -0.9808
vn -0.3827 -0.0000 -0.9239
vn -0.8315 -0.0000 0.5556
vn -0.9239 -0.0000 0.3827
vn -0.5556 -0.0000 -0.8315
vn -0.7071 -0.0000 -0.7071
vn -0.8315 -0.0000 -0.5556
vn -0.9239 -0.0000 -0.3827
vn -0.9808 -0.0000 -0.1951
vn -1.0000 -0.0000 -0.0000
vn -0.9808 -0.0000 0.1951
vn -0.7071 -0.0000 0.7071
vn -0.5556 -0.0000 0.8315
vn -0.3827 -0.0000 0.9239
vn -0.1951 -0.0000 0.9808
vn -0.0000 -0.0000 1.0000
vn 0.1951 -0.0000 0.9808
vn 0.3827 -0.0000 0.9239
vn 0.5556 -0.0000 0.8315
vn 0.7071 -0.0000 0.7071
vn 0.8315 -0.0000 0.5556
vn 0.9239 -0.0000 0.3827
vn 0.9808 -0.0000 0.1951
vn 1.0000 -0.0000 -0.0000
vn 0.9808 -0.0000 -0.1951
vn 0.9239 -0.0000 -0.3827
vn 0.8315 -0.0000 -0.5556
vn 0.7071 -0.0000 -0.7071
vn 0.5556 -0.0000 -0.8315
vn 0.3827 -0.0000 -0.9239
vn -0.0000 1.0000 -0.0000
vt 0.654270 0.626044
vt 0.655802 0.631096
vt 0.650751 0.632628
vt 0.557698 0.625622
vt 0.530722 0.626353
vt 0.530722 0.625622
vt 0.557698 0.648305
vt 0.530722 0.649037
vt 0.530722 0.648305
vt 0.557698 0.647573
vt 0.530722 0.647573
vt 0.557698 0.640988
vt 0.557698 0.641719
vt 0.557698 0.646841
vt 0.530722 0.646841
vt 0.557698 0.646110
vt 0.530722 0.646110
vt 0.557698 0.645378
vt 0.530722 0.645378
vt 0.557698 0.644646
vt 0.530722 0.644646
vt 0.557698 0.643915
vt 0.530722 0.643915
vt 0.557698 0.643183
vt 0.530722 0.643183
vt 0.557698 0.642451
vt 0.530722 0.642451
vt 0.530722 0.641719
vt 0.530722 0.640988
vt 0.557698 0.640256
vt 0.530722 0.640256
vt 0.557698 0.639524
vt 0.530722 0.639524
vt 0.557698 0.638793
vt 0.530722 0.638793
vt 0.557698 0.638061
vt 0.530722 0.638061
vt 0.557698 0.637329
vt 0.530722 0.637329
vt 0.557698 0.636597
vt 0.530722 0.636597
vt 0.557698 0.635866
vt 0.530722 0.635866
vt 0.557698 0.635134
vt 0.530722 0.635134
vt 0.557698 0.634402
vt 0.530722 0.634402
vt 0.557698 0.633671
vt 0.530722 0.633671
vt 0.557698 0.632939
vt 0.530722 0.632939
vt 0.557698 0.632207
vt 0.530722 0.632207
vt 0.557698 0.631475
vt 0.530722 0.631475
vt 0.557698 0.630744
vt 0.530722 0.630744
vt 0.557698 0.630012
vt 0.530722 0.630012
vt 0.557698 0.629280
vt 0.530722 0.629280
vt 0.557698 0.628549
vt 0.530722 0.628549
vt 0.557698 0.627817
vt 0.530722 0.627817
vt 0.557698 0.627085
vt 0.530722 0.627085
vt 0.557698 0.626353
vt 0.625679 0.631704
vt 0.620426 0.632222
vt 0.619908 0.626968
vt 0.557698 0.649037
vt 0.650143 0.632222
vt 0.649625 0.631704
vt 0.649219 0.631096
vt 0.648939 0.630420
vt 0.648796 0.629702
vt 0.648796 0.628971
vt 0.648939 0.628253
vt 0.649219 0.627577
vt 0.649625 0.626968
vt 0.650142 0.626451
vt 0.650751 0.626045
vt 0.651427 0.625764
vt 0.652145 0.625622
vt 0.652876 0.625622
vt 0.653594 0.625764
vt 0.654878 0.626451
vt 0.655396 0.626968
vt 0.655802 0.627577
vt 0.656082 0.628253
vt 0.656225 0.628970
vt 0.656225 0.629702
vt 0.656082 0.630420
vt 0.655396 0.631704
vt 0.654879 0.632222
vt 0.654270 0.632628
vt 0.653594 0.632908
vt 0.652877 0.633051
vt 0.652145 0.633051
vt 0.651427 0.632908
vt 0.620426 0.626451
vt 0.621034 0.626044
vt 0.621710 0.625764
vt 0.622428 0.625622
vt 0.623159 0.625622
vt 0.623877 0.625764
vt 0.624553 0.626044
vt 0.625161 0.626451
vt 0.625679 0.626968
vt 0.626085 0.627577
vt 0.626365 0.628253
vt 0.626508 0.628970
vt 0.626508 0.629702
vt 0.626365 0.630420
vt 0.626086 0.631096
vt 0.625162 0.632222
vt 0.624553 0.632628
vt 0.623877 0.632908
vt 0.623160 0.633051
vt 0.622428 0.633051
vt 0.621710 0.632908
vt 0.621034 0.632628
vt 0.619908 0.631704
vt 0.619502 0.631096
vt 0.619222 0.630420
vt 0.619079 0.629702
vt 0.619079 0.628970
vt 0.619222 0.628253
vt 0.619502 0.627577
s 1
usemtl マテリアル
f 588/485/46 572/486/46 556/487/46
f 555/488/47 554/489/48 553/490/47
f 558/491/49 553/492/47 556/493/49
f 559/494/50 556/493/49 557/495/50
f 576/496/51 627/497/52 575/497/52
f 560/498/53 557/495/50 562/499/53
f 561/500/54 562/499/53 563/501/54
f 566/502/55 563/501/54 564/503/55
f 567/504/56 564/503/55 565/505/56
f 568/506/57 565/505/56 570/507/57
f 569/508/58 570/507/57 571/509/58
f 574/510/59 571/509/58 572/511/59
f 575/497/52 572/511/59 573/512/52
f 576/496/51 573/512/52 578/513/51
f 577/514/60 578/513/51 579/515/60
f 582/516/61 579/515/60 580/517/61
f 583/518/62 580/517/61 581/519/62
f 584/520/63 581/519/62 586/521/63
f 585/522/64 586/521/63 587/523/64
f 590/524/65 587/523/64 588/525/65
f 591/526/66 588/525/65 589/527/66
f 592/528/67 589/527/66 594/529/67
f 593/530/68 594/529/67 595/531/68
f 598/532/69 595/531/68 596/533/69
f 599/534/70 596/533/69 597/535/70
f 600/536/71 597/535/70 602/537/71
f 601/538/72 602/537/71 603/539/72
f 606/540/73 603/539/72 604/541/73
f 607/542/74 604/541/73 605/543/74
f 608/544/75 605/543/74 610/545/75
f 609/546/76 610/545/75 611/547/76
f 614/548/77 611/547/76 612/549/77
f 615/550/78 612/549/77 613/551/78
f 616/552/48 613/551/78 554/489/48
f 631/553/79 639/554/79 647/555/79
f 566/502/55 621/500/54 561/500/54
f 585/522/64 632/520/63 584/520/63
f 559/494/50 617/491/49 558/491/49
f 568/506/57 623/504/56 567/504/56
f 558/491/49 619/556/47 555/556/47
f 577/514/60 628/496/51 576/496/51
f 560/498/53 618/494/50 559/494/50
f 569/508/58 624/506/57 568/506/57
f 615/550/78 646/548/77 614/548/77
f 561/500/54 620/498/53 560/498/53
f 614/548/77 645/546/76 609/546/76
f 607/542/74 642/540/73 606/540/73
f 616/552/48 647/550/78 615/550/78
f 606/540/73 641/538/72 601/538/72
f 599/534/70 638/532/69 598/532/69
f 608/544/75 643/542/74 607/542/74
f 598/532/69 637/530/68 593/530/68
f 555/488/47 648/552/48 616/552/48
f 591/526/66 634/524/65 590/524/65
f 600/536/71 639/534/70 599/534/70
f 590/524/65 633/522/64 585/522/64
f 609/546/76 644/544/75 608/544/75
f 583/518/62 630/516/61 582/516/61
f 592/528/67 635/526/66 591/526/66
f 582/516/61 629/514/60 577/514/60
f 601/538/72 640/536/71 600/536/71
f 575/497/52 626/510/59 574/510/59
f 584/520/63 631/518/62 583/518/62
f 574/510/59 625/508/58 569/508/58
f 593/530/68 636/528/67 592/528/67
f 567/504/56 622/502/55 566/502/55
f 556/487/46 553/557/46 554/558/46
f 554/558/46 613/559/46 612/560/46
f 612/560/46 611/561/46 610/562/46
f 610/562/46 605/563/46 604/564/46
f 604/564/46 603/565/46 602/566/46
f 602/566/46 597/567/46 596/568/46
f 596/568/46 595/569/46 594/570/46
f 594/570/46 589/571/46 588/485/46
f 588/485/46 587/572/46 586/573/46
f 586/573/46 581/574/46 580/575/46
f 580/575/46 579/576/46 578/577/46
f 578/577/46 573/578/46 572/486/46
f 572/486/46 571/579/46 570/580/46
f 570/580/46 565/581/46 564/582/46
f 564/582/46 563/583/46 562/584/46
f 562/584/46 557/585/46 556/487/46
f 556/487/46 554/558/46 612/560/46
f 612/560/46 610/562/46 604/564/46
f 604/564/46 602/566/46 596/568/46
f 596/568/46 594/570/46 588/485/46
f 588/485/46 586/573/46 580/575/46
f 580/575/46 578/577/46 572/486/46
f 572/486/46 570/580/46 564/582/46
f 564/582/46 562/584/46 556/487/46
f 556/487/46 612/560/46 604/564/46
f 604/564/46 596/568/46 588/485/46
f 588/485/46 580/575/46 572/486/46
f 572/486/46 564/582/46 556/487/46
f 556/487/46 604/564/46 588/485/46
f 555/488/47 616/552/48 554/489/48
f 558/491/49 555/556/47 553/492/47
f 559/494/50 558/491/49 556/493/49
f 576/496/51 628/496/51 627/497/52
f 560/498/53 559/494/50 557/495/50
f 561/500/54 560/498/53 562/499/53
f 566/502/55 561/500/54 563/501/54
f 567/504/56 566/502/55 564/503/55
f 568/506/57 567/504/56 565/505/56
f 569/508/58 568/506/57 570/507/57
f 574/510/59 569/508/58 571/509/58
f 575/497/52 574/510/59 572/511/59
f 576/496/51 575/497/52 573/512/52
f 577/514/60 576/496/51 578/513/51
f 582/516/61 577/514/60 579/515/60
f 583/518/62 582/516/61 580/517/61
f 584/520/63 583/518/62 581/519/62
f 585/522/64 584/520/63 586/521/63
f 590/524/65 585/522/64 587/523/64
f 591/526/66 590/524/65 588/525/65
f 592/528/67 591/526/66 589/527/66
f 593/530/68 592/528/67 594/529/67
f 598/532/69 593/530/68 595/531/68
f 599/534/70 598/532/69 596/533/69
f 600/536/71 599/534/70 597/535/70
f 601/538/72 600/536/71 602/537/71
f 606/540/73 601/538/72 603/539/72
f 607/542/74 606/540/73 604/541/73
f 608/544/75 607/542/74 605/543/74
f 609/546/76 608/544/75 610/545/75
f 614/548/77 609/546/76 611/547/76
f 615/550/78 614/548/77 612/549/77
f 616/552/48 615/550/78 613/551/78
f 647/555/79 648/586/79 619/587/79
f 619/587/79 617/588/79 618/589/79
f 618/589/79 620/590/79 621/591/79
f 621/591/79 622/592/79 623/593/79
f 623/593/79 624/594/79 625/595/79
f 625/595/79 626/596/79 627/597/79
f 627/597/79 628/598/79 629/599/79
f 629/599/79 630/600/79 631/553/79
f 631/553/79 632/601/79 633/602/79
f 633/602/79 634/603/79 635/604/79
f 635/604/79 636/605/79 637/606/79
f 637/606/79 638/607/79 639/554/79
f 639/554/79 640/608/79 641/609/79
f 641/609/79 642/610/79 643/611/79
f 643/611/79 644/612/79 645/613/79
f 645/613/79 646/614/79 647/555/79
f 647/555/79 619/587/79 618/589/79
f 618/589/79 621/591/79 623/593/79
f 623/593/79 625/595/79 627/597/79
f 627/597/79 629/599/79 631/553/79
f 631/553/79 633/602/79 635/604/79
f 635/604/79 637/606/79 639/554/79
f 639/554/79 641/609/79 643/611/79
f 643/611/79 645/613/79 647/555/79
f 647/555/79 618/589/79 623/593/79
f 623/593/79 627/597/79 631/553/79
f 631/553/79 635/604/79 639/554/79
f 639/554/79 643/611/79 647/555/79
f 647/555/79 623/593/79 631/553/79
f 566/502/55 622/502/55 621/500/54
f 585/522/64 633/522/64 632/520/63
f 559/494/50 618/494/50 617/491/49
f 568/506/57 624/506/57 623/504/56
f 558/491/49 617/491/49 619/556/47
f 577/514/60 629/514/60 628/496/51
f 560/498/53 620/498/53 618/494/50
f 569/508/58 625/508/58 624/506/57
f 615/550/78 647/550/78 646/548/77
f 561/500/54 621/500/54 620/498/53
f 614/548/77 646/548/77 645/546/76
f 607/542/74 643/542/74 642/540/73
f 616/552/48 648/552/48 647/550/78
f 606/540/73 642/540/73 641/538/72
f 599/534/70 639/534/70 638/532/69
f 608/544/75 644/544/75 643/542/74
f 598/532/69 638/532/69 637/530/68
f 555/488/47 619/488/47 648/552/48
f 591/526/66 635/526/66 634/524/65
f 600/536/71 640/536/71 639/534/70
f 590/524/65 634/524/65 633/522/64
f 609/546/76 645/546/76 644/544/75
f 583/518/62 631/518/62 630/516/61
f 592/528/67 636/528/67 635/526/66
f 582/516/61 630/516/61 629/514/60
f 601/538/72 641/538/72 640/536/71
f 575/497/52 627/497/52 626/510/59
f 584/520/63 632/520/63 631/518/62
f 574/510/59 626/510/59 625/508/58
f 593/530/68 637/530/68 636/528/67
f 567/504/56 623/504/56 622/502/55
o 円柱.003
v 0.868353 -0.002107 -0.971308
v 0.870393 -0.002107 -0.992018
v 0.868353 0.765099 -0.971308
v 0.870393 -0.002107 -0.950598
v 0.876433 -0.002107 -0.930684
v 0.870393 0.765099 -0.950598
v 0.876433 0.765099 -0.930684
v 0.886243 0.765099 -0.912331
v 0.899445 0.765099 -0.896244
v 0.886243 -0.002107 -0.912331
v 0.899445 -0.002107 -0.896244
v 0.915532 -0.002107 -0.883042
v 0.933885 -0.002107 -0.873232
v 0.915532 0.765099 -0.883042
v 0.933885 0.765099 -0.873232
v 0.953799 0.765099 -0.867191
v 0.974509 0.765099 -0.865151
v 0.953799 -0.002107 -0.867191
v 0.974509 -0.002107 -0.865151
v 0.995219 -0.002107 -0.867191
v 1.015134 -0.002107 -0.873232
v 0.995219 0.765099 -0.867191
v 1.015134 0.765099 -0.873232
v 1.033487 0.765099 -0.883042
v 1.049574 0.765099 -0.896244
v 1.033487 -0.002107 -0.883042
v 1.049574 -0.002107 -0.896244
v 1.062775 -0.002107 -0.912331
v 1.072585 -0.002107 -0.930684
v 1.062775 0.765099 -0.912331
v 1.072585 0.765099 -0.930684
v 1.078626 0.765099 -0.950598
v 1.080666 0.765099 -0.971308
v 1.078626 -0.002107 -0.950598
v 1.080666 -0.002107 -0.971308
v 1.078626 -0.002107 -0.992018
v 1.072585 -0.002107 -1.011932
v 1.078626 0.765099 -0.992018
v 1.072585 0.765099 -1.011932
v 1.062775 0.765099 -1.030285
v 1.049574 0.765099 -1.046372
v 1.062775 -0.002107 -1.030285
v 1.049574 -0.002107 -1.046372
v 1.033487 -0.002107 -1.059574
v 1.015134 -0.002107 -1.069384
v 1.033487 0.765099 -1.059574
v 1.015134 0.765099 -1.069384
v 0.995219 0.765099 -1.075425
v 0.974509 0.765099 -1.077465
v 0.995219 -0.002107 -1.075425
v 0.974509 -0.002107 -1.077465
v 0.953799 -0.002107 -1.075425
v 0.933885 -0.002107 -1.069384
v 0.953799 0.765099 -1.075425
v 0.933885 0.765099 -1.069384
v 0.915532 0.765099 -1.059574
v 0.899445 0.765099 -1.046372
v 0.915532 -0.002107 -1.059574
v 0.899445 -0.002107 -1.046372
v 0.886243 -0.002107 -1.030285
v 0.876433 -0.002107 -1.011932
v 0.886243 0.765099 -1.030285
v 0.876433 0.765099 -1.011932
v 0.870393 0.765099 -0.992018
v 0.870393 0.816540 -0.950598
v 0.876433 0.816540 -0.930684
v 0.868353 0.816540 -0.971308
v 0.886243 0.816540 -0.912331
v 0.899445 0.816540 -0.896244
v 0.915532 0.816540 -0.883042
v 0.933885 0.816540 -0.873232
v 0.953799 0.816540 -0.867191
v 0.974509 0.816540 -0.865151
v 0.995219 0.816540 -0.867191
v 1.015134 0.816540 -0.873232
v 1.033487 0.816540 -0.883042
v 1.049574 0.816540 -0.896244
v 1.062775 0.816540 -0.912331
v 1.072585 0.816540 -0.930684
v 1.078626 0.816540 -0.950598
v 1.080666 0.816540 -0.971308
v 1.078626 0.816540 -0.992018
v 1.072585 0.816540 -1.011932
v 1.062775 0.816540 -1.030285
v 1.049574 0.816540 -1.046372
v 1.033487 0.816540 -1.059574
v 1.015134 0.816540 -1.069384
v 0.995219 0.816540 -1.075425
v 0.974509 0.816540 -1.077465
v 0.953799 0.816540 -1.075425
v 0.933885 0.816540 -1.069384
v 0.915532 0.816540 -1.059574
v 0.899445 0.816540 -1.046372
v 0.886243 0.816540 -1.030285
v 0.876433 0.816540 -1.011932
v 0.870393 0.816540 -0.992018
vn -0.0000 -1.0000 -0.0000
vn -1.0000 -0.0000 -0.0000
vn -0.9808 -0.0000 -0.1951
vn -0.9808 -0.0000 0.1951
vn -0.9239 -0.0000 0.3827
vn 0.1951 -0.0000 0.9808
vn -0.0000 -0.0000 1.0000
vn -0.8315 -0.0000 0.5556
vn -0.7071 -0.0000 0.7071
vn -0.5556 -0.0000 0.8315
vn -0.3827 -0.0000 0.9239
vn -0.1951 -0.0000 0.9808
vn 0.3827 -0.0000 0.9239
vn 0.5556 -0.0000 0.8315
vn 0.7071 -0.0000 0.7071
vn 0.8315 -0.0000 0.5556
vn 0.9239 -0.0000 0.3827
vn 0.9808 -0.0000 0.1951
vn 1.0000 -0.0000 -0.0000
vn 0.9808 -0.0000 -0.1951
vn 0.9239 -0.0000 -0.3827
vn 0.8315 -0.0000 -0.5556
vn 0.7071 -0.0000 -0.7071
vn 0.5556 -0.0000 -0.8315
vn 0.3827 -0.0000 -0.9239
vn 0.1951 -0.0000 -0.9808
vn -0.0000 -0.0000 -1.0000
vn -0.1951 -0.0000 -0.9808
vn -0.3827 -0.0000 -0.9239
vn -0.5556 -0.0000 -0.8315
vn -0.7071 -0.0000 -0.7071
vn -0.8315 -0.0000 -0.5556
vn -0.9239 -0.0000 -0.3827
vn -0.0000 1.0000 -0.0000
vt 0.667003 0.625621
vt 0.671084 0.628970
vt 0.667735 0.633051
vt 0.584674 0.625622
vt 0.557698 0.626353
vt 0.557698 0.625622
vt 0.584674 0.648305
vt 0.557698 0.649037
vt 0.557698 0.648305
vt 0.584674 0.647573
vt 0.557698 0.647573
vt 0.584674 0.642451
vt 0.584674 0.643183
vt 0.584674 0.646841
vt 0.557698 0.646841
vt 0.584674 0.646110
vt 0.557698 0.646110
vt 0.584674 0.645378
vt 0.557698 0.645378
vt 0.584674 0.644646
vt 0.557698 0.644646
vt 0.584674 0.643915
vt 0.557698 0.643915
vt 0.557698 0.643183
vt 0.557698 0.642451
vt 0.584674 0.641719
vt 0.557698 0.641719
vt 0.584674 0.640988
vt 0.557698 0.640988
vt 0.584674 0.640256
vt 0.557698 0.640256
vt 0.584674 0.639524
vt 0.557698 0.639524
vt 0.584674 0.638793
vt 0.557698 0.638793
vt 0.584674 0.638061
vt 0.557698 0.638061
vt 0.584674 0.637329
vt 0.557698 0.637329
vt 0.584674 0.636597
vt 0.557698 0.636597
vt 0.584674 0.635866
vt 0.557698 0.635866
vt 0.584674 0.635134
vt 0.557698 0.635134
vt 0.584674 0.634402
vt 0.557698 0.634402
vt 0.584674 0.633671
vt 0.557698 0.633671
vt 0.584674 0.632939
vt 0.557698 0.632939
vt 0.584674 0.632207
vt 0.557698 0.632207
vt 0.584674 0.631475
vt 0.557698 0.631475
vt 0.584674 0.630744
vt 0.557698 0.630744
vt 0.584674 0.630012
vt 0.557698 0.630012
vt 0.584674 0.629280
vt 0.557698 0.629280
vt 0.584674 0.628549
vt 0.557698 0.628549
vt 0.584674 0.627817
vt 0.557698 0.627817
vt 0.584674 0.627085
vt 0.557698 0.627085
vt 0.584674 0.626353
vt 0.659574 0.625622
vt 0.663654 0.628970
vt 0.660306 0.633051
vt 0.584674 0.649037
vt 0.667003 0.633051
vt 0.666286 0.632908
vt 0.665610 0.632628
vt 0.665001 0.632221
vt 0.664484 0.631704
vt 0.664077 0.631096
vt 0.663797 0.630420
vt 0.663654 0.629702
vt 0.663654 0.628970
vt 0.663797 0.628253
vt 0.664077 0.627577
vt 0.664484 0.626968
vt 0.665001 0.626451
vt 0.665609 0.626044
vt 0.666286 0.625764
vt 0.667735 0.625621
vt 0.668453 0.625764
vt 0.669128 0.626044
vt 0.669737 0.626451
vt 0.670254 0.626968
vt 0.670661 0.627576
vt 0.670941 0.628253
vt 0.671084 0.629702
vt 0.670941 0.630420
vt 0.670661 0.631096
vt 0.670254 0.631704
vt 0.669737 0.632221
vt 0.669129 0.632628
vt 0.668453 0.632908
vt 0.659574 0.633051
vt 0.658856 0.632908
vt 0.658180 0.632628
vt 0.657572 0.632222
vt 0.657054 0.631704
vt 0.656648 0.631096
vt 0.656368 0.630420
vt 0.656225 0.629702
vt 0.656225 0.628970
vt 0.656368 0.628253
vt 0.656648 0.627577
vt 0.657054 0.626968
vt 0.657572 0.626451
vt 0.658180 0.626044
vt 0.658856 0.625764
vt 0.660306 0.625622
vt 0.661023 0.625764
vt 0.661699 0.626044
vt 0.662308 0.626451
vt 0.662825 0.626968
vt 0.663232 0.627577
vt 0.663512 0.628253
vt 0.663654 0.629702
vt 0.663512 0.630420
vt 0.663232 0.631096
vt 0.662825 0.631704
vt 0.662308 0.632222
vt 0.661699 0.632628
vt 0.661023 0.632908
s 1
usemtl マテリアル
f 684/615/80 668/616/80 652/617/80
f 651/618/81 650/619/82 649/620/81
f 654/621/83 649/622/81 652/623/83
f 655/624/84 652/623/83 653/625/84
f 670/626/85 721/627/86 665/627/86
f 656/628/87 653/625/84 658/629/87
f 657/630/88 658/629/87 659/631/88
f 662/632/89 659/631/88 660/633/89
f 663/634/90 660/633/89 661/635/90
f 664/636/91 661/635/90 666/637/91
f 665/627/86 666/637/91 667/638/86
f 670/626/85 667/638/86 668/639/85
f 671/640/92 668/639/85 669/641/92
f 672/642/93 669/641/92 674/643/93
f 673/644/94 674/643/93 675/645/94
f 678/646/95 675/645/94 676/647/95
f 679/648/96 676/647/95 677/649/96
f 680/650/97 677/649/96 682/651/97
f 681/652/98 682/651/97 683/653/98
f 686/654/99 683/653/98 684/655/99
f 687/656/100 684/655/99 685/657/100
f 688/658/101 685/657/100 690/659/101
f 689/660/102 690/659/101 691/661/102
f 694/662/103 691/661/102 692/663/103
f 695/664/104 692/663/103 693/665/104
f 696/666/105 693/665/104 698/667/105
f 697/668/106 698/667/105 699/669/106
f 702/670/107 699/669/106 700/671/107
f 703/672/108 700/671/107 701/673/108
f 704/674/109 701/673/108 706/675/109
f 705/676/110 706/675/109 707/677/110
f 710/678/111 707/677/110 708/679/111
f 711/680/112 708/679/111 709/681/112
f 712/682/82 709/681/112 650/619/82
f 727/683/113 735/684/113 743/685/113
f 689/660/102 732/658/101 688/658/101
f 663/634/90 718/632/89 662/632/89
f 672/642/93 723/640/92 671/640/92
f 662/632/89 717/630/88 657/630/88
f 681/652/98 728/650/97 680/650/97
f 655/624/84 713/621/83 654/621/83
f 664/636/91 719/634/90 663/634/90
f 654/621/83 715/686/81 651/686/81
f 673/644/94 724/642/93 672/642/93
f 656/628/87 714/624/84 655/624/84
f 665/627/86 720/636/91 664/636/91
f 711/680/112 742/678/111 710/678/111
f 657/630/88 716/628/87 656/628/87
f 710/678/111 741/676/110 705/676/110
f 703/672/108 738/670/107 702/670/107
f 712/682/82 743/680/112 711/680/112
f 702/670/107 737/668/106 697/668/106
f 695/664/104 734/662/103 694/662/103
f 704/674/109 739/672/108 703/672/108
f 694/662/103 733/660/102 689/660/102
f 651/618/81 744/682/82 712/682/82
f 687/656/100 730/654/99 686/654/99
f 696/666/105 735/664/104 695/664/104
f 686/654/99 729/652/98 681/652/98
f 705/676/110 740/674/109 704/674/109
f 679/648/96 726/646/95 678/646/95
f 688/658/101 731/656/100 687/656/100
f 678/646/95 725/644/94 673/644/94
f 697/668/106 736/666/105 696/666/105
f 671/640/92 722/626/85 670/626/85
f 680/650/97 727/648/96 679/648/96
f 652/617/80 649/687/80 650/688/80
f 650/688/80 709/689/80 708/690/80
f 708/690/80 707/691/80 706/692/80
f 706/692/80 701/693/80 700/694/80
f 700/694/80 699/695/80 698/696/80
f 698/696/80 693/697/80 692/698/80
f 692/698/80 691/699/80 690/700/80
f 690/700/80 685/701/80 684/615/80
f 684/615/80 683/702/80 682/703/80
f 682/703/80 677/704/80 676/705/80
f 676/705/80 675/706/80 674/707/80
f 674/707/80 669/708/80 668/616/80
f 668/616/80 667/709/80 666/710/80
f 666/710/80 661/711/80 660/712/80
f 660/712/80 659/713/80 658/714/80
f 658/714/80 653/715/80 652/617/80
f 652/617/80 650/688/80 708/690/80
f 708/690/80 706/692/80 700/694/80
f 700/694/80 698/696/80 692/698/80
f 692/698/80 690/700/80 684/615/80
f 684/615/80 682/703/80 676/705/80
f 676/705/80 674/707/80 668/616/80
f 668/616/80 666/710/80 660/712/80
f 660/712/80 658/714/80 652/617/80
f 652/617/80 708/690/80 700/694/80
f 700/694/80 692/698/80 684/615/80
f 684/615/80 676/705/80 668/616/80
f 668/616/80 660/712/80 652/617/80
f 652/617/80 700/694/80 684/615/80
f 651/618/81 712/682/82 650/619/82
f 654/621/83 651/686/81 649/622/81
f 655/624/84 654/621/83 652/623/83
f 670/626/85 722/626/85 721/627/86
f 656/628/87 655/624/84 653/625/84
f 657/630/88 656/628/87 658/629/87
f 662/632/89 657/630/88 659/631/88
f 663/634/90 662/632/89 660/633/89
f 664/636/91 663/634/90 661/635/90
f 665/627/86 664/636/91 666/637/91
f 670/626/85 665/627/86 667/638/86
f 671/640/92 670/626/85 668/639/85
f 672/642/93 671/640/92 669/641/92
f 673/644/94 672/642/93 674/643/93
f 678/646/95 673/644/94 675/645/94
f 679/648/96 678/646/95 676/647/95
f 680/650/97 679/648/96 677/649/96
f 681/652/98 680/650/97 682/651/97
f 686/654/99 681/652/98 683/653/98
f 687/656/100 686/654/99 684/655/99
f 688/658/101 687/656/100 685/657/100
f 689/660/102 688/658/101 690/659/101
f 694/662/103 689/660/102 691/661/102
f 695/664/104 694/662/103 692/663/103
f 696/666/105 695/664/104 693/665/104
f 697/668/106 696/666/105 698/667/105
f 702/670/107 697/668/106 699/669/106
f 703/672/108 702/670/107 700/671/107
f 704/674/109 703/672/108 701/673/108
f 705/676/110 704/674/109 706/675/109
f 710/678/111 705/676/110 707/677/110
f 711/680/112 710/678/111 708/679/111
f 712/682/82 711/680/112 709/681/112
f 743/685/113 744/716/113 715/717/113
f 715/717/113 713/718/113 714/719/113
f 714/719/113 716/720/113 717/721/113
f 717/721/113 718/722/113 719/723/113
f 719/723/113 720/724/113 721/725/113
f 721/725/113 722/726/113 723/727/113
f 723/727/113 724/728/113 725/729/113
f 725/729/113 726/730/113 727/683/113
f 727/683/113 728/731/113 729/732/113
f 729/732/113 730/733/113 731/734/113
f 731/734/113 732/735/113 733/736/113
f 733/736/113 734/737/113 735/684/113
f 735/684/113 736/738/113 737/739/113
f 737/739/113 738/740/113 739/741/113
f 739/741/113 740/742/113 741/743/113
f 741/743/113 742/744/113 743/685/113
f 743/685/113 715/717/113 714/719/113
f 714/719/113 717/721/113 719/723/113
f 719/723/113 721/725/113 723/727/113
f 723/727/113 725/729/113 727/683/113
f 727/683/113 729/732/113 731/734/113
f 731/734/113 733/736/113 735/684/113
f 735/684/113 737/739/113 739/741/113
f 739/741/113 741/743/113 743/685/113
f 743/685/113 714/719/113 719/723/113
f 719/723/113 723/727/113 727/683/113
f 727/683/113 731/734/113 735/684/113
f 735/684/113 739/741/113 743/685/113
f 743/685/113 719/723/113 727/683/113
f 689/660/102 733/660/102 732/658/101
f 663/634/90 719/634/90 718/632/89
f 672/642/93 724/642/93 723/640/92
f 662/632/89 718/632/89 717/630/88
f 681/652/98 729/652/98 728/650/97
f 655/624/84 714/624/84 713/621/83
f 664/636/91 720/636/91 719/634/90
f 654/621/83 713/621/83 715/686/81
f 673/644/94 725/644/94 724/642/93
f 656/628/87 716/628/87 714/624/84
f 665/627/86 721/627/86 720/636/91
f 711/680/112 743/680/112 742/678/111
f 657/630/88 717/630/88 716/628/87
f 710/678/111 742/678/111 741/676/110
f 703/672/108 739/672/108 738/670/107
f 712/682/82 744/682/82 743/680/112
f 702/670/107 738/670/107 737/668/106
f 695/664/104 735/664/104 734/662/103
f 704/674/109 740/674/109 739/672/108
f 694/662/103 734/662/103 733/660/102
f 651/618/81 715/618/81 744/682/82
f 687/656/100 731/656/100 730/654/99
f 696/666/105 736/666/105 735/664/104
f 686/654/99 730/654/99 729/652/98
f 705/676/110 741/676/110 740/674/109
f 679/648/96 727/648/96 726/646/95
f 688/658/101 732/658/101 731/656/100
f 678/646/95 726/646/95 725/644/94
f 697/668/106 737/668/106 736/666/105
f 671/640/92 723/640/92 722/626/85
f 680/650/97 728/650/97 727/648/96
o 円柱.004
v -0.868353 -0.002107 0.971308
v -0.870393 -0.002107 0.992018
v -0.868353 0.765099 0.971308
v -0.870393 -0.002107 0.950598
v -0.876434 -0.002107 0.930684
v -0.870393 0.765099 0.950598
v -0.876434 0.765099 0.930684
v -0.886243 0.765099 0.912331
v -0.899445 0.765099 0.896244
v -0.886243 -0.002107 0.912331
v -0.899445 -0.002107 0.896244
v -0.915532 -0.002107 0.883042
v -0.933885 -0.002107 0.873232
v -0.915532 0.765099 0.883042
v -0.933885 0.765099 0.873232
v -0.953799 0.765099 0.867191
v -0.974509 0.765099 0.865151
v -0.953799 -0.002107 0.867191
v -0.974509 -0.002107 0.865151
v -0.995220 -0.002107 0.867191
v -1.015134 -0.002107 0.873232
v -0.995220 0.765099 0.867191
v -1.015134 0.765099 0.873232
v -1.033487 0.765099 0.883042
v -1.049574 0.765099 0.896244
v -1.033487 -0.002107 0.883042
v -1.049574 -0.002107 0.896244
v -1.062775 -0.002107 0.912331
v -1.072585 -0.002107 0.930684
v -1.062775 0.765099 0.912331
v -1.072585 0.765099 0.930684
v -1.078626 0.765099 0.950598
v -1.080666 0.765099 0.971308
v -1.078626 -0.002107 0.950598
v -1.080666 -0.002107 0.971308
v -1.078626 -0.002107 0.992018
v -1.072585 -0.002107 1.011932
v -1.078626 0.765099 0.992018
v -1.072585 0.765099 1.011932
v -1.062775 0.765099 1.030285
v -1.049574 0.765099 1.046372
v -1.062775 -0.002107 1.030285
v -1.049574 -0.002107 1.046372
v -1.033487 -0.002107 1.059574
v -1.015134 -0.002107 1.069384
v -1.033487 0.765099 1.059574
v -1.015134 0.765099 1.069384
v -0.995220 0.765099 1.075425
v -0.974509 0.765099 1.077465
v -0.995220 -0.002107 1.075425
v -0.974509 -0.002107 1.077465
v -0.953799 -0.002107 1.075425
v -0.933885 -0.002107 1.069384
v -0.953799 0.765099 1.075425
v -0.933885 0.765099 1.069384
v -0.915532 0.765099 1.059574
v -0.899445 0.765099 1.046372
v -0.915532 -0.002107 1.059574
v -0.899445 -0.002107 1.046372
v -0.886243 -0.002107 1.030285
v -0.876434 -0.002107 1.011932
v -0.886243 0.765099 1.030285
v -0.876434 0.765099 1.011932
v -0.870393 0.765099 0.992018
v -0.870393 0.816540 0.950598
v -0.876434 0.816540 0.930684
v -0.868353 0.816540 0.971308
v -0.886243 0.816540 0.912331
v -0.899445 0.816540 0.896244
v -0.915532 0.816540 0.883042
v -0.933885 0.816540 0.873232
v -0.953799 0.816540 0.867191
v -0.974509 0.816540 0.865151
v -0.995220 0.816540 0.867191
v -1.015134 0.816540 0.873232
v -1.033487 0.816540 0.883042
v -1.049574 0.816540 0.896244
v -1.062775 0.816540 0.912331
v -1.072585 0.816540 0.930684
v -1.078626 0.816540 0.950598
v -1.080666 0.816540 0.971308
v -1.078626 0.816540 0.992018
v -1.072585 0.816540 1.011932
v -1.062775 0.816540 1.030285
v -1.049574 0.816540 1.046372
v -1.033487 0.816540 1.059574
v -1.015134 0.816540 1.069384
v -0.995220 0.816540 1.075425
v -0.974509 0.816540 1.077465
v -0.953799 0.816540 1.075425
v -0.933885 0.816540 1.069384
v -0.915532 0.816540 1.059574
v -0.899445 0.816540 1.046372
v -0.886243 0.816540 1.030285
v -0.876434 0.816540 1.011932
v -0.870393 0.816540 0.992018
vn -0.0000 -1.0000 -0.0000
vn 1.0000 -0.0000 -0.0000
vn 0.9808 -0.0000 0.1951
vn 0.9808 -0.0000 -0.1951
vn 0.9239 -0.0000 -0.3827
vn -0.1951 -0.0000 0.9808
vn -0.3827 -0.0000 0.9239
vn 0.8315 -0.0000 -0.5556
vn 0.7071 -0.0000 -0.7071
vn 0.5556 -0.0000 -0.8315
vn 0.3827 -0.0000 -0.9239
vn 0.1951 -0.0000 -0.9808
vn -0.0000 -0.0000 -1.0000
vn -0.1951 -0.0000 -0.9808
vn -0.3827 -0.0000 -0.9239
vn -0.5556 -0.0000 -0.8315
vn -0.7071 -0.0000 -0.7071
vn -0.8315 -0.0000 -0.5556
vn -0.9239 -0.0000 -0.3827
vn -0.9808 -0.0000 -0.1951
vn -1.0000 -0.0000 -0.0000
vn -0.9808 -0.0000 0.1951
vn -0.9239 -0.0000 0.3827
vn -0.8315 -0.0000 0.5556
vn -0.7071 -0.0000 0.7071
vn -0.5556 -0.0000 0.8315
vn -0.0000 -0.0000 1.0000
vn 0.1951 -0.0000 0.9808
vn 0.3827 -0.0000 0.9239
vn 0.5556 -0.0000 0.8315
vn 0.7071 -0.0000 0.7071
vn 0.8315 -0.0000 0.5556
vn 0.9239 -0.0000 0.3827
vn -0.0000 1.0000 -0.0000
vt 0.641224 0.630420
vt 0.636569 0.632908
vt 0.634080 0.628253
vt 0.611650 0.625622
vt 0.584674 0.626353
vt 0.584674 0.625622
vt 0.611650 0.648305
vt 0.584674 0.649037
vt 0.584674 0.648305
vt 0.611650 0.647573
vt 0.584674 0.647573
vt 0.611650 0.632207
vt 0.611650 0.632939
vt 0.611650 0.646841
vt 0.584674 0.646841
vt 0.611650 0.646110
vt 0.584674 0.646110
vt 0.611650 0.645378
vt 0.584674 0.645378
vt 0.611650 0.644646
vt 0.584674 0.644646
vt 0.611650 0.643915
vt 0.584674 0.643915
vt 0.611650 0.643183
vt 0.584674 0.643183
vt 0.611650 0.642451
vt 0.584674 0.642451
vt 0.611650 0.641719
vt 0.584674 0.641719
vt 0.611650 0.640988
vt 0.584674 0.640988
vt 0.611650 0.640256
vt 0.584674 0.640256
vt 0.611650 0.639524
vt 0.584674 0.639524
vt 0.611650 0.638793
vt 0.584674 0.638793
vt 0.611650 0.638061
vt 0.584674 0.638061
vt 0.611650 0.637329
vt 0.584674 0.637329
vt 0.611650 0.636597
vt 0.584674 0.636597
vt 0.611650 0.635866
vt 0.584674 0.635866
vt 0.611650 0.635134
vt 0.584674 0.635134
vt 0.611650 0.634402
vt 0.584674 0.634402
vt 0.611650 0.633671
vt 0.584674 0.633671
vt 0.584674 0.632939
vt 0.584674 0.632207
vt 0.611650 0.631475
vt 0.584674 0.631475
vt 0.611650 0.630744
vt 0.584674 0.630744
vt 0.611650 0.630012
vt 0.584674 0.630012
vt 0.611650 0.629280
vt 0.584674 0.629280
vt 0.611650 0.628549
vt 0.584674 0.628549
vt 0.611650 0.627817
vt 0.584674 0.627817
vt 0.611650 0.627085
vt 0.584674 0.627085
vt 0.611650 0.626353
vt 0.633937 0.629702
vt 0.629857 0.633051
vt 0.626508 0.628971
vt 0.611650 0.649037
vt 0.634360 0.627577
vt 0.634767 0.626968
vt 0.635284 0.626451
vt 0.635892 0.626045
vt 0.636568 0.625764
vt 0.637286 0.625622
vt 0.638018 0.625622
vt 0.638735 0.625764
vt 0.639412 0.626044
vt 0.640020 0.626451
vt 0.640537 0.626968
vt 0.640944 0.627577
vt 0.641224 0.628253
vt 0.641367 0.628970
vt 0.641367 0.629702
vt 0.640944 0.631096
vt 0.640537 0.631704
vt 0.640020 0.632222
vt 0.639412 0.632628
vt 0.638736 0.632908
vt 0.638018 0.633051
vt 0.637286 0.633051
vt 0.635893 0.632628
vt 0.635284 0.632222
vt 0.634767 0.631704
vt 0.634360 0.631096
vt 0.634080 0.630420
vt 0.633937 0.628971
vt 0.626651 0.628253
vt 0.626931 0.627577
vt 0.627338 0.626968
vt 0.627855 0.626451
vt 0.628463 0.626045
vt 0.629139 0.625764
vt 0.629857 0.625622
vt 0.630589 0.625622
vt 0.631306 0.625765
vt 0.631982 0.626045
vt 0.632591 0.626451
vt 0.633108 0.626969
vt 0.633515 0.627577
vt 0.633795 0.628253
vt 0.633937 0.628971
vt 0.633795 0.630420
vt 0.633515 0.631096
vt 0.633108 0.631704
vt 0.632591 0.632222
vt 0.631982 0.632628
vt 0.631306 0.632908
vt 0.630589 0.633051
vt 0.629139 0.632908
vt 0.628463 0.632628
vt 0.627855 0.632222
vt 0.627337 0.631704
vt 0.626931 0.631096
vt 0.626651 0.630420
vt 0.626508 0.629702
s 1
usemtl マテリアル
f 780/745/114 764/746/114 748/747/114
f 747/748/115 746/749/116 745/750/115
f 750/751/117 745/752/115 748/753/117
f 751/754/118 748/753/117 749/755/118
f 792/756/119 831/757/120 791/757/120
f 752/758/121 749/755/118 754/759/121
f 753/760/122 754/759/121 755/761/122
f 758/762/123 755/761/122 756/763/123
f 759/764/124 756/763/123 757/765/124
f 760/766/125 757/765/124 762/767/125
f 761/768/126 762/767/125 763/769/126
f 766/770/127 763/769/126 764/771/127
f 767/772/128 764/771/127 765/773/128
f 768/774/129 765/773/128 770/775/129
f 769/776/130 770/775/129 771/777/130
f 774/778/131 771/777/130 772/779/131
f 775/780/132 772/779/131 773/781/132
f 776/782/133 773/781/132 778/783/133
f 777/784/134 778/783/133 779/785/134
f 782/786/135 779/785/134 780/787/135
f 783/788/136 780/787/135 781/789/136
f 784/790/137 781/789/136 786/791/137
f 785/792/138 786/791/137 787/793/138
f 790/794/139 787/793/138 788/795/139
f 791/757/120 788/795/139 789/796/120
f 792/756/119 789/796/120 794/797/119
f 793/798/140 794/797/119 795/799/140
f 798/800/141 795/799/140 796/801/141
f 799/802/142 796/801/141 797/803/142
f 800/804/143 797/803/142 802/805/143
f 801/806/144 802/805/143 803/807/144
f 806/808/145 803/807/144 804/809/145
f 807/810/146 804/809/145 805/811/146
f 808/812/116 805/811/146 746/749/116
f 823/813/147 831/814/147 839/815/147
f 782/786/135 825/784/134 777/784/134
f 801/806/144 836/804/143 800/804/143
f 775/780/132 822/778/131 774/778/131
f 784/790/137 827/788/136 783/788/136
f 774/778/131 821/776/130 769/776/130
f 793/798/140 832/756/119 792/756/119
f 767/772/128 818/770/127 766/770/127
f 776/782/133 823/780/132 775/780/132
f 766/770/127 817/768/126 761/768/126
f 785/792/138 828/790/137 784/790/137
f 759/764/124 814/762/123 758/762/123
f 768/774/129 819/772/128 767/772/128
f 758/762/123 813/760/122 753/760/122
f 777/784/134 824/782/133 776/782/133
f 751/754/118 809/751/117 750/751/117
f 760/766/125 815/764/124 759/764/124
f 750/751/117 811/816/115 747/816/115
f 769/776/130 820/774/129 768/774/129
f 752/758/121 810/754/118 751/754/118
f 761/768/126 816/766/125 760/766/125
f 807/810/146 838/808/145 806/808/145
f 753/760/122 812/758/121 752/758/121
f 806/808/145 837/806/144 801/806/144
f 799/802/142 834/800/141 798/800/141
f 808/812/116 839/810/146 807/810/146
f 798/800/141 833/798/140 793/798/140
f 791/757/120 830/794/139 790/794/139
f 800/804/143 835/802/142 799/802/142
f 790/794/139 829/792/138 785/792/138
f 747/748/115 840/812/116 808/812/116
f 783/788/136 826/786/135 782/786/135
f 748/747/114 745/817/114 746/818/114
f 746/818/114 805/819/114 804/820/114
f 804/820/114 803/821/114 802/822/114
f 802/822/114 797/823/114 796/824/114
f 796/824/114 795/825/114 794/826/114
f 794/826/114 789/827/114 788/828/114
f 788/828/114 787/829/114 786/830/114
f 786/830/114 781/831/114 780/745/114
f 780/745/114 779/832/114 778/833/114
f 778/833/114 773/834/114 772/835/114
f 772/835/114 771/836/114 770/837/114
f 770/837/114 765/838/114 764/746/114
f 764/746/114 763/839/114 762/840/114
f 762/840/114 757/841/114 756/842/114
f 756/842/114 755/843/114 754/813/114
f 754/813/114 749/844/114 748/747/114
f 748/747/114 746/818/114 804/820/114
f 804/820/114 802/822/114 796/824/114
f 796/824/114 794/826/114 788/828/114
f 788/828/114 786/830/114 780/745/114
f 780/745/114 778/833/114 772/835/114
f 772/835/114 770/837/114 764/746/114
f 764/746/114 762/840/114 756/842/114
f 756/842/114 754/813/114 748/747/114
f 748/747/114 804/820/114 796/824/114
f 796/824/114 788/828/114 780/745/114
f 780/745/114 772/835/114 764/746/114
f 764/746/114 756/842/114 748/747/114
f 748/747/114 796/824/114 780/745/114
f 747/748/115 808/812/116 746/749/116
f 750/751/117 747/816/115 745/752/115
f 751/754/118 750/751/117 748/753/117
f 792/756/119 832/756/119 831/757/120
f 752/758/121 751/754/118 749/755/118
f 753/760/122 752/758/121 754/759/121
f 758/762/123 753/760/122 755/761/122
f 759/764/124 758/762/123 756/763/123
f 760/766/125 759/764/124 757/765/124
f 761/768/126 760/766/125 762/767/125
f 766/770/127 761/768/126 763/769/126
f 767/772/128 766/770/127 764/771/127
f 768/774/129 767/772/128 765/773/128
f 769/776/130 768/774/129 770/775/129
f 774/778/131 769/776/130 771/777/130
f 775/780/132 774/778/131 772/779/131
f 776/782/133 775/780/132 773/781/132
f 777/784/134 776/782/133 778/783/133
f 782/786/135 777/784/134 779/785/134
f 783/788/136 782/786/135 780/787/135
f 784/790/137 783/788/136 781/789/136
f 785/792/138 784/790/137 786/791/137
f 790/794/139 785/792/138 787/793/138
f 791/757/120 790/794/139 788/795/139
f 792/756/119 791/757/120 789/796/120
f 793/798/140 792/756/119 794/797/119
f 798/800/141 793/798/140 795/799/140
f 799/802/142 798/800/141 796/801/141
f 800/804/143 799/802/142 797/803/142
f 801/806/144 800/804/143 802/805/143
f 806/808/145 801/806/144 803/807/144
f 807/810/146 806/808/145 804/809/145
f 808/812/116 807/810/146 805/811/146
f 839/815/147 840/845/147 811/846/147
f 811/846/147 809/847/147 810/848/147
f 810/848/147 812/849/147 813/850/147
f 813/850/147 814/851/147 815/852/147
f 815/852/147 816/853/147 817/854/147
f 817/854/147 818/855/147 819/856/147
f 819/856/147 820/857/147 821/858/147
f 821/858/147 822/859/147 823/813/147
f 823/813/147 824/860/147 825/861/147
f 825/861/147 826/862/147 827/863/147
f 827/863/147 828/864/147 829/865/147
f 829/865/147 830/866/147 831/814/147
f 831/814/147 832/867/147 833/868/147
f 833/868/147 834/869/147 835/870/147
f 835/870/147 836/871/147 837/872/147
f 837/872/147 838/873/147 839/815/147
f 839/815/147 811/846/147 810/848/147
f 810/848/147 813/850/147 815/852/147
f 815/852/147 817/854/147 819/856/147
f 819/856/147 821/858/147 823/813/147
f 823/813/147 825/861/147 827/863/147
f 827/863/147 829/865/147 831/814/147
f 831/814/147 833/868/147 835/870/147
f 835/870/147 837/872/147 839/815/147
f 839/815/147 810/848/147 815/852/147
f 815/852/147 819/856/147 823/813/147
f 823/813/147 827/863/147 831/814/147
f 831/814/147 835/870/147 839/815/147
f 839/815/147 815/852/147 823/813/147
f 782/786/135 826/786/135 825/784/134
f 801/806/144 837/806/144 836/804/143
f 775/780/132 823/780/132 822/778/131
f 784/790/137 828/790/137 827/788/136
f 774/778/131 822/778/131 821/776/130
f 793/798/140 833/798/140 832/756/119
f 767/772/128 819/772/128 818/770/127
f 776/782/133 824/782/133 823/780/132
f 766/770/127 818/770/127 817/768/126
f 785/792/138 829/792/138 828/790/137
f 759/764/124 815/764/124 814/762/123
f 768/774/129 820/774/129 819/772/128
f 758/762/123 814/762/123 813/760/122
f 777/784/134 825/784/134 824/782/133
f 751/754/118 810/754/118 809/751/117
f 760/766/125 816/766/125 815/764/124
f 750/751/117 809/751/117 811/816/115
f 769/776/130 821/776/130 820/774/129
f 752/758/121 812/758/121 810/754/118
f 761/768/126 817/768/126 816/766/125
f 807/810/146 839/810/146 838/808/145
f 753/760/122 813/760/122 812/758/121
f 806/808/145 838/808/145 837/806/144
f 799/802/142 835/802/142 834/800/141
f 808/812/116 840/812/116 839/810/146
f 798/800/141 834/800/141 833/798/140
f 791/757/120 831/757/120 830/794/139
f 800/804/143 836/804/143 835/802/142
f 790/794/139 830/794/139 829/792/138
f 747/748/115 811/748/115 840/812/116
f 783/788/136 827/788/136 826/786/135
o 円柱.005
v -0.971308 -0.002107 -0.868353
v -0.992018 -0.002107 -0.870393
v -0.971308 0.765099 -0.868353
v -0.950598 -0.002107 -0.870393
v -0.930684 -0.002107 -0.876433
v -0.950598 0.765099 -0.870393
v -0.930684 0.765099 -0.876433
v -0.912331 0.765099 -0.886243
v -0.896244 0.765099 -0.899445
v -0.912331 -0.002107 -0.886243
v -0.896244 -0.002107 -0.899445
v -0.883042 -0.002107 -0.915532
v -0.873232 -0.002107 -0.933885
v -0.883042 0.765099 -0.915532
v -0.873232 0.765099 -0.933885
v -0.867191 0.765099 -0.953799
v -0.865151 0.765099 -0.974509
v -0.867191 -0.002107 -0.953799
v -0.865151 -0.002107 -0.974509
v -0.867191 -0.002107 -0.995219
v -0.873232 -0.002107 -1.015134
v -0.867191 0.765099 -0.995219
v -0.873232 0.765099 -1.015134
v -0.883042 0.765099 -1.033487
v -0.896244 0.765099 -1.049573
v -0.883042 -0.002107 -1.033487
v -0.896244 -0.002107 -1.049573
v -0.912331 -0.002107 -1.062775
v -0.930684 -0.002107 -1.072585
v -0.912331 0.765099 -1.062775
v -0.930684 0.765099 -1.072585
v -0.950598 0.765099 -1.078626
v -0.971308 0.765099 -1.080666
v -0.950598 -0.002107 -1.078626
v -0.971308 -0.002107 -1.080666
v -0.992018 -0.002107 -1.078626
v -1.011933 -0.002107 -1.072585
v -0.992018 0.765099 -1.078626
v -1.011933 0.765099 -1.072585
v -1.030286 0.765099 -1.062775
v -1.046372 0.765099 -1.049573
v -1.030286 -0.002107 -1.062775
v -1.046372 -0.002107 -1.049573
v -1.059574 -0.002107 -1.033487
v -1.069384 -0.002107 -1.015134
v -1.059574 0.765099 -1.033487
v -1.069384 0.765099 -1.015134
v -1.075425 0.765099 -0.995219
v -1.077465 0.765099 -0.974509
v -1.075425 -0.002107 -0.995219
v -1.077465 -0.002107 -0.974509
v -1.075425 -0.002107 -0.953799
v -1.069384 -0.002107 -0.933885
v -1.075425 0.765099 -0.953799
v -1.069384 0.765099 -0.933885
v -1.059574 0.765099 -0.915532
v -1.046372 0.765099 -0.899445
v -1.059574 -0.002107 -0.915532
v -1.046372 -0.002107 -0.899445
v -1.030286 -0.002107 -0.886243
v -1.011933 -0.002107 -0.876433
v -1.030286 0.765099 -0.886243
v -1.011933 0.765099 -0.876433
v -0.992018 0.765099 -0.870393
v -0.950598 0.816540 -0.870393
v -0.930684 0.816540 -0.876433
v -0.971308 0.816540 -0.868353
v -0.912331 0.816540 -0.886243
v -0.896244 0.816540 -0.899445
v -0.883042 0.816540 -0.915532
v -0.873232 0.816540 -0.933885
v -0.867191 0.816540 -0.953799
v -0.865151 0.816540 -0.974509
v -0.867191 0.816540 -0.995219
v -0.873232 0.816540 -1.015134
v -0.883042 0.816540 -1.033487
v -0.896244 0.816540 -1.049573
v -0.912331 0.816540 -1.062775
v -0.930684 0.816540 -1.072585
v -0.950598 0.816540 -1.078626
v -0.971308 0.816540 -1.080666
v -0.992018 0.816540 -1.078626
v -1.011933 0.816540 -1.072585
v -1.030286 0.816540 -1.062775
v -1.046372 0.816540 -1.049573
v -1.059574 0.816540 -1.033487
v -1.069384 0.816540 -1.015134
v -1.075425 0.816540 -0.995219
v -1.077465 0.816540 -0.974509
v -1.075425 0.816540 -0.953799
v -1.069384 0.816540 -0.933885
v -1.059574 0.816540 -0.915532
v -1.046372 0.816540 -0.899445
v -1.030286 0.816540 -0.886243
v -1.011933 0.816540 -0.876433
v -0.992018 0.816540 -0.870393
vn -0.0000 -1.0000 -0.0000
vn -0.0000 -0.0000 1.0000
vn -0.1951 -0.0000 0.9808
vn 0.1951 -0.0000 0.9808
vn 0.3827 -0.0000 0.9239
vn -0.3827 -0.0000 0.9239
vn -0.5556 -0.0000 0.8315
vn 0.5556 -0.0000 0.8315
vn 0.7071 -0.0000 0.7071
vn 0.8315 -0.0000 0.5556
vn 0.9239 -0.0000 0.3827
vn 0.9808 -0.0000 0.1951
vn 1.0000 -0.0000 -0.0000
vn 0.9808 -0.0000 -0.1951
vn 0.9239 -0.0000 -0.3827
vn 0.8315 -0.0000 -0.5556
vn 0.7071 -0.0000 -0.7071
vn 0.5556 -0.0000 -0.8315
vn 0.3827 -0.0000 -0.9239
vn 0.1951 -0.0000 -0.9808
vn -0.0000 -0.0000 -1.0000
vn -0.1951 -0.0000 -0.9808
vn -0.3827 -0.0000 -0.9239
vn -0.5556 -0.0000 -0.8315
vn -0.7071 -0.0000 -0.7071
vn -0.8315 -0.0000 -0.5556
vn -0.9239 -0.0000 -0.3827
vn -0.9808 -0.0000 -0.1951
vn -1.0000 -0.0000 -0.0000
vn -0.9808 -0.0000 0.1951
vn -0.9239 -0.0000 0.3827
vn -0.8315 -0.0000 0.5556
vn -0.7071 -0.0000 0.7071
vn -0.0000 1.0000 -0.0000
vt 0.642196 0.631704
vt 0.642713 0.626451
vt 0.647967 0.626968
vt 0.503746 0.649037
vt 0.530722 0.648305
vt 0.530722 0.649037
vt 0.503746 0.626353
vt 0.530722 0.625622
vt 0.530722 0.626353
vt 0.503746 0.627085
vt 0.530722 0.627085
vt 0.503746 0.647573
vt 0.503746 0.646841
vt 0.503746 0.627817
vt 0.530722 0.627817
vt 0.503746 0.628549
vt 0.530722 0.628549
vt 0.503746 0.629280
vt 0.530722 0.629280
vt 0.503746 0.630012
vt 0.530722 0.630012
vt 0.503746 0.630744
vt 0.530722 0.630744
vt 0.503746 0.631475
vt 0.530722 0.631475
vt 0.503746 0.632207
vt 0.530722 0.632207
vt 0.503746 0.632939
vt 0.530722 0.632939
vt 0.503746 0.633671
vt 0.530722 0.633671
vt 0.503746 0.634402
vt 0.530722 0.634402
vt 0.503746 0.635134
vt 0.530722 0.635134
vt 0.503746 0.635866
vt 0.530722 0.635866
vt 0.503746 0.636597
vt 0.530722 0.636597
vt 0.503746 0.637329
vt 0.530722 0.637329
vt 0.503746 0.638061
vt 0.530722 0.638061
vt 0.503746 0.638793
vt 0.530722 0.638793
vt 0.503746 0.639524
vt 0.530722 0.639524
vt 0.503746 0.640256
vt 0.530722 0.640256
vt 0.503746 0.640988
vt 0.530722 0.640988
vt 0.503746 0.641719
vt 0.530722 0.641719
vt 0.503746 0.642451
vt 0.530722 0.642451
vt 0.503746 0.643183
vt 0.530722 0.643183
vt 0.503746 0.643915
vt 0.530722 0.643915
vt 0.503746 0.644646
vt 0.530722 0.644646
vt 0.503746 0.645378
vt 0.530722 0.645378
vt 0.503746 0.646110
vt 0.530722 0.646110
vt 0.530722 0.646841
vt 0.530722 0.647573
vt 0.503746 0.648305
vt 0.611650 0.629702
vt 0.614998 0.625622
vt 0.619079 0.628970
vt 0.503746 0.625622
vt 0.648373 0.627577
vt 0.648653 0.628253
vt 0.648796 0.628970
vt 0.648796 0.629702
vt 0.648653 0.630420
vt 0.648373 0.631096
vt 0.647967 0.631704
vt 0.647449 0.632222
vt 0.646841 0.632628
vt 0.646165 0.632908
vt 0.645447 0.633051
vt 0.644716 0.633051
vt 0.643998 0.632908
vt 0.643322 0.632628
vt 0.642713 0.632222
vt 0.641789 0.631096
vt 0.641509 0.630420
vt 0.641367 0.629702
vt 0.641367 0.628971
vt 0.641509 0.628253
vt 0.641789 0.627577
vt 0.642196 0.626968
vt 0.643322 0.626045
vt 0.643998 0.625764
vt 0.644715 0.625622
vt 0.645447 0.625622
vt 0.646165 0.625764
vt 0.646841 0.626044
vt 0.647449 0.626451
vt 0.619079 0.629702
vt 0.618936 0.630420
vt 0.618656 0.631096
vt 0.618250 0.631704
vt 0.617732 0.632221
vt 0.617124 0.632628
vt 0.616448 0.632908
vt 0.615730 0.633051
vt 0.614999 0.633051
vt 0.614281 0.632908
vt 0.613605 0.632628
vt 0.612996 0.632222
vt 0.612479 0.631704
vt 0.612072 0.631096
vt 0.611792 0.630420
vt 0.611650 0.628970
vt 0.611792 0.628253
vt 0.612072 0.627577
vt 0.612479 0.626968
vt 0.612996 0.626451
vt 0.613605 0.626044
vt 0.614281 0.625764
vt 0.615730 0.625622
vt 0.616448 0.625764
vt 0.617124 0.626044
vt 0.617732 0.626451
vt 0.618250 0.626968
vt 0.618656 0.627577
vt 0.618936 0.628253
s 1
usemtl マテリアル
f 876/874/148 860/875/148 844/876/148
f 843/877/149 842/878/150 841/879/149
f 846/880/151 841/881/149 844/882/151
f 847/883/152 844/882/151 845/884/152
f 903/885/153 934/886/154 902/886/154
f 848/887/155 845/884/152 850/888/155
f 849/889/156 850/888/155 851/890/156
f 854/891/157 851/890/156 852/892/157
f 855/893/158 852/892/157 853/894/158
f 856/895/159 853/894/158 858/896/159
f 857/897/160 858/896/159 859/898/160
f 862/899/161 859/898/160 860/900/161
f 863/901/162 860/900/161 861/902/162
f 864/903/163 861/902/162 866/904/163
f 865/905/164 866/904/163 867/906/164
f 870/907/165 867/906/164 868/908/165
f 871/909/166 868/908/165 869/910/166
f 872/911/167 869/910/166 874/912/167
f 873/913/168 874/912/167 875/914/168
f 878/915/169 875/914/168 876/916/169
f 879/917/170 876/916/169 877/918/170
f 880/919/171 877/918/170 882/920/171
f 881/921/172 882/920/171 883/922/172
f 886/923/173 883/922/172 884/924/173
f 887/925/174 884/924/173 885/926/174
f 888/927/175 885/926/174 890/928/175
f 889/929/176 890/928/175 891/930/176
f 894/931/177 891/930/176 892/932/177
f 895/933/178 892/932/177 893/934/178
f 896/935/179 893/934/178 898/936/179
f 897/937/180 898/936/179 899/938/180
f 902/886/154 899/938/180 900/939/154
f 903/885/153 900/939/154 901/940/153
f 904/941/150 901/940/153 842/878/150
f 919/942/181 927/943/181 935/944/181
f 849/889/156 908/887/155 848/887/155
f 902/886/154 933/937/180 897/937/180
f 895/933/178 930/931/177 894/931/177
f 904/941/150 935/885/153 903/885/153
f 894/931/177 929/929/176 889/929/176
f 887/925/174 926/923/173 886/923/173
f 896/935/179 931/933/178 895/933/178
f 886/923/173 925/921/172 881/921/172
f 843/877/149 936/941/150 904/941/150
f 879/917/170 922/915/169 878/915/169
f 888/927/175 927/925/174 887/925/174
f 878/915/169 921/913/168 873/913/168
f 897/937/180 932/935/179 896/935/179
f 871/909/166 918/907/165 870/907/165
f 880/919/171 923/917/170 879/917/170
f 870/907/165 917/905/164 865/905/164
f 889/929/176 928/927/175 888/927/175
f 863/901/162 914/899/161 862/899/161
f 872/911/167 919/909/166 871/909/166
f 862/899/161 913/897/160 857/897/160
f 881/921/172 924/919/171 880/919/171
f 855/893/158 910/891/157 854/891/157
f 864/903/163 915/901/162 863/901/162
f 854/891/157 909/889/156 849/889/156
f 873/913/168 920/911/167 872/911/167
f 847/883/152 905/880/151 846/880/151
f 856/895/159 911/893/158 855/893/158
f 846/880/151 907/945/149 843/945/149
f 865/905/164 916/903/163 864/903/163
f 848/887/155 906/883/152 847/883/152
f 857/897/160 912/895/159 856/895/159
f 844/876/148 841/946/148 842/947/148
f 842/947/148 901/948/148 900/949/148
f 900/949/148 899/950/148 898/951/148
f 898/951/148 893/952/148 892/953/148
f 892/953/148 891/954/148 890/955/148
f 890/955/148 885/956/148 884/957/148
f 884/957/148 883/958/148 882/959/148
f 882/959/148 877/960/148 876/874/148
f 876/874/148 875/961/148 874/962/148
f 874/962/148 869/963/148 868/964/148
f 868/964/148 867/965/148 866/966/148
f 866/966/148 861/967/148 860/875/148
f 860/875/148 859/968/148 858/969/148
f 858/969/148 853/970/148 852/971/148
f 852/971/148 851/972/148 850/973/148
f 850/973/148 845/974/148 844/876/148
f 844/876/148 842/947/148 900/949/148
f 900/949/148 898/951/148 892/953/148
f 892/953/148 890/955/148 884/957/148
f 884/957/148 882/959/148 876/874/148
f 876/874/148 874/962/148 868/964/148
f 868/964/148 866/966/148 860/875/148
f 860/875/148 858/969/148 852/971/148
f 852/971/148 850/973/148 844/876/148
f 844/876/148 900/949/148 892/953/148
f 892/953/148 884/957/148 876/874/148
f 876/874/148 868/964/148 860/875/148
f 860/875/148 852/971/148 844/876/148
f 844/876/148 892/953/148 876/874/148
f 843/877/149 904/941/150 842/878/150
f 846/880/151 843/945/149 841/881/149
f 847/883/152 846/880/151 844/882/151
f 903/885/153 935/885/153 934/886/154
f 848/887/155 847/883/152 845/884/152
f 849/889/156 848/887/155 850/888/155
f 854/891/157 849/889/156 851/890/156
f 855/893/158 854/891/157 852/892/157
f 856/895/159 855/893/158 853/894/158
f 857/897/160 856/895/159 858/896/159
f 862/899/161 857/897/160 859/898/160
f 863/901/162 862/899/161 860/900/161
f 864/903/163 863/901/162 861/902/162
f 865/905/164 864/903/163 866/904/163
f 870/907/165 865/905/164 867/906/164
f 871/909/166 870/907/165 868/908/165
f 872/911/167 871/909/166 869/910/166
f 873/913/168 872/911/167 874/912/167
f 878/915/169 873/913/168 875/914/168
f 879/917/170 878/915/169 876/916/169
f 880/919/171 879/917/170 877/918/170
f 881/921/172 880/919/171 882/920/171
f 886/923/173 881/921/172 883/922/172
f 887/925/174 886/923/173 884/924/173
f 888/927/175 887/925/174 885/926/174
f 889/929/176 888/927/175 890/928/175
f 894/931/177 889/929/176 891/930/176
f 895/933/178 894/931/177 892/932/177
f 896/935/179 895/933/178 893/934/178
f 897/937/180 896/935/179 898/936/179
f 902/886/154 897/937/180 899/938/180
f 903/885/153 902/886/154 900/939/154
f 904/941/150 903/885/153 901/940/153
f 935/944/181 936/975/181 907/976/181
f 907/976/181 905/977/181 906/978/181
f 906/978/181 908/979/181 909/980/181
f 909/980/181 910/981/181 911/982/181
f 911/982/181 912/983/181 913/984/181
f 913/984/181 914/985/181 915/986/181
f 915/986/181 916/987/181 917/988/181
f 917/988/181 918/989/181 919/942/181
f 919/942/181 920/990/181 921/991/181
f 921/991/181 922/992/181 923/993/181
f 923/993/181 924/994/181 925/995/181
f 925/995/181 926/996/181 927/943/181
f 927/943/181 928/997/181 929/998/181
f 929/998/181 930/999/181 931/1000/181
f 931/1000/181 932/1001/181 933/1002/181
f 933/1002/181 934/1003/181 935/944/181
f 935/944/181 907/976/181 906/978/181
f 906/978/181 909/980/181 911/982/181
f 911/982/181 913/984/181 915/986/181
f 915/986/181 917/988/181 919/942/181
f 919/942/181 921/991/181 923/993/181
f 923/993/181 925/995/181 927/943/181
f 927/943/181 929/998/181 931/1000/181
f 931/1000/181 933/1002/181 935/944/181
f 935/944/181 906/978/181 911/982/181
f 911/982/181 915/986/181 919/942/181
f 919/942/181 923/993/181 927/943/181
f 927/943/181 931/1000/181 935/944/181
f 935/944/181 911/982/181 919/942/181
f 849/889/156 909/889/156 908/887/155
f 902/886/154 934/886/154 933/937/180
f 895/933/178 931/933/178 930/931/177
f 904/941/150 936/941/150 935/885/153
f 894/931/177 930/931/177 929/929/176
f 887/925/174 927/925/174 926/923/173
f 896/935/179 932/935/179 931/933/178
f 886/923/173 926/923/173 925/921/172
f 843/877/149 907/877/149 936/941/150
f 879/917/170 923/917/170 922/915/169
f 888/927/175 928/927/175 927/925/174
f 878/915/169 922/915/169 921/913/168
f 897/937/180 933/937/180 932/935/179
f 871/909/166 919/909/166 918/907/165
f 880/919/171 924/919/171 923/917/170
f 870/907/165 918/907/165 917/905/164
f 889/929/176 929/929/176 928/927/175
f 863/901/162 915/901/162 914/899/161
f 872/911/167 920/911/167 919/909/166
f 862/899/161 914/899/161 913/897/160
f 881/921/172 925/921/172 924/919/171
f 855/893/158 911/893/158 910/891/157
f 864/903/163 916/903/163 915/901/162
f 854/891/157 910/891/157 909/889/156
f 873/913/168 921/913/168 920/911/167
f 847/883/152 906/883/152 905/880/151
f 856/895/159 912/895/159 911/893/158
f 846/880/151 905/880/151 907/945/149
f 865/905/164 917/905/164 916/903/163
f 848/887/155 908/887/155 906/883/152
f 857/897/160 913/897/160 912/895/159
o 円柱.006
v 0.955198 0.119427 0.906911
v 0.955421 0.120477 0.896284
v -0.978482 0.531279 0.906911
v 0.955421 0.120477 0.917538
v 0.956084 0.123588 0.927756
v -0.978258 0.532330 0.917538
v -0.977596 0.535440 0.927756
v -0.976520 0.540491 0.937173
v -0.975072 0.547289 0.945427
v 0.957160 0.128639 0.937173
v 0.958607 0.135436 0.945427
v 0.960372 0.143719 0.952201
v 0.962384 0.153169 0.957235
v -0.973308 0.555572 0.952201
v -0.971295 0.565022 0.957235
v -0.969111 0.575276 0.960334
v -0.966840 0.585940 0.961381
v 0.964568 0.163423 0.960334
v 0.966840 0.174087 0.961381
v 0.969111 0.184751 0.960334
v 0.971295 0.195005 0.957235
v -0.964568 0.596603 0.960334
v -0.962384 0.606857 0.957235
v -0.960372 0.616307 0.952201
v -0.958607 0.624590 0.945427
v 0.973308 0.204455 0.952201
v 0.975072 0.212738 0.945427
v 0.976520 0.219535 0.937173
v 0.977595 0.224586 0.927756
v -0.957160 0.631388 0.937173
v -0.956084 0.636439 0.927756
v -0.955421 0.639550 0.917538
v -0.955198 0.640600 0.906911
v 0.978258 0.227697 0.917538
v 0.978482 0.228747 0.906911
v 0.978258 0.227697 0.896284
v 0.977595 0.224586 0.886066
v -0.955421 0.639550 0.896285
v -0.956084 0.636439 0.886066
v -0.957160 0.631388 0.876649
v -0.958607 0.624590 0.868395
v 0.976520 0.219535 0.876649
v 0.975072 0.212738 0.868395
v 0.973307 0.204455 0.861621
v 0.971295 0.195005 0.856587
v -0.960372 0.616307 0.861621
v -0.962384 0.606857 0.856587
v -0.964568 0.596603 0.853488
v -0.966840 0.585940 0.852441
v 0.969111 0.184751 0.853488
v 0.966840 0.174087 0.852441
v 0.964568 0.163423 0.853488
v 0.962384 0.153169 0.856587
v -0.969111 0.575276 0.853488
v -0.971295 0.565022 0.856587
v -0.973308 0.555572 0.861621
v -0.975072 0.547289 0.868395
v 0.960372 0.143719 0.861621
v 0.958607 0.135436 0.868395
v 0.957160 0.128639 0.876649
v 0.956084 0.123588 0.886066
v -0.976520 0.540491 0.876649
v -0.977596 0.535440 0.886066
v -0.978258 0.532330 0.896285
vn -0.2083 -0.9781 -0.0000
vn -0.2041 -0.9583 -0.1999
vn 0.9781 -0.2083 -0.0000
vn -0.2041 -0.9583 0.1999
vn -0.1917 -0.9002 0.3910
vn -0.9781 0.2083 -0.0000
vn -0.1718 -0.8068 0.5652
vn -0.1454 -0.6828 0.7160
vn -0.1137 -0.5339 0.8378
vn -0.0780 -0.3663 0.9272
vn -0.0397 -0.1862 0.9817
vn -0.0000 -0.0000 1.0000
vn 0.0397 0.1862 0.9817
vn 0.0780 0.3663 0.9272
vn 0.1137 0.5339 0.8378
vn 0.1454 0.6828 0.7159
vn 0.1718 0.8068 0.5652
vn 0.1454 0.6828 0.7160
vn 0.1917 0.9002 0.3910
vn 0.2041 0.9583 0.1999
vn 0.2083 0.9781 -0.0000
vn 0.2041 0.9583 -0.1999
vn 0.1917 0.9002 -0.3910
vn 0.1718 0.8068 -0.5652
vn 0.1454 0.6828 -0.7160
vn 0.1137 0.5339 -0.8378
vn 0.1454 0.6828 -0.7159
vn 0.0780 0.3663 -0.9272
vn 0.0397 0.1862 -0.9817
vn -0.0000 -0.0000 -1.0000
vn -0.0397 -0.1862 -0.9817
vn -0.0780 -0.3663 -0.9272
vn -0.1137 -0.5339 -0.8378
vn -0.1454 -0.6828 -0.7159
vn -0.1718 -0.8068 -0.5652
vn -0.1454 -0.6828 -0.7160
vn -0.1917 -0.9002 -0.3910
vn 0.9781 -0.2083 -0.0001
vn 0.9781 -0.2083 0.0001
vn -0.9781 0.2083 -0.0001
vn -0.9781 0.2083 0.0001
vn -0.9781 0.2084 -0.0000
vt 0.167915 -0.000000
vt 0.178410 0.167915
vt 0.167915 0.167915
vt 0.472139 0.713879
vt 0.363062 0.680791
vt 0.329974 0.789868
vt 0.493252 -0.000000
vt 0.503746 0.167915
vt 0.493252 0.167915
vt 0.482757 -0.000000
vt 0.482757 0.167915
vt 0.881794 0.650819
vt 0.990871 0.683907
vt 0.957783 0.792984
vt 0.472262 0.167915
vt 0.461768 0.167915
vt 0.472262 -0.000000
vt 0.451273 -0.000000
vt 0.451273 0.167915
vt 0.440778 0.167915
vt 0.430283 0.167915
vt 0.440778 -0.000000
vt 0.419789 -0.000000
vt 0.419789 0.167915
vt 0.409294 -0.000000
vt 0.409294 0.167915
vt 0.398799 0.167915
vt 0.388305 0.167915
vt 0.398799 -0.000000
vt 0.377810 0.167915
vt 0.388305 -0.000000
vt 0.367315 0.167915
vt 0.377810 -0.000000
vt 0.356820 -0.000000
vt 0.356820 0.167915
vt 0.346326 -0.000000
vt 0.346326 0.167915
vt 0.335831 -0.000000
vt 0.335831 0.167915
vt 0.325336 -0.000000
vt 0.325336 0.167915
vt 0.314842 0.167915
vt 0.304347 -0.000000
vt 0.304347 0.167915
vt 0.293852 0.167915
vt 0.283357 0.167915
vt 0.293852 -0.000000
vt 0.272863 -0.000000
vt 0.272863 0.167915
vt 0.262368 0.167915
vt 0.251873 0.167915
vt 0.262368 -0.000000
vt 0.241378 -0.000000
vt 0.241378 0.167915
vt 0.230884 0.167915
vt 0.220389 -0.000000
vt 0.220389 0.167915
vt 0.209894 0.167915
vt 0.199400 0.167915
vt 0.209894 -0.000000
vt 0.188905 -0.000000
vt 0.188905 0.167915
vt 0.178410 -0.000000
vt 0.338752 0.803005
vt 0.349925 0.814177
vt 0.363062 0.822956
vt 0.377660 0.829002
vt 0.393156 0.832085
vt 0.408956 0.832085
vt 0.424453 0.829002
vt 0.439051 0.822955
vt 0.452188 0.814177
vt 0.463361 0.803005
vt 0.472139 0.789867
vt 0.478185 0.775270
vt 0.481268 0.759773
vt 0.481268 0.743973
vt 0.478185 0.728476
vt 0.463360 0.700741
vt 0.452188 0.689569
vt 0.439051 0.680791
vt 0.424453 0.674744
vt 0.408956 0.671662
vt 0.393156 0.671662
vt 0.377659 0.674744
vt 0.349925 0.689569
vt 0.338752 0.700742
vt 0.329974 0.713879
vt 0.323927 0.728477
vt 0.320845 0.743973
vt 0.320845 0.759773
vt 0.323927 0.775270
vt 0.503746 -0.000000
vt 0.943185 0.799030
vt 0.927689 0.802112
vt 0.911889 0.802112
vt 0.896392 0.799030
vt 0.881794 0.792983
vt 0.868657 0.784205
vt 0.857484 0.773033
vt 0.848706 0.759896
vt 0.842660 0.745298
vt 0.839577 0.729801
vt 0.839577 0.714001
vt 0.842660 0.698504
vt 0.848706 0.683907
vt 0.857484 0.670770
vt 0.868657 0.659597
vt 0.896392 0.644772
vt 0.911889 0.641690
vt 0.927689 0.641690
vt 0.943185 0.644772
vt 0.957783 0.650819
vt 0.970920 0.659597
vt 0.982093 0.670769
vt 0.996917 0.698504
vt 1.000000 0.714001
vt 1.000000 0.729801
vt 0.996917 0.745298
vt 0.990871 0.759896
vt 0.982093 0.773033
vt 0.970920 0.784205
vt 0.461768 -0.000000
vt 0.430283 -0.000000
vt 0.367315 -0.000000
vt 0.314842 -0.000000
vt 0.283357 -0.000000
vt 0.251873 -0.000000
vt 0.230884 -0.000000
vt 0.199400 -0.000000
s 1
usemtl マテリアル
f 939/1004/182 938/1005/183 937/1006/182
f 972/1007/184 956/1008/184 940/1009/184
f 942/1010/185 937/1011/182 940/1012/185
f 943/1013/186 940/1012/185 941/1014/186
f 967/1015/187 983/1016/187 999/1017/187
f 946/1018/188 943/1013/186 941/1014/186
f 947/1019/189 944/1020/188 946/1018/188
f 950/1021/190 947/1019/189 948/1022/190
f 949/1023/191 950/1021/190 948/1022/190
f 954/1024/192 951/1025/191 949/1023/191
f 953/1026/193 954/1024/192 955/1027/193
f 958/1028/194 955/1027/193 956/1029/194
f 957/1030/195 958/1028/194 956/1029/194
f 962/1031/196 959/1032/195 957/1030/195
f 963/1033/197 960/1034/196 962/1031/196
f 964/1035/198 961/1036/199 963/1033/197
f 967/1037/200 964/1035/198 965/1038/200
f 968/1039/201 965/1038/200 970/1040/201
f 969/1041/202 970/1040/201 971/1042/202
f 974/1043/203 971/1042/202 972/1044/203
f 973/1045/204 974/1043/203 972/1044/203
f 976/1046/205 973/1045/204 978/1047/205
f 979/1048/206 976/1046/205 978/1047/205
f 980/1049/207 977/1050/208 979/1048/206
f 983/1051/209 980/1049/207 981/1052/209
f 986/1053/210 983/1051/209 981/1052/209
f 987/1054/211 984/1055/210 986/1053/210
f 990/1056/212 987/1054/211 988/1057/212
f 989/1058/213 990/1056/212 988/1057/212
f 992/1059/214 989/1058/213 994/1060/214
f 995/1061/215 992/1059/214 994/1060/214
f 996/1062/216 993/1063/217 995/1061/215
f 999/1064/218 996/1062/216 997/1065/218
f 938/1005/183 999/1064/218 997/1065/218
f 939/1004/182 1000/1066/183 938/1005/183
f 940/1009/184 937/1067/184 938/1068/184
f 938/1068/184 997/1069/184 996/1070/184
f 996/1070/184 995/1071/184 994/1072/184
f 994/1072/184 989/1073/219 988/1074/184
f 988/1074/184 987/1075/219 986/1076/184
f 986/1076/184 981/1077/184 980/1078/184
f 980/1078/184 979/1079/220 978/1080/184
f 978/1080/184 973/1081/184 972/1007/184
f 972/1007/184 971/1082/184 970/1083/184
f 970/1083/184 965/1084/184 964/1085/184
f 964/1085/184 963/1086/184 962/1087/184
f 962/1087/184 957/1088/184 956/1008/184
f 956/1008/184 955/1089/220 954/1090/184
f 954/1090/184 949/1091/220 948/1092/184
f 948/1092/184 947/1093/220 946/1094/184
f 946/1094/184 941/1095/184 940/1009/184
f 940/1009/184 938/1068/184 996/1070/184
f 996/1070/184 994/1072/184 988/1074/184
f 988/1074/184 986/1076/184 980/1078/184
f 980/1078/184 978/1080/184 972/1007/184
f 972/1007/184 970/1083/184 964/1085/184
f 964/1085/184 962/1087/184 956/1008/184
f 956/1008/184 954/1090/184 948/1092/184
f 948/1092/184 946/1094/184 940/1009/184
f 940/1009/184 996/1070/184 988/1074/184
f 988/1074/184 980/1078/184 972/1007/184
f 972/1007/184 964/1085/184 956/1008/184
f 956/1008/184 948/1092/184 940/1009/184
f 940/1009/184 988/1074/184 972/1007/184
f 942/1010/185 939/1096/182 937/1011/182
f 943/1013/186 942/1010/185 940/1012/185
f 999/1017/187 1000/1097/187 939/1098/187
f 939/1098/187 942/1099/187 943/1100/187
f 943/1100/187 944/1101/187 945/1102/187
f 945/1102/187 950/1103/187 951/1104/187
f 951/1104/187 952/1105/187 953/1106/187
f 953/1106/187 958/1107/187 959/1108/187
f 959/1108/187 960/1109/221 961/1110/187
f 961/1110/187 966/1111/187 967/1015/187
f 967/1015/187 968/1112/187 969/1113/187
f 969/1113/187 974/1114/187 975/1115/187
f 975/1115/187 976/1116/187 977/1117/187
f 977/1117/187 982/1118/222 983/1016/187
f 983/1016/187 984/1119/187 985/1120/187
f 985/1120/187 990/1121/187 991/1122/187
f 991/1122/187 992/1123/223 993/1124/187
f 993/1124/187 998/1125/187 999/1017/187
f 999/1017/187 939/1098/187 943/1100/187
f 943/1100/187 945/1102/187 951/1104/187
f 951/1104/187 953/1106/187 959/1108/187
f 959/1108/187 961/1110/187 967/1015/187
f 967/1015/187 969/1113/187 975/1115/187
f 975/1115/187 977/1117/187 983/1016/187
f 983/1016/187 985/1120/187 991/1122/187
f 991/1122/187 993/1124/187 999/1017/187
f 999/1017/187 943/1100/187 951/1104/187
f 951/1104/187 959/1108/187 967/1015/187
f 967/1015/187 975/1115/187 983/1016/187
f 983/1016/187 991/1122/187 999/1017/187
f 999/1017/187 951/1104/187 967/1015/187
f 946/1018/188 944/1020/188 943/1013/186
f 947/1019/189 945/1126/189 944/1020/188
f 950/1021/190 945/1126/189 947/1019/189
f 949/1023/191 951/1025/191 950/1021/190
f 954/1024/192 952/1127/192 951/1025/191
f 953/1026/193 952/1127/192 954/1024/192
f 958/1028/194 953/1026/193 955/1027/193
f 957/1030/195 959/1032/195 958/1028/194
f 962/1031/196 960/1034/196 959/1032/195
f 963/1033/197 961/1036/199 960/1034/196
f 964/1035/198 966/1128/198 961/1036/199
f 967/1037/200 966/1128/198 964/1035/198
f 968/1039/201 967/1037/200 965/1038/200
f 969/1041/202 968/1039/201 970/1040/201
f 974/1043/203 969/1041/202 971/1042/202
f 973/1045/204 975/1129/204 974/1043/203
f 976/1046/205 975/1129/204 973/1045/204
f 979/1048/206 977/1050/208 976/1046/205
f 980/1049/207 982/1130/207 977/1050/208
f 983/1051/209 982/1130/207 980/1049/207
f 986/1053/210 984/1055/210 983/1051/209
f 987/1054/211 985/1131/211 984/1055/210
f 990/1056/212 985/1131/211 987/1054/211
f 989/1058/213 991/1132/213 990/1056/212
f 992/1059/214 991/1132/213 989/1058/213
f 995/1061/215 993/1063/217 992/1059/214
f 996/1062/216 998/1133/216 993/1063/217
f 999/1064/218 998/1133/216 996/1062/216
f 938/1005/183 1000/1066/183 999/1064/218
o 円柱.007
v -0.955198 0.121326 0.994608
v -0.955421 0.122376 1.005234
v 0.978482 0.533179 0.994608
v -0.955421 0.122376 0.983981
v -0.956084 0.125487 0.973763
v 0.978258 0.534229 0.983981
v 0.977595 0.537339 0.973763
v 0.976520 0.542391 0.964346
v 0.975072 0.549188 0.956092
v -0.957160 0.130538 0.964346
v -0.958607 0.137336 0.956091
v -0.960372 0.145619 0.949317
v -0.962384 0.155069 0.944284
v 0.973307 0.557471 0.949318
v 0.971295 0.566921 0.944284
v 0.969111 0.577175 0.941184
v 0.966840 0.587839 0.940138
v -0.964568 0.165323 0.941184
v -0.966840 0.175986 0.940138
v -0.969111 0.186650 0.941184
v -0.971295 0.196904 0.944284
v 0.964568 0.598503 0.941184
v 0.962384 0.608756 0.944284
v 0.960372 0.618207 0.949318
v 0.958607 0.626490 0.956092
v -0.973308 0.206354 0.949317
v -0.975072 0.214637 0.956091
v -0.976520 0.221435 0.964346
v -0.977596 0.226486 0.973763
v 0.957160 0.633287 0.964346
v 0.956084 0.638338 0.973763
v 0.955421 0.641449 0.983981
v 0.955198 0.642499 0.994608
v -0.978258 0.229596 0.983981
v -0.978482 0.230646 0.994608
v -0.978258 0.229596 1.005234
v -0.977596 0.226486 1.015452
v 0.955421 0.641449 1.005234
v 0.956084 0.638338 1.015452
v 0.957160 0.633287 1.024870
v 0.958607 0.626490 1.033124
v -0.976520 0.221435 1.024870
v -0.975072 0.214637 1.033124
v -0.973308 0.206354 1.039898
v -0.971295 0.196904 1.044931
v 0.960372 0.618207 1.039898
v 0.962384 0.608756 1.044931
v 0.964568 0.598503 1.048031
v 0.966840 0.587839 1.049078
v -0.969111 0.186650 1.048031
v -0.966840 0.175986 1.049078
v -0.964568 0.165323 1.048031
v -0.962384 0.155069 1.044931
v 0.969111 0.577175 1.048031
v 0.971295 0.566921 1.044931
v 0.973307 0.557471 1.039898
v 0.975072 0.549188 1.033124
v -0.960372 0.145619 1.039898
v -0.958607 0.137336 1.033124
v -0.957160 0.130538 1.024870
v -0.956084 0.125487 1.015452
v 0.976520 0.542391 1.024870
v 0.977595 0.537339 1.015452
v 0.978258 0.534229 1.005234
vn 0.2083 -0.9781 -0.0000
vn 0.2041 -0.9583 0.1999
vn -0.9781 -0.2083 -0.0000
vn 0.2041 -0.9583 -0.1999
vn 0.1917 -0.9002 -0.3910
vn 0.9781 0.2083 -0.0000
vn 0.1718 -0.8068 -0.5652
vn 0.1454 -0.6828 -0.7159
vn 0.1137 -0.5339 -0.8378
vn 0.1454 -0.6828 -0.7160
vn 0.0780 -0.3663 -0.9272
vn 0.0397 -0.1862 -0.9817
vn -0.0000 -0.0000 -1.0000
vn -0.0397 0.1862 -0.9817
vn -0.0780 0.3663 -0.9272
vn -0.1137 0.5339 -0.8378
vn -0.1454 0.6828 -0.7160
vn -0.1718 0.8068 -0.5652
vn -0.1917 0.9002 -0.3910
vn -0.2041 0.9583 -0.1999
vn -0.2083 0.9781 -0.0000
vn -0.2041 0.9583 0.1999
vn -0.1917 0.9002 0.3910
vn -0.1718 0.8068 0.5652
vn -0.1454 0.6828 0.7159
vn -0.1137 0.5339 0.8378
vn -0.1454 0.6828 0.7160
vn -0.0780 0.3663 0.9272
vn -0.0397 0.1862 0.9817
vn -0.0000 -0.0000 1.0000
vn -0.0397 0.1863 0.9817
vn 0.0397 -0.1862 0.9817
vn 0.0780 -0.3663 0.9272
vn 0.1137 -0.5339 0.8378
vn 0.1454 -0.6828 0.7159
vn 0.1454 -0.6828 0.7160
vn 0.1718 -0.8068 0.5652
vn 0.1917 -0.9002 0.3910
vn -0.9781 -0.2083 0.0001
vn -0.9781 -0.2083 -0.0001
vn -0.9781 -0.2084 -0.0000
vn -0.9780 -0.2084 -0.0000
vn -0.9781 -0.2084 0.0001
vn -0.9781 -0.2084 -0.0001
vn 0.9781 0.2083 -0.0001
vn 0.9781 0.2083 0.0001
vt 0.000000 0.335831
vt 0.167915 0.346326
vt 0.000000 0.346326
vt 0.408957 0.832085
vt 0.320845 0.904396
vt 0.393157 0.992507
vt 0.167915 0.661167
vt 0.000000 0.671662
vt 0.000000 0.661167
vt 0.000000 0.650672
vt 0.759896 0.841214
vt 0.792984 0.950290
vt 0.683907 0.983379
vt 0.167915 0.640178
vt 0.000000 0.640178
vt 0.000000 0.629683
vt 0.000000 0.619188
vt 0.167915 0.629683
vt 0.000000 0.608694
vt 0.167915 0.619188
vt 0.000000 0.598199
vt 0.167915 0.608694
vt 0.167915 0.587704
vt 0.000000 0.587704
vt 0.167915 0.577209
vt 0.000000 0.577209
vt 0.167915 0.566715
vt 0.000000 0.566715
vt 0.167915 0.556220
vt 0.000000 0.556220
vt 0.000000 0.545725
vt 0.167915 0.535231
vt 0.000000 0.535231
vt 0.000000 0.524736
vt 0.000000 0.514241
vt 0.167915 0.524736
vt 0.000000 0.503746
vt 0.167915 0.514241
vt 0.167915 0.493252
vt 0.000000 0.493252
vt 0.000000 0.482757
vt 0.167915 0.472262
vt 0.000000 0.472262
vt 0.000000 0.461768
vt 0.000000 0.451273
vt 0.167915 0.461768
vt 0.000000 0.440778
vt 0.167915 0.451273
vt 0.000000 0.430283
vt 0.167915 0.440778
vt 0.000000 0.419789
vt 0.167915 0.430283
vt 0.167915 0.409294
vt 0.000000 0.409294
vt 0.000000 0.398799
vt 0.167915 0.388305
vt 0.000000 0.388305
vt 0.167915 0.377810
vt 0.000000 0.377810
vt 0.000000 0.367315
vt 0.167915 0.356820
vt 0.000000 0.356820
vt 0.167915 0.335831
vt 0.408957 0.992508
vt 0.424453 0.989425
vt 0.439051 0.983379
vt 0.452188 0.974600
vt 0.463361 0.963428
vt 0.472139 0.950291
vt 0.478186 0.935693
vt 0.481268 0.920196
vt 0.481268 0.904396
vt 0.478186 0.888899
vt 0.472139 0.874302
vt 0.463361 0.861164
vt 0.452188 0.849992
vt 0.439051 0.841214
vt 0.424453 0.835167
vt 0.393157 0.832085
vt 0.377660 0.835167
vt 0.363062 0.841214
vt 0.349925 0.849992
vt 0.338752 0.861165
vt 0.329974 0.874302
vt 0.323928 0.888899
vt 0.320845 0.920196
vt 0.323928 0.935693
vt 0.329974 0.950291
vt 0.338753 0.963428
vt 0.349925 0.974600
vt 0.363062 0.983378
vt 0.377660 0.989425
vt 0.167915 0.671662
vt 0.167915 0.650672
vt 0.670770 0.974600
vt 0.659598 0.963428
vt 0.650819 0.950291
vt 0.644773 0.935693
vt 0.641690 0.920196
vt 0.641690 0.904396
vt 0.644773 0.888900
vt 0.650819 0.874302
vt 0.659597 0.861165
vt 0.670770 0.849992
vt 0.683907 0.841214
vt 0.698505 0.835167
vt 0.714002 0.832085
vt 0.729802 0.832085
vt 0.745298 0.835167
vt 0.773033 0.849992
vt 0.784206 0.861164
vt 0.792984 0.874302
vt 0.799031 0.888899
vt 0.802113 0.904396
vt 0.802113 0.920196
vt 0.799031 0.935693
vt 0.784206 0.963428
vt 0.773033 0.974600
vt 0.759896 0.983378
vt 0.745299 0.989425
vt 0.729802 0.992508
vt 0.714002 0.992507
vt 0.698505 0.989425
vt 0.167915 0.598199
vt 0.167915 0.545725
vt 0.167915 0.503746
vt 0.167915 0.482757
vt 0.167915 0.419789
vt 0.167915 0.398799
vt 0.167915 0.367315
s 1
usemtl マテリアル
f 1001/1134/224 1064/1135/225 1002/1136/225
f 1036/1137/226 1020/1138/226 1004/1139/226
f 1006/1140/227 1001/1141/224 1004/1142/227
f 1005/1143/228 1006/1140/227 1004/1142/227
f 1031/1144/229 1047/1145/229 1063/1146/229
f 1008/1147/230 1005/1143/228 1010/1148/230
f 1011/1149/231 1008/1147/230 1010/1148/230
f 1012/1150/232 1009/1151/233 1011/1149/231
f 1013/1152/234 1014/1153/232 1012/1150/232
f 1018/1154/235 1015/1155/234 1013/1152/234
f 1017/1156/236 1018/1154/235 1019/1157/236
f 1022/1158/237 1019/1157/236 1020/1159/237
f 1023/1160/238 1020/1159/237 1021/1161/238
f 1024/1162/239 1021/1161/238 1026/1163/239
f 1027/1164/240 1024/1162/239 1026/1163/239
f 1030/1165/241 1027/1164/240 1028/1166/241
f 1029/1167/242 1030/1165/241 1028/1166/241
f 1034/1168/243 1031/1169/242 1029/1167/242
f 1035/1170/244 1032/1171/243 1034/1168/243
f 1038/1172/245 1035/1170/244 1036/1173/245
f 1037/1174/246 1038/1172/245 1036/1173/245
f 1040/1175/247 1037/1174/246 1042/1176/247
f 1043/1177/248 1040/1175/247 1042/1176/247
f 1044/1178/249 1041/1179/250 1043/1177/248
f 1045/1180/251 1046/1181/249 1044/1178/249
f 1050/1182/252 1047/1183/251 1045/1180/251
f 1051/1184/253 1048/1185/254 1050/1182/252
f 1054/1186/255 1051/1184/253 1052/1187/255
f 1053/1188/256 1054/1186/255 1052/1187/255
f 1056/1189/257 1053/1188/256 1058/1190/257
f 1057/1191/258 1058/1190/257 1059/1192/259
f 1060/1193/260 1057/1191/258 1059/1192/259
f 1063/1194/261 1060/1193/260 1061/1195/261
f 1002/1136/225 1063/1194/261 1061/1195/261
f 1001/1134/224 1003/1196/224 1064/1135/225
f 1004/1139/226 1001/1197/226 1002/1198/226
f 1002/1198/226 1061/1199/226 1060/1200/226
f 1060/1200/226 1059/1201/262 1058/1202/226
f 1058/1202/226 1053/1203/263 1052/1204/226
f 1052/1204/226 1051/1205/263 1050/1206/226
f 1050/1206/226 1045/1207/226 1044/1208/226
f 1044/1208/226 1043/1209/226 1042/1210/226
f 1042/1210/226 1037/1211/262 1036/1137/226
f 1036/1137/226 1035/1212/226 1034/1213/226
f 1034/1213/226 1029/1214/226 1028/1215/226
f 1028/1215/226 1027/1216/264 1026/1217/226
f 1026/1217/226 1021/1218/265 1020/1138/226
f 1020/1138/226 1019/1219/262 1018/1220/226
f 1018/1220/226 1013/1221/266 1012/1222/226
f 1012/1222/226 1011/1223/267 1010/1224/226
f 1010/1224/226 1005/1225/226 1004/1139/226
f 1004/1139/226 1002/1198/226 1060/1200/226
f 1060/1200/226 1058/1202/226 1052/1204/226
f 1052/1204/226 1050/1206/226 1044/1208/226
f 1044/1208/226 1042/1210/226 1036/1137/226
f 1036/1137/226 1034/1213/226 1028/1215/226
f 1028/1215/226 1026/1217/226 1020/1138/226
f 1020/1138/226 1018/1220/226 1012/1222/226
f 1012/1222/226 1010/1224/226 1004/1139/226
f 1004/1139/226 1060/1200/226 1052/1204/226
f 1052/1204/226 1044/1208/226 1036/1137/226
f 1036/1137/226 1028/1215/226 1020/1138/226
f 1020/1138/226 1012/1222/226 1004/1139/226
f 1004/1139/226 1052/1204/226 1036/1137/226
f 1006/1140/227 1003/1226/224 1001/1141/224
f 1005/1143/228 1007/1227/228 1006/1140/227
f 1063/1146/229 1064/1228/229 1003/1229/229
f 1003/1229/229 1006/1230/229 1007/1231/229
f 1007/1231/229 1008/1232/229 1009/1233/229
f 1009/1233/229 1014/1234/229 1015/1235/229
f 1015/1235/229 1016/1236/268 1017/1237/229
f 1017/1237/229 1022/1238/229 1023/1239/229
f 1023/1239/229 1024/1240/269 1025/1241/229
f 1025/1241/229 1030/1242/229 1031/1144/229
f 1031/1144/229 1032/1243/229 1033/1244/229
f 1033/1244/229 1038/1245/229 1039/1246/229
f 1039/1246/229 1040/1247/229 1041/1248/229
f 1041/1248/229 1046/1249/268 1047/1145/229
f 1047/1145/229 1048/1250/229 1049/1251/229
f 1049/1251/229 1054/1252/269 1055/1253/229
f 1055/1253/229 1056/1254/229 1057/1255/229
f 1057/1255/229 1062/1256/229 1063/1146/229
f 1063/1146/229 1003/1229/229 1007/1231/229
f 1007/1231/229 1009/1233/229 1015/1235/229
f 1015/1235/229 1017/1237/229 1023/1239/229
f 1023/1239/229 1025/1241/229 1031/1144/229
f 1031/1144/229 1033/1244/229 1039/1246/229
f 1039/1246/229 1041/1248/229 1047/1145/229
f 1047/1145/229 1049/1251/229 1055/1253/229
f 1055/1253/229 1057/1255/229 1063/1146/229
f 1063/1146/229 1007/1231/229 1015/1235/229
f 1015/1235/229 1023/1239/229 1031/1144/229
f 1031/1144/229 1039/1246/229 1047/1145/229
f 1047/1145/229 1055/1253/229 1063/1146/229
f 1063/1146/229 1015/1235/229 1031/1144/229
f 1008/1147/230 1007/1227/228 1005/1143/228
f 1011/1149/231 1009/1151/233 1008/1147/230
f 1012/1150/232 1014/1153/232 1009/1151/233
f 1013/1152/234 1015/1155/234 1014/1153/232
f 1018/1154/235 1016/1257/235 1015/1155/234
f 1017/1156/236 1016/1257/235 1018/1154/235
f 1022/1158/237 1017/1156/236 1019/1157/236
f 1023/1160/238 1022/1158/237 1020/1159/237
f 1024/1162/239 1023/1160/238 1021/1161/238
f 1027/1164/240 1025/1258/240 1024/1162/239
f 1030/1165/241 1025/1258/240 1027/1164/240
f 1029/1167/242 1031/1169/242 1030/1165/241
f 1034/1168/243 1032/1171/243 1031/1169/242
f 1035/1170/244 1033/1259/244 1032/1171/243
f 1038/1172/245 1033/1259/244 1035/1170/244
f 1037/1174/246 1039/1260/246 1038/1172/245
f 1040/1175/247 1039/1260/246 1037/1174/246
f 1043/1177/248 1041/1179/250 1040/1175/247
f 1044/1178/249 1046/1181/249 1041/1179/250
f 1045/1180/251 1047/1183/251 1046/1181/249
f 1050/1182/252 1048/1185/254 1047/1183/251
f 1051/1184/253 1049/1261/253 1048/1185/254
f 1054/1186/255 1049/1261/253 1051/1184/253
f 1053/1188/256 1055/1262/256 1054/1186/255
f 1056/1189/257 1055/1262/256 1053/1188/256
f 1057/1191/258 1056/1189/257 1058/1190/257
f 1060/1193/260 1062/1263/260 1057/1191/258
f 1063/1194/261 1062/1263/260 1060/1193/260
f 1002/1136/225 1064/1135/225 1063/1194/261
o 円柱.008
v 1.000000 0.148089 -1.000000
v 1.000000 0.027188 -1.000000
v 1.000000 0.148089 1.000000
v -1.000000 0.148089 -1.000000
v -1.000000 0.027188 -1.000000
v -1.000000 0.148089 1.000000
v -1.000000 0.027188 1.000000
v 1.000000 0.027188 1.000000
vn -0.0000 -0.0000 -1.0000
vn 1.0000 -0.0000 -0.0000
vn -0.0000 1.0000 -0.0000
vn -1.0000 -0.0000 -0.0000
vn -0.0000 -0.0000 1.0000
vn -0.0000 -1.0000 -0.0000
vt 0.574069 0.551049
vt 0.644391 0.555300
vt 0.574069 0.555300
vt 0.644391 0.551049
vt 0.714713 0.555300
vt 0.644391 0.480726
vt 0.714713 0.551049
vt 0.503746 0.551049
vt 0.503746 0.555300
vt 0.785035 0.555300
vt 0.714713 0.625622
vt 0.644391 0.625622
vt 0.714713 0.480726
vt 0.785035 0.551049
s 1
usemtl マテリアル
f 1068/1264/270 1066/1265/270 1069/1266/270
f 1065/1267/271 1072/1268/271 1066/1265/271
f 1068/1269/272 1067/1270/272 1065/1267/272
f 1070/1271/273 1069/1266/273 1071/1272/273
f 1067/1270/274 1071/1273/274 1072/1268/274
f 1066/1265/275 1071/1274/275 1069/1275/275
f 1068/1264/270 1065/1267/270 1066/1265/270
f 1065/1267/271 1067/1270/271 1072/1268/271
f 1068/1269/272 1070/1276/272 1067/1270/272
f 1070/1271/273 1068/1264/273 1069/1266/273
f 1067/1270/274 1070/1277/274 1071/1273/274
f 1066/1265/275 1072/1268/275 1071/1274/275
o 円柱.009
v 0.906911 0.119427 -0.955198
v 0.896284 0.120477 -0.955421
v 0.906911 0.531279 0.978482
v 0.917538 0.120477 -0.955421
v 0.927756 0.123588 -0.956084
v 0.917538 0.532330 0.978258
v 0.927756 0.535440 0.977595
v 0.937173 0.540491 0.976520
v 0.945427 0.547289 0.975072
v 0.937173 0.128639 -0.957160
v 0.945427 0.135436 -0.958607
v 0.952201 0.143719 -0.960372
v 0.957235 0.153169 -0.962384
v 0.952201 0.555572 0.973308
v 0.957235 0.565022 0.971295
v 0.960335 0.575276 0.969111
v 0.961381 0.585940 0.966840
v 0.960334 0.163423 -0.964568
v 0.961381 0.174087 -0.966840
v 0.960334 0.184751 -0.969111
v 0.957235 0.195005 -0.971295
v 0.960335 0.596603 0.964568
v 0.957235 0.606857 0.962384
v 0.952201 0.616307 0.960372
v 0.945427 0.624590 0.958607
v 0.952201 0.204455 -0.973308
v 0.945427 0.212738 -0.975072
v 0.937173 0.219535 -0.976520
v 0.927756 0.224586 -0.977595
v 0.937173 0.631388 0.957160
v 0.927756 0.636439 0.956084
v 0.917538 0.639550 0.955421
v 0.906911 0.640600 0.955198
v 0.917538 0.227697 -0.978258
v 0.906911 0.228747 -0.978482
v 0.896284 0.227697 -0.978258
v 0.886066 0.224586 -0.977595
v 0.896285 0.639550 0.955421
v 0.886066 0.636439 0.956084
v 0.876649 0.631388 0.957160
v 0.868395 0.624590 0.958607
v 0.876649 0.219535 -0.976520
v 0.868395 0.212738 -0.975072
v 0.861621 0.204455 -0.973308
v 0.856587 0.195005 -0.971295
v 0.861621 0.616307 0.960372
v 0.856587 0.606857 0.962384
v 0.853488 0.596603 0.964568
v 0.852441 0.585940 0.966840
v 0.853488 0.184751 -0.969111
v 0.852441 0.174087 -0.966840
v 0.853488 0.163423 -0.964568
v 0.856587 0.153169 -0.962384
v 0.853488 0.575276 0.969111
v 0.856587 0.565022 0.971295
v 0.861621 0.555572 0.973308
v 0.868395 0.547289 0.975072
v 0.861621 0.143719 -0.960372
v 0.868395 0.135436 -0.958607
v 0.876649 0.128639 -0.957160
v 0.886066 0.123588 -0.956084
v 0.876649 0.540491 0.976520
v 0.886066 0.535440 0.977595
v 0.896285 0.532330 0.978258
vn -0.0000 -0.9781 0.2083
vn -0.1999 -0.9583 0.2041
vn -0.0000 -0.2083 -0.9781
vn 0.1999 -0.9583 0.2041
vn 0.3910 -0.9002 0.1917
vn -0.0000 0.2083 0.9781
vn 0.5652 -0.8068 0.1718
vn 0.7160 -0.6828 0.1454
vn 0.8378 -0.5339 0.1137
vn 0.9272 -0.3663 0.0780
vn 0.9817 -0.1862 0.0397
vn 1.0000 -0.0000 -0.0000
vn 0.9817 0.1862 -0.0397
vn 0.9272 0.3663 -0.0780
vn 0.8378 0.5339 -0.1137
vn 0.7159 0.6828 -0.1454
vn 0.7160 0.6828 -0.1454
vn 0.5652 0.8068 -0.1718
vn 0.3910 0.9002 -0.1917
vn 0.1999 0.9583 -0.2041
vn -0.0000 0.9781 -0.2083
vn -0.1999 0.9583 -0.2041
vn -0.3910 0.9002 -0.1917
vn -0.5652 0.8068 -0.1718
vn -0.7160 0.6828 -0.1454
vn -0.8378 0.5339 -0.1137
vn -0.7159 0.6828 -0.1454
vn -0.9272 0.3663 -0.0780
vn -0.9817 0.1862 -0.0397
vn -1.0000 -0.0000 -0.0000
vn -0.9817 -0.1862 0.0397
vn -0.9272 -0.3663 0.0780
vn -0.8378 -0.5339 0.1137
vn -0.7160 -0.6828 0.1454
vn -0.5652 -0.8068 0.1718
vn -0.3910 -0.9002 0.1917
vn -0.0000 -0.2084 -0.9781
vn -0.0000 -0.2084 -0.9780
vn -0.0000 0.2084 0.9781
vt 0.503746 0.335831
vt 0.514241 0.167915
vt 0.514241 0.335831
vt 0.317763 0.728476
vt 0.217237 0.674744
vt 0.163505 0.775270
vt 0.829083 0.335831
vt 0.839577 0.167915
vt 0.839577 0.335831
vt 0.818588 0.335831
vt 0.829083 0.167915
vt 0.896392 0.157340
vt 0.842660 0.056814
vt 0.943186 0.003082
vt 0.808093 0.335831
vt 0.818588 0.167915
vt 0.797598 0.335831
vt 0.808093 0.167915
vt 0.787104 0.335831
vt 0.797598 0.167915
vt 0.776609 0.167915
vt 0.776609 0.335831
vt 0.766114 0.335831
vt 0.755620 0.167915
vt 0.755620 0.335831
vt 0.745125 0.167915
vt 0.745125 0.335831
vt 0.734630 0.335831
vt 0.724135 0.335831
vt 0.734630 0.167915
vt 0.713641 0.167915
vt 0.713641 0.335831
vt 0.703146 0.167915
vt 0.703146 0.335831
vt 0.692651 0.335831
vt 0.682157 0.335831
vt 0.692651 0.167915
vt 0.671662 0.167915
vt 0.671662 0.335831
vt 0.661167 0.167915
vt 0.661167 0.335831
vt 0.650672 0.167915
vt 0.650672 0.335831
vt 0.640178 0.335831
vt 0.629683 0.335831
vt 0.640178 0.167915
vt 0.619188 0.335831
vt 0.629683 0.167915
vt 0.608694 0.167915
vt 0.608694 0.335831
vt 0.598199 0.335831
vt 0.587704 0.335831
vt 0.598199 0.167915
vt 0.577209 0.167915
vt 0.577209 0.335831
vt 0.566715 0.335831
vt 0.556220 0.167915
vt 0.556220 0.335831
vt 0.545725 0.335831
vt 0.535231 0.167915
vt 0.535231 0.335831
vt 0.524736 0.335831
vt 0.503746 0.167915
vt 0.169552 0.789868
vt 0.178330 0.803005
vt 0.189502 0.814178
vt 0.202640 0.822956
vt 0.217237 0.829002
vt 0.232734 0.832085
vt 0.248534 0.832084
vt 0.264031 0.829002
vt 0.278628 0.822955
vt 0.291766 0.814177
vt 0.302938 0.803005
vt 0.311716 0.789867
vt 0.317763 0.775270
vt 0.320845 0.759773
vt 0.320845 0.743973
vt 0.311716 0.713879
vt 0.302938 0.700741
vt 0.291765 0.689569
vt 0.278628 0.680791
vt 0.264030 0.674744
vt 0.248534 0.671662
vt 0.232733 0.671662
vt 0.202639 0.680791
vt 0.189502 0.689569
vt 0.178329 0.700742
vt 0.169551 0.713879
vt 0.163505 0.728477
vt 0.160422 0.743973
vt 0.160422 0.759774
vt 0.957783 0.009129
vt 0.970921 0.017907
vt 0.982093 0.029079
vt 0.990871 0.042217
vt 0.996918 0.056815
vt 1.000000 0.072311
vt 1.000000 0.088111
vt 0.996917 0.103608
vt 0.990871 0.118206
vt 0.982093 0.131343
vt 0.970920 0.142515
vt 0.957783 0.151293
vt 0.943185 0.157340
vt 0.927689 0.160422
vt 0.911889 0.160422
vt 0.881794 0.151294
vt 0.868657 0.142515
vt 0.857484 0.131343
vt 0.848706 0.118205
vt 0.842660 0.103608
vt 0.839577 0.088111
vt 0.839577 0.072311
vt 0.848706 0.042217
vt 0.857485 0.029079
vt 0.868657 0.017907
vt 0.881794 0.009129
vt 0.896392 0.003082
vt 0.911889 -0.000000
vt 0.927689 -0.000000
vt 0.787104 0.167915
vt 0.766114 0.167915
vt 0.724135 0.167915
vt 0.682157 0.167915
vt 0.619188 0.167915
vt 0.587704 0.167915
vt 0.566715 0.167915
vt 0.545725 0.167915
vt 0.524736 0.167915
s 1
usemtl マテリアル
f 1073/1278/276 1136/1279/277 1074/1280/277
f 1108/1281/278 1092/1282/278 1076/1283/278
f 1076/1284/279 1075/1285/276 1073/1286/276
f 1077/1287/280 1078/1288/279 1076/1284/279
f 1103/1289/281 1119/1290/281 1135/1291/281
f 1082/1292/282 1079/1293/280 1077/1287/280
f 1083/1294/283 1080/1295/282 1082/1292/282
f 1084/1296/284 1081/1297/283 1083/1294/283
f 1087/1298/285 1084/1296/284 1085/1299/285
f 1090/1300/286 1087/1298/285 1085/1299/285
f 1089/1301/287 1090/1300/286 1091/1302/287
f 1094/1303/288 1091/1302/287 1092/1304/288
f 1093/1305/289 1094/1303/288 1092/1304/288
f 1098/1306/290 1095/1307/289 1093/1305/289
f 1097/1308/291 1098/1306/290 1099/1309/292
f 1102/1310/293 1099/1309/292 1100/1311/293
f 1101/1312/294 1102/1310/293 1100/1311/293
f 1106/1313/295 1103/1314/294 1101/1312/294
f 1105/1315/296 1106/1313/295 1107/1316/296
f 1110/1317/297 1107/1316/296 1108/1318/297
f 1111/1319/298 1108/1318/297 1109/1320/298
f 1114/1321/299 1111/1319/298 1109/1320/298
f 1115/1322/300 1112/1323/299 1114/1321/299
f 1116/1324/301 1113/1325/302 1115/1322/300
f 1119/1326/303 1116/1324/301 1117/1327/303
f 1122/1328/304 1119/1326/303 1117/1327/303
f 1123/1329/305 1120/1330/304 1122/1328/304
f 1126/1331/306 1123/1329/305 1124/1332/306
f 1125/1333/307 1126/1331/306 1124/1332/306
f 1128/1334/308 1125/1333/307 1130/1335/308
f 1131/1336/309 1128/1334/308 1130/1335/308
f 1134/1337/310 1131/1336/309 1132/1338/310
f 1133/1339/311 1134/1337/310 1132/1338/310
f 1136/1279/277 1133/1339/311 1074/1280/277
f 1073/1278/276 1075/1340/276 1136/1279/277
f 1076/1283/278 1073/1341/312 1074/1342/312
f 1074/1342/312 1133/1343/312 1132/1344/278
f 1132/1344/278 1131/1345/312 1130/1346/278
f 1130/1346/278 1125/1347/312 1124/1348/278
f 1124/1348/278 1123/1349/278 1122/1350/278
f 1122/1350/278 1117/1351/278 1116/1352/278
f 1116/1352/278 1115/1353/278 1114/1354/278
f 1114/1354/278 1109/1355/313 1108/1281/278
f 1108/1281/278 1107/1356/312 1106/1357/278
f 1106/1357/278 1101/1358/313 1100/1359/278
f 1100/1359/278 1099/1360/278 1098/1361/278
f 1098/1361/278 1093/1362/278 1092/1282/278
f 1092/1282/278 1091/1363/278 1090/1364/278
f 1090/1364/278 1085/1365/278 1084/1366/278
f 1084/1366/278 1083/1367/278 1082/1368/278
f 1082/1368/278 1077/1369/312 1076/1283/278
f 1076/1283/278 1074/1342/312 1132/1344/278
f 1132/1344/278 1130/1346/278 1124/1348/278
f 1124/1348/278 1122/1350/278 1116/1352/278
f 1116/1352/278 1114/1354/278 1108/1281/278
f 1108/1281/278 1106/1357/278 1100/1359/278
f 1100/1359/278 1098/1361/278 1092/1282/278
f 1092/1282/278 1090/1364/278 1084/1366/278
f 1084/1366/278 1082/1368/278 1076/1283/278
f 1076/1283/278 1132/1344/278 1124/1348/278
f 1124/1348/278 1116/1352/278 1108/1281/278
f 1108/1281/278 1100/1359/278 1092/1282/278
f 1092/1282/278 1084/1366/278 1076/1283/278
f 1076/1283/278 1124/1348/278 1108/1281/278
f 1076/1284/279 1078/1288/279 1075/1285/276
f 1077/1287/280 1079/1293/280 1078/1288/279
f 1135/1291/281 1136/1370/281 1075/1371/281
f 1075/1371/281 1078/1372/314 1079/1373/281
f 1079/1373/281 1080/1374/314 1081/1375/281
f 1081/1375/281 1086/1376/281 1087/1377/281
f 1087/1377/281 1088/1378/281 1089/1379/281
f 1089/1379/281 1094/1380/281 1095/1381/281
f 1095/1381/281 1096/1382/314 1097/1383/281
f 1097/1383/281 1102/1384/314 1103/1289/281
f 1103/1289/281 1104/1385/314 1105/1386/281
f 1105/1386/281 1110/1387/314 1111/1388/281
f 1111/1388/281 1112/1389/281 1113/1390/281
f 1113/1390/281 1118/1391/281 1119/1290/281
f 1119/1290/281 1120/1392/281 1121/1393/281
f 1121/1393/281 1126/1394/281 1127/1395/281
f 1127/1395/281 1128/1396/281 1129/1397/281
f 1129/1397/281 1134/1398/314 1135/1291/281
f 1135/1291/281 1075/1371/281 1079/1373/281
f 1079/1373/281 1081/1375/281 1087/1377/281
f 1087/1377/281 1089/1379/281 1095/1381/281
f 1095/1381/281 1097/1383/281 1103/1289/281
f 1103/1289/281 1105/1386/281 1111/1388/281
f 1111/1388/281 1113/1390/281 1119/1290/281
f 1119/1290/281 1121/1393/281 1127/1395/281
f 1127/1395/281 1129/1397/281 1135/1291/281
f 1135/1291/281 1079/1373/281 1087/1377/281
f 1087/1377/281 1095/1381/281 1103/1289/281
f 1103/1289/281 1111/1388/281 1119/1290/281
f 1119/1290/281 1127/1395/281 1135/1291/281
f 1135/1291/281 1087/1377/281 1103/1289/281
f 1082/1292/282 1080/1295/282 1079/1293/280
f 1083/1294/283 1081/1297/283 1080/1295/282
f 1084/1296/284 1086/1399/284 1081/1297/283
f 1087/1298/285 1086/1399/284 1084/1296/284
f 1090/1300/286 1088/1400/286 1087/1298/285
f 1089/1301/287 1088/1400/286 1090/1300/286
f 1094/1303/288 1089/1301/287 1091/1302/287
f 1093/1305/289 1095/1307/289 1094/1303/288
f 1098/1306/290 1096/1401/290 1095/1307/289
f 1097/1308/291 1096/1401/290 1098/1306/290
f 1102/1310/293 1097/1308/291 1099/1309/292
f 1101/1312/294 1103/1314/294 1102/1310/293
f 1106/1313/295 1104/1402/295 1103/1314/294
f 1105/1315/296 1104/1402/295 1106/1313/295
f 1110/1317/297 1105/1315/296 1107/1316/296
f 1111/1319/298 1110/1317/297 1108/1318/297
f 1114/1321/299 1112/1323/299 1111/1319/298
f 1115/1322/300 1113/1325/302 1112/1323/299
f 1116/1324/301 1118/1403/301 1113/1325/302
f 1119/1326/303 1118/1403/301 1116/1324/301
f 1122/1328/304 1120/1330/304 1119/1326/303
f 1123/1329/305 1121/1404/305 1120/1330/304
f 1126/1331/306 1121/1404/305 1123/1329/305
f 1125/1333/307 1127/1405/307 1126/1331/306
f 1128/1334/308 1127/1405/307 1125/1333/307
f 1131/1336/309 1129/1406/309 1128/1334/308
f 1134/1337/310 1129/1406/309 1131/1336/309
f 1133/1339/311 1135/1407/311 1134/1337/310
f 1136/1279/277 1135/1407/311 1133/1339/311
o 円柱.010
v -0.906911 0.119427 0.955198
v -0.896284 0.120477 0.955421
v -0.906911 0.531279 -0.978482
v -0.917538 0.120477 0.955421
v -0.927756 0.123588 0.956084
v -0.917538 0.532330 -0.978258
v -0.927756 0.535440 -0.977595
v -0.937173 0.540491 -0.976520
v -0.945427 0.547289 -0.975072
v -0.937173 0.128639 0.957160
v -0.945427 0.135436 0.958607
v -0.952201 0.143719 0.960372
v -0.957235 0.153169 0.962384
v -0.952201 0.555572 -0.973307
v -0.957235 0.565022 -0.971295
v -0.960335 0.575276 -0.969111
v -0.961381 0.585940 -0.966840
v -0.960334 0.163423 0.964568
v -0.961381 0.174087 0.966840
v -0.960334 0.184751 0.969111
v -0.957235 0.195005 0.971295
v -0.960335 0.596603 -0.964568
v -0.957235 0.606857 -0.962384
v -0.952201 0.616307 -0.960372
v -0.945427 0.624590 -0.958607
v -0.952201 0.204455 0.973308
v -0.945427 0.212738 0.975072
v -0.937173 0.219535 0.976520
v -0.927756 0.224586 0.977596
v -0.937173 0.631388 -0.957160
v -0.927756 0.636439 -0.956084
v -0.917538 0.639550 -0.955421
v -0.906911 0.640600 -0.955198
v -0.917538 0.227697 0.978258
v -0.906911 0.228747 0.978482
v -0.896284 0.227697 0.978258
v -0.886066 0.224586 0.977596
v -0.896285 0.639550 -0.955421
v -0.886066 0.636439 -0.956084
v -0.876649 0.631388 -0.957160
v -0.868395 0.624590 -0.958607
v -0.876649 0.219535 0.976520
v -0.868395 0.212738 0.975072
v -0.861621 0.204455 0.973308
v -0.856587 0.195005 0.971295
v -0.861621 0.616307 -0.960372
v -0.856588 0.606857 -0.962384
v -0.853488 0.596603 -0.964568
v -0.852441 0.585940 -0.966840
v -0.853488 0.184751 0.969111
v -0.852441 0.174087 0.966840
v -0.853488 0.163423 0.964568
v -0.856587 0.153169 0.962384
v -0.853488 0.575276 -0.969111
v -0.856588 0.565022 -0.971295
v -0.861621 0.555572 -0.973308
v -0.868395 0.547289 -0.975072
v -0.861621 0.143719 0.960372
v -0.868395 0.135436 0.958607
v -0.876649 0.128639 0.957160
v -0.886066 0.123588 0.956084
v -0.876649 0.540491 -0.976520
v -0.886066 0.535440 -0.977595
v -0.896285 0.532330 -0.978258
vn -0.0000 -0.9781 -0.2083
vn 0.1999 -0.9583 -0.2041
vn -0.0000 -0.2083 0.9781
vn -0.1999 -0.9583 -0.2041
vn -0.3910 -0.9002 -0.1917
vn -0.0000 0.2083 -0.9781
vn -0.5652 -0.8068 -0.1718
vn -0.7160 -0.6828 -0.1454
vn -0.7159 -0.6828 -0.1454
vn -0.8378 -0.5339 -0.1137
vn -0.9272 -0.3663 -0.0780
vn -0.9817 -0.1862 -0.0397
vn -1.0000 -0.0000 -0.0000
vn -0.9817 0.1862 0.0397
vn -0.9272 0.3663 0.0780
vn -0.8378 0.5339 0.1137
vn -0.7160 0.6828 0.1454
vn -0.7159 0.6828 0.1454
vn -0.5652 0.8068 0.1718
vn -0.3910 0.9002 0.1917
vn -0.1999 0.9583 0.2041
vn -0.0000 0.9781 0.2083
vn 0.1999 0.9583 0.2041
vn 0.3910 0.9002 0.1917
vn 0.5652 0.8068 0.1718
vn 0.7160 0.6828 0.1454
vn 0.8378 0.5339 0.1137
vn 0.7159 0.6828 0.1454
vn 0.9272 0.3663 0.0780
vn 0.9817 0.1862 0.0397
vn 1.0000 -0.0000 -0.0000
vn 0.9817 -0.1862 -0.0397
vn 0.9272 -0.3663 -0.0780
vn 0.8378 -0.5339 -0.1137
vn 0.7160 -0.6828 -0.1454
vn 0.5652 -0.8068 -0.1718
vn 0.3910 -0.9002 -0.1917
vn -0.0000 -0.2082 0.9781
vn -0.0000 -0.2084 0.9781
vn -0.0000 -0.2081 0.9781
vn -0.0000 0.2082 -0.9781
vn -0.0000 0.2084 -0.9781
vn -0.5653 -0.8068 -0.1718
vt 0.335831 0.335831
vt 0.167915 0.346326
vt 0.167915 0.335831
vt 0.857484 0.291765
vt 0.970920 0.302937
vt 0.982093 0.189501
vt 0.335831 0.661167
vt 0.167915 0.671662
vt 0.167915 0.661167
vt 0.335831 0.650672
vt 0.167915 0.650672
vt 0.009129 0.713879
vt 0.118206 0.680791
vt 0.151294 0.789868
vt 0.167915 0.640178
vt 0.335831 0.629683
vt 0.167915 0.629683
vt 0.167915 0.619188
vt 0.335831 0.608694
vt 0.167915 0.608694
vt 0.167915 0.598199
vt 0.335831 0.587704
vt 0.167915 0.587704
vt 0.335831 0.577209
vt 0.167915 0.577209
vt 0.167915 0.566715
vt 0.167915 0.556220
vt 0.335831 0.566715
vt 0.335831 0.545725
vt 0.167915 0.545725
vt 0.167915 0.535231
vt 0.335831 0.524736
vt 0.167915 0.524736
vt 0.167915 0.514241
vt 0.167915 0.503746
vt 0.335831 0.514241
vt 0.167915 0.493252
vt 0.335831 0.503746
vt 0.167915 0.482757
vt 0.335831 0.493252
vt 0.335831 0.472262
vt 0.167915 0.472262
vt 0.167915 0.461768
vt 0.167915 0.451273
vt 0.335831 0.461768
vt 0.335831 0.440778
vt 0.167915 0.440778
vt 0.167915 0.430283
vt 0.167915 0.419789
vt 0.335831 0.430283
vt 0.335831 0.409294
vt 0.167915 0.409294
vt 0.167915 0.398799
vt 0.167915 0.388305
vt 0.335831 0.398799
vt 0.335831 0.377810
vt 0.167915 0.377810
vt 0.335831 0.367315
vt 0.167915 0.367315
vt 0.335831 0.356820
vt 0.167915 0.356820
vt 0.335831 0.346326
vt 0.970920 0.178329
vt 0.957783 0.169551
vt 0.943186 0.163504
vt 0.927689 0.160422
vt 0.911889 0.160422
vt 0.896392 0.163504
vt 0.881794 0.169551
vt 0.868657 0.178329
vt 0.857485 0.189501
vt 0.848706 0.202639
vt 0.842660 0.217236
vt 0.839577 0.232733
vt 0.839577 0.248533
vt 0.842660 0.264030
vt 0.848706 0.278628
vt 0.868657 0.302937
vt 0.881794 0.311716
vt 0.896392 0.317762
vt 0.911889 0.320845
vt 0.927689 0.320845
vt 0.943185 0.317762
vt 0.957783 0.311716
vt 0.982093 0.291765
vt 0.990871 0.278628
vt 0.996917 0.264030
vt 1.000000 0.248533
vt 1.000000 0.232733
vt 0.996918 0.217237
vt 0.990871 0.202639
vt 0.335831 0.671662
vt 0.142516 0.803005
vt 0.131343 0.814178
vt 0.118206 0.822956
vt 0.103608 0.829002
vt 0.088112 0.832085
vt 0.072311 0.832085
vt 0.056815 0.829002
vt 0.042217 0.822956
vt 0.029080 0.814178
vt 0.017907 0.803005
vt 0.009129 0.789868
vt 0.003083 0.775270
vt 0.000000 0.759774
vt 0.000000 0.743973
vt 0.003083 0.728477
vt 0.017907 0.700742
vt 0.029080 0.689569
vt 0.042217 0.680791
vt 0.056815 0.674745
vt 0.072311 0.671662
vt 0.088112 0.671662
vt 0.103608 0.674745
vt 0.131343 0.689569
vt 0.142516 0.700742
vt 0.151294 0.713879
vt 0.157340 0.728477
vt 0.160423 0.743973
vt 0.160423 0.759773
vt 0.157340 0.775270
vt 0.335831 0.640178
vt 0.335831 0.619188
vt 0.335831 0.598199
vt 0.335831 0.556220
vt 0.335831 0.535231
vt 0.335831 0.482757
vt 0.335831 0.451273
vt 0.335831 0.419789
vt 0.335831 0.388305
s 1
usemtl マテリアル
f 1139/1408/315 1138/1409/316 1137/1410/315
f 1172/1411/317 1156/1412/317 1140/1413/317
f 1142/1414/318 1137/1415/315 1140/1416/318
f 1143/1417/319 1140/1416/318 1141/1418/319
f 1167/1419/320 1183/1420/320 1199/1421/320
f 1146/1422/321 1143/1417/319 1141/1418/319
f 1145/1423/322 1146/1422/321 1147/1424/323
f 1148/1425/324 1145/1423/322 1147/1424/323
f 1151/1426/325 1148/1425/324 1149/1427/325
f 1154/1428/326 1151/1426/325 1149/1427/325
f 1153/1429/327 1154/1428/326 1155/1430/327
f 1158/1431/328 1155/1430/327 1156/1432/328
f 1157/1433/329 1158/1431/328 1156/1432/328
f 1162/1434/330 1159/1435/329 1157/1433/329
f 1161/1436/331 1162/1434/330 1163/1437/332
f 1164/1438/333 1161/1436/331 1163/1437/332
f 1167/1439/334 1164/1438/333 1165/1440/334
f 1170/1441/335 1167/1439/334 1165/1440/334
f 1171/1442/336 1168/1443/335 1170/1441/335
f 1172/1444/337 1169/1445/336 1171/1442/336
f 1173/1446/338 1174/1447/337 1172/1444/337
f 1176/1448/339 1173/1446/338 1178/1449/339
f 1179/1450/340 1176/1448/339 1178/1449/339
f 1180/1451/341 1177/1452/342 1179/1450/340
f 1183/1453/343 1180/1451/341 1181/1454/343
f 1186/1455/344 1183/1453/343 1181/1454/343
f 1187/1456/345 1184/1457/344 1186/1455/344
f 1190/1458/346 1187/1456/345 1188/1459/346
f 1189/1460/347 1190/1458/346 1188/1459/346
f 1194/1461/348 1191/1462/347 1189/1460/347
f 1193/1463/349 1194/1461/348 1195/1464/349
f 1198/1465/350 1195/1464/349 1196/1466/350
f 1199/1467/351 1196/1466/350 1197/1468/351
f 1200/1469/316 1197/1468/351 1138/1409/316
f 1139/1408/315 1200/1469/316 1138/1409/316
f 1140/1413/317 1137/1470/352 1138/1471/317
f 1138/1471/317 1197/1472/352 1196/1473/317
f 1196/1473/317 1195/1474/317 1194/1475/317
f 1194/1475/317 1189/1476/317 1188/1477/317
f 1188/1477/317 1187/1478/317 1186/1479/317
f 1186/1479/317 1181/1480/317 1180/1481/317
f 1180/1481/317 1179/1482/353 1178/1483/317
f 1178/1483/317 1173/1484/354 1172/1411/317
f 1172/1411/317 1171/1485/353 1170/1486/317
f 1170/1486/317 1165/1487/354 1164/1488/317
f 1164/1488/317 1163/1489/317 1162/1490/317
f 1162/1490/317 1157/1491/317 1156/1412/317
f 1156/1412/317 1155/1492/317 1154/1493/317
f 1154/1493/317 1149/1494/317 1148/1495/317
f 1148/1495/317 1147/1496/353 1146/1497/317
f 1146/1497/317 1141/1498/352 1140/1413/317
f 1140/1413/317 1138/1471/317 1196/1473/317
f 1196/1473/317 1194/1475/317 1188/1477/317
f 1188/1477/317 1186/1479/317 1180/1481/317
f 1180/1481/317 1178/1483/317 1172/1411/317
f 1172/1411/317 1170/1486/317 1164/1488/317
f 1164/1488/317 1162/1490/317 1156/1412/317
f 1156/1412/317 1154/1493/317 1148/1495/317
f 1148/1495/317 1146/1497/317 1140/1413/317
f 1140/1413/317 1196/1473/317 1188/1477/317
f 1188/1477/317 1180/1481/317 1172/1411/317
f 1172/1411/317 1164/1488/317 1156/1412/317
f 1156/1412/317 1148/1495/317 1140/1413/317
f 1140/1413/317 1188/1477/317 1172/1411/317
f 1142/1414/318 1139/1499/315 1137/1415/315
f 1143/1417/319 1142/1414/318 1140/1416/318
f 1199/1421/320 1200/1500/320 1139/1501/320
f 1139/1501/320 1142/1502/320 1143/1503/320
f 1143/1503/320 1144/1504/355 1145/1505/320
f 1145/1505/320 1150/1506/320 1151/1507/320
f 1151/1507/320 1152/1508/320 1153/1509/320
f 1153/1509/320 1158/1510/320 1159/1511/320
f 1159/1511/320 1160/1512/320 1161/1513/320
f 1161/1513/320 1166/1514/355 1167/1419/320
f 1167/1419/320 1168/1515/356 1169/1516/320
f 1169/1516/320 1174/1517/356 1175/1518/320
f 1175/1518/320 1176/1519/320 1177/1520/320
f 1177/1520/320 1182/1521/320 1183/1420/320
f 1183/1420/320 1184/1522/320 1185/1523/320
f 1185/1523/320 1190/1524/320 1191/1525/320
f 1191/1525/320 1192/1526/320 1193/1527/320
f 1193/1527/320 1198/1528/355 1199/1421/320
f 1199/1421/320 1139/1501/320 1143/1503/320
f 1143/1503/320 1145/1505/320 1151/1507/320
f 1151/1507/320 1153/1509/320 1159/1511/320
f 1159/1511/320 1161/1513/320 1167/1419/320
f 1167/1419/320 1169/1516/320 1175/1518/320
f 1175/1518/320 1177/1520/320 1183/1420/320
f 1183/1420/320 1185/1523/320 1191/1525/320
f 1191/1525/320 1193/1527/320 1199/1421/320
f 1199/1421/320 1143/1503/320 1151/1507/320
f 1151/1507/320 1159/1511/320 1167/1419/320
f 1167/1419/320 1175/1518/320 1183/1420/320
f 1183/1420/320 1191/1525/320 1199/1421/320
f 1199/1421/320 1151/1507/320 1167/1419/320
f 1146/1422/321 1144/1529/357 1143/1417/319
f 1145/1423/322 1144/1529/357 1146/1422/321
f 1148/1425/324 1150/1530/324 1145/1423/322
f 1151/1426/325 1150/1530/324 1148/1425/324
f 1154/1428/326 1152/1531/326 1151/1426/325
f 1153/1429/327 1152/1531/326 1154/1428/326
f 1158/1431/328 1153/1429/327 1155/1430/327
f 1157/1433/329 1159/1435/329 1158/1431/328
f 1162/1434/330 1160/1532/330 1159/1435/329
f 1161/1436/331 1160/1532/330 1162/1434/330
f 1164/1438/333 1166/1533/333 1161/1436/331
f 1167/1439/334 1166/1533/333 1164/1438/333
f 1170/1441/335 1168/1443/335 1167/1439/334
f 1171/1442/336 1169/1445/336 1168/1443/335
f 1172/1444/337 1174/1447/337 1169/1445/336
f 1173/1446/338 1175/1534/338 1174/1447/337
f 1176/1448/339 1175/1534/338 1173/1446/338
f 1179/1450/340 1177/1452/342 1176/1448/339
f 1180/1451/341 1182/1535/341 1177/1452/342
f 1183/1453/343 1182/1535/341 1180/1451/341
f 1186/1455/344 1184/1457/344 1183/1453/343
f 1187/1456/345 1185/1536/345 1184/1457/344
f 1190/1458/346 1185/1536/345 1187/1456/345
f 1189/1460/347 1191/1462/347 1190/1458/346
f 1194/1461/348 1192/1537/348 1191/1462/347
f 1193/1463/349 1192/1537/348 1194/1461/348
f 1198/1465/350 1193/1463/349 1195/1464/349
f 1199/1467/351 1198/1465/350 1196/1466/350
f 1200/1469/316 1199/1467/351 1197/1468/351
o 円柱.011
v -0.994608 0.119427 -0.955198
v -1.005234 0.120477 -0.955421
v -0.994608 0.531279 0.978482
v -0.983981 0.120477 -0.955421
v -0.973763 0.123588 -0.956084
v -0.983981 0.532330 0.978258
v -0.973763 0.535440 0.977596
v -0.964346 0.540491 0.976520
v -0.956091 0.547289 0.975072
v -0.964346 0.128639 -0.957160
v -0.956092 0.135436 -0.958607
v -0.949318 0.143719 -0.960372
v -0.944284 0.153169 -0.962384
v -0.949317 0.555572 0.973308
v -0.944284 0.565022 0.971295
v -0.941184 0.575276 0.969111
v -0.940138 0.585940 0.966840
v -0.941184 0.163423 -0.964568
v -0.940138 0.174087 -0.966840
v -0.941184 0.184751 -0.969111
v -0.944284 0.195005 -0.971295
v -0.941184 0.596603 0.964568
v -0.944284 0.606857 0.962384
v -0.949317 0.616307 0.960372
v -0.956091 0.624590 0.958607
v -0.949318 0.204455 -0.973307
v -0.956092 0.212738 -0.975072
v -0.964346 0.219535 -0.976520
v -0.973763 0.224586 -0.977595
v -0.964346 0.631388 0.957160
v -0.973763 0.636439 0.956084
v -0.983981 0.639550 0.955421
v -0.994608 0.640600 0.955198
v -0.983981 0.227697 -0.978258
v -0.994608 0.228747 -0.978482
v -1.005234 0.227697 -0.978258
v -1.015453 0.224586 -0.977595
v -1.005234 0.639550 0.955421
v -1.015452 0.636439 0.956084
v -1.024869 0.631388 0.957160
v -1.033124 0.624590 0.958608
v -1.024870 0.219535 -0.976519
v -1.033124 0.212738 -0.975072
v -1.039898 0.204455 -0.973307
v -1.044931 0.195005 -0.971295
v -1.039898 0.616307 0.960372
v -1.044931 0.606857 0.962385
v -1.048031 0.596603 0.964568
v -1.049078 0.585940 0.966840
v -1.048031 0.184751 -0.969111
v -1.049078 0.174087 -0.966839
v -1.048031 0.163423 -0.964568
v -1.044931 0.153169 -0.962384
v -1.048031 0.575276 0.969111
v -1.044931 0.565022 0.971295
v -1.039898 0.555572 0.973308
v -1.033124 0.547289 0.975072
v -1.039898 0.143719 -0.960372
v -1.033124 0.135436 -0.958607
v -1.024870 0.128639 -0.957160
v -1.015453 0.123588 -0.956084
v -1.024869 0.540491 0.976520
v -1.015452 0.535440 0.977596
v -1.005234 0.532330 0.978258
vn -0.0000 -0.9781 0.2083
vn -0.1999 -0.9583 0.2041
vn -0.0000 -0.2083 -0.9781
vn 0.1999 -0.9583 0.2041
vn 0.3910 -0.9002 0.1917
vn -0.0000 0.2083 0.9781
vn 0.5652 -0.8068 0.1718
vn 0.7160 -0.6828 0.1454
vn 0.8378 -0.5339 0.1137
vn 0.9272 -0.3663 0.0780
vn 0.9817 -0.1862 0.0397
vn 1.0000 -0.0000 -0.0000
vn 0.9817 0.1862 -0.0397
vn 0.9272 0.3663 -0.0780
vn 0.8378 0.5339 -0.1137
vn 0.7159 0.6828 -0.1454
vn 0.5652 0.8068 -0.1718
vn 0.7160 0.6828 -0.1454
vn 0.3910 0.9002 -0.1917
vn 0.1999 0.9583 -0.2041
vn -0.0000 0.9781 -0.2083
vn -0.1999 0.9583 -0.2041
vn -0.3910 0.9002 -0.1917
vn -0.5652 0.8068 -0.1718
vn -0.7160 0.6828 -0.1454
vn -0.8378 0.5339 -0.1137
vn -0.9272 0.3663 -0.0780
vn -0.9817 0.1862 -0.0397
vn -1.0000 -0.0000 -0.0000
vn -0.9817 -0.1862 0.0397
vn -0.9272 -0.3663 0.0780
vn -0.8378 -0.5339 0.1137
vn -0.7160 -0.6828 0.1454
vn -0.5652 -0.8068 0.1718
vn -0.3910 -0.9002 0.1917
vn -0.0000 -0.2082 -0.9781
vn -0.0000 -0.2084 -0.9780
vn -0.0000 -0.2084 -0.9781
vn -0.0000 0.2082 0.9781
vn -0.0000 0.2084 0.9781
vt 0.503746 0.335831
vt 0.335831 0.346326
vt 0.335831 0.335831
vt 0.584876 0.835167
vt 0.484350 0.888899
vt 0.538082 0.989425
vt 0.503746 0.661167
vt 0.335831 0.671662
vt 0.335831 0.661167
vt 0.335831 0.650672
vt 0.896392 0.478185
vt 0.842660 0.377659
vt 0.943186 0.323927
vt 0.503746 0.640178
vt 0.335831 0.640178
vt 0.503746 0.629683
vt 0.335831 0.629683
vt 0.503746 0.619188
vt 0.335831 0.619188
vt 0.503746 0.608694
vt 0.335831 0.608694
vt 0.335831 0.598199
vt 0.503746 0.587704
vt 0.335831 0.587704
vt 0.503746 0.577209
vt 0.335831 0.577209
vt 0.503746 0.566715
vt 0.335831 0.566715
vt 0.503746 0.556220
vt 0.335831 0.556220
vt 0.335831 0.545725
vt 0.335831 0.535231
vt 0.503746 0.545725
vt 0.335831 0.524736
vt 0.503746 0.535231
vt 0.335831 0.514241
vt 0.503746 0.524736
vt 0.503746 0.503746
vt 0.335831 0.503746
vt 0.335831 0.493252
vt 0.503746 0.482757
vt 0.335831 0.482757
vt 0.503746 0.472262
vt 0.335831 0.472262
vt 0.503746 0.461768
vt 0.335831 0.461768
vt 0.335831 0.451273
vt 0.503746 0.440778
vt 0.335831 0.440778
vt 0.503746 0.430283
vt 0.335831 0.430283
vt 0.335831 0.419789
vt 0.503746 0.409294
vt 0.335831 0.409294
vt 0.335831 0.398799
vt 0.335831 0.388305
vt 0.503746 0.398799
vt 0.503746 0.377810
vt 0.335831 0.377810
vt 0.503746 0.367315
vt 0.335831 0.367315
vt 0.503746 0.356820
vt 0.335831 0.356820
vt 0.503746 0.346326
vt 0.553579 0.992507
vt 0.569379 0.992507
vt 0.584876 0.989425
vt 0.599474 0.983378
vt 0.612611 0.974600
vt 0.623783 0.963428
vt 0.632562 0.950290
vt 0.638608 0.935693
vt 0.641691 0.920196
vt 0.641691 0.904396
vt 0.638608 0.888899
vt 0.632562 0.874302
vt 0.623783 0.861164
vt 0.612611 0.849992
vt 0.599474 0.841214
vt 0.569379 0.832085
vt 0.553579 0.832085
vt 0.538083 0.835167
vt 0.523485 0.841214
vt 0.510348 0.849992
vt 0.499175 0.861164
vt 0.490397 0.874302
vt 0.481268 0.904396
vt 0.481268 0.920196
vt 0.484350 0.935693
vt 0.490397 0.950290
vt 0.499175 0.963428
vt 0.510347 0.974600
vt 0.523485 0.983378
vt 0.503746 0.671662
vt 0.503746 0.650672
vt 0.957784 0.329974
vt 0.970921 0.338752
vt 0.982093 0.349925
vt 0.990871 0.363062
vt 0.996918 0.377660
vt 1.000000 0.393156
vt 1.000000 0.408957
vt 0.996917 0.424453
vt 0.990871 0.439051
vt 0.982093 0.452188
vt 0.970920 0.463360
vt 0.957783 0.472138
vt 0.943185 0.478185
vt 0.927689 0.481267
vt 0.911888 0.481267
vt 0.881794 0.472138
vt 0.868657 0.463360
vt 0.857484 0.452188
vt 0.848706 0.439050
vt 0.842660 0.424452
vt 0.839578 0.408956
vt 0.839578 0.393156
vt 0.848707 0.363061
vt 0.857485 0.349924
vt 0.868657 0.338752
vt 0.881795 0.329974
vt 0.896393 0.323927
vt 0.911889 0.320845
vt 0.927689 0.320845
vt 0.503746 0.598199
vt 0.503746 0.514241
vt 0.503746 0.493252
vt 0.503746 0.451273
vt 0.503746 0.419789
vt 0.503746 0.388305
s 1
usemtl マテリアル
f 1203/1538/358 1202/1539/359 1201/1540/358
f 1236/1541/360 1220/1542/360 1204/1543/360
f 1206/1544/361 1201/1545/358 1204/1546/361
f 1205/1547/362 1206/1544/361 1204/1546/361
f 1231/1548/363 1247/1549/363 1263/1550/363
f 1208/1551/364 1205/1547/362 1210/1552/364
f 1209/1553/365 1210/1552/364 1211/1554/365
f 1214/1555/366 1211/1554/365 1212/1556/366
f 1215/1557/367 1212/1556/366 1213/1558/367
f 1218/1559/368 1215/1557/367 1213/1558/367
f 1217/1560/369 1218/1559/368 1219/1561/369
f 1222/1562/370 1219/1561/369 1220/1563/370
f 1223/1564/371 1220/1563/370 1221/1565/371
f 1224/1566/372 1221/1565/371 1226/1567/372
f 1227/1568/373 1224/1566/372 1226/1567/372
f 1228/1569/374 1225/1570/375 1227/1568/373
f 1229/1571/376 1230/1572/374 1228/1569/374
f 1234/1573/377 1231/1574/376 1229/1571/376
f 1233/1575/378 1234/1573/377 1235/1576/378
f 1236/1577/379 1233/1575/378 1235/1576/378
f 1239/1578/380 1236/1577/379 1237/1579/380
f 1240/1580/381 1237/1579/380 1242/1581/381
f 1241/1582/382 1242/1581/381 1243/1583/382
f 1244/1584/383 1241/1582/382 1243/1583/382
f 1247/1585/384 1244/1584/383 1245/1586/384
f 1248/1587/385 1245/1586/384 1250/1588/385
f 1251/1589/386 1248/1587/385 1250/1588/385
f 1254/1590/387 1251/1589/386 1252/1591/387
f 1253/1592/388 1254/1590/387 1252/1591/387
f 1258/1593/389 1255/1594/388 1253/1592/388
f 1257/1595/390 1258/1593/389 1259/1596/390
f 1262/1597/391 1259/1596/390 1260/1598/391
f 1263/1599/392 1260/1598/391 1261/1600/392
f 1202/1539/359 1263/1599/392 1261/1600/392
f 1203/1538/358 1264/1601/359 1202/1539/359
f 1204/1543/360 1201/1602/393 1202/1603/360
f 1202/1603/360 1261/1604/393 1260/1605/360
f 1260/1605/360 1259/1606/360 1258/1607/360
f 1258/1607/360 1253/1608/394 1252/1609/360
f 1252/1609/360 1251/1610/360 1250/1611/360
f 1250/1611/360 1245/1612/395 1244/1613/360
f 1244/1613/360 1243/1614/360 1242/1615/360
f 1242/1615/360 1237/1616/395 1236/1541/360
f 1236/1541/360 1235/1617/395 1234/1618/360
f 1234/1618/360 1229/1619/393 1228/1620/360
f 1228/1620/360 1227/1621/394 1226/1622/360
f 1226/1622/360 1221/1623/360 1220/1542/360
f 1220/1542/360 1219/1624/360 1218/1625/360
f 1218/1625/360 1213/1626/360 1212/1627/360
f 1212/1627/360 1211/1628/395 1210/1629/360
f 1210/1629/360 1205/1630/360 1204/1543/360
f 1204/1543/360 1202/1603/360 1260/1605/360
f 1260/1605/360 1258/1607/360 1252/1609/360
f 1252/1609/360 1250/1611/360 1244/1613/360
f 1244/1613/360 1242/1615/360 1236/1541/360
f 1236/1541/360 1234/1618/360 1228/1620/360
f 1228/1620/360 1226/1622/360 1220/1542/360
f 1220/1542/360 1218/1625/360 1212/1627/360
f 1212/1627/360 1210/1629/360 1204/1543/360
f 1204/1543/360 1260/1605/360 1252/1609/360
f 1252/1609/360 1244/1613/360 1236/1541/360
f 1236/1541/360 1228/1620/360 1220/1542/360
f 1220/1542/360 1212/1627/360 1204/1543/360
f 1204/1543/360 1252/1609/360 1236/1541/360
f 1206/1544/361 1203/1631/358 1201/1545/358
f 1205/1547/362 1207/1632/362 1206/1544/361
f 1263/1550/363 1264/1633/363 1203/1634/363
f 1203/1634/363 1206/1635/363 1207/1636/363
f 1207/1636/363 1208/1637/363 1209/1638/363
f 1209/1638/363 1214/1639/363 1215/1640/363
f 1215/1640/363 1216/1641/363 1217/1642/363
f 1217/1642/363 1222/1643/363 1223/1644/363
f 1223/1644/363 1224/1645/396 1225/1646/363
f 1225/1646/363 1230/1647/396 1231/1548/363
f 1231/1548/363 1232/1648/363 1233/1649/363
f 1233/1649/363 1238/1650/396 1239/1651/363
f 1239/1651/363 1240/1652/397 1241/1653/363
f 1241/1653/363 1246/1654/363 1247/1549/363
f 1247/1549/363 1248/1655/363 1249/1656/363
f 1249/1656/363 1254/1657/363 1255/1658/363
f 1255/1658/363 1256/1659/363 1257/1660/363
f 1257/1660/363 1262/1661/396 1263/1550/363
f 1263/1550/363 1203/1634/363 1207/1636/363
f 1207/1636/363 1209/1638/363 1215/1640/363
f 1215/1640/363 1217/1642/363 1223/1644/363
f 1223/1644/363 1225/1646/363 1231/1548/363
f 1231/1548/363 1233/1649/363 1239/1651/363
f 1239/1651/363 1241/1653/363 1247/1549/363
f 1247/1549/363 1249/1656/363 1255/1658/363
f 1255/1658/363 1257/1660/363 1263/1550/363
f 1263/1550/363 1207/1636/363 1215/1640/363
f 1215/1640/363 1223/1644/363 1231/1548/363
f 1231/1548/363 1239/1651/363 1247/1549/363
f 1247/1549/363 1255/1658/363 1263/1550/363
f 1263/1550/363 1215/1640/363 1231/1548/363
f 1208/1551/364 1207/1632/362 1205/1547/362
f 1209/1553/365 1208/1551/364 1210/1552/364
f 1214/1555/366 1209/1553/365 1211/1554/365
f 1215/1557/367 1214/1555/366 1212/1556/366
f 1218/1559/368 1216/1662/368 1215/1557/367
f 1217/1560/369 1216/1662/368 1218/1559/368
f 1222/1562/370 1217/1560/369 1219/1561/369
f 1223/1564/371 1222/1562/370 1220/1563/370
f 1224/1566/372 1223/1564/371 1221/1565/371
f 1227/1568/373 1225/1570/375 1224/1566/372
f 1228/1569/374 1230/1572/374 1225/1570/375
f 1229/1571/376 1231/1574/376 1230/1572/374
f 1234/1573/377 1232/1663/377 1231/1574/376
f 1233/1575/378 1232/1663/377 1234/1573/377
f 1236/1577/379 1238/1664/379 1233/1575/378
f 1239/1578/380 1238/1664/379 1236/1577/379
f 1240/1580/381 1239/1578/380 1237/1579/380
f 1241/1582/382 1240/1580/381 1242/1581/381
f 1244/1584/383 1246/1665/383 1241/1582/382
f 1247/1585/384 1246/1665/383 1244/1584/383
f 1248/1587/385 1247/1585/384 1245/1586/384
f 1251/1589/386 1249/1666/386 1248/1587/385
f 1254/1590/387 1249/1666/386 1251/1589/386
f 1253/1592/388 1255/1594/388 1254/1590/387
f 1258/1593/389 1256/1667/389 1255/1594/388
f 1257/1595/390 1256/1667/389 1258/1593/389
f 1262/1597/391 1257/1595/390 1259/1596/390
f 1263/1599/392 1262/1597/391 1260/1598/391
f 1202/1539/359 1264/1601/359 1263/1599/392
o 円柱.012
v -0.955198 0.119427 -0.906911
v -0.955421 0.120477 -0.896284
v 0.978482 0.531279 -0.906911
v -0.955421 0.120477 -0.917538
v -0.956084 0.123588 -0.927756
v 0.978258 0.532330 -0.917538
v 0.977595 0.535440 -0.927756
v 0.976520 0.540491 -0.937173
v 0.975072 0.547289 -0.945427
v -0.957160 0.128639 -0.937173
v -0.958607 0.135436 -0.945427
v -0.960372 0.143719 -0.952201
v -0.962384 0.153169 -0.957235
v 0.973307 0.555572 -0.952201
v 0.971295 0.565022 -0.957235
v 0.969111 0.575276 -0.960335
v 0.966840 0.585940 -0.961381
v -0.964568 0.163423 -0.960334
v -0.966840 0.174087 -0.961381
v -0.969111 0.184751 -0.960334
v -0.971295 0.195005 -0.957235
v 0.964568 0.596603 -0.960335
v 0.962384 0.606857 -0.957235
v 0.960372 0.616307 -0.952201
v 0.958607 0.624590 -0.945427
v -0.973308 0.204455 -0.952201
v -0.975072 0.212738 -0.945427
v -0.976520 0.219535 -0.937173
v -0.977596 0.224586 -0.927756
v 0.957160 0.631388 -0.937173
v 0.956084 0.636439 -0.927756
v 0.955421 0.639550 -0.917538
v 0.955198 0.640600 -0.906911
v -0.978258 0.227697 -0.917538
v -0.978482 0.228747 -0.906911
v -0.978258 0.227697 -0.896284
v -0.977596 0.224586 -0.886066
v 0.955421 0.639550 -0.896285
v 0.956084 0.636439 -0.886066
v 0.957160 0.631388 -0.876649
v 0.958607 0.624590 -0.868395
v -0.976520 0.219535 -0.876649
v -0.975072 0.212738 -0.868395
v -0.973308 0.204455 -0.861621
v -0.971295 0.195005 -0.856587
v 0.960372 0.616307 -0.861621
v 0.962384 0.606857 -0.856588
v 0.964568 0.596603 -0.853488
v 0.966840 0.585940 -0.852441
v -0.969111 0.184751 -0.853488
v -0.966840 0.174087 -0.852441
v -0.964568 0.163423 -0.853488
v -0.962384 0.153169 -0.856587
v 0.969111 0.575276 -0.853488
v 0.971295 0.565022 -0.856588
v 0.973308 0.555572 -0.861621
v 0.975072 0.547289 -0.868395
v -0.960372 0.143719 -0.861621
v -0.958607 0.135436 -0.868395
v -0.957160 0.128639 -0.876649
v -0.956084 0.123588 -0.886066
v 0.976520 0.540491 -0.876649
v 0.977595 0.535440 -0.886066
v 0.978258 0.532330 -0.896285
vn 0.2083 -0.9781 -0.0000
vn 0.2041 -0.9583 0.1999
vn -0.9781 -0.2083 -0.0000
vn 0.2041 -0.9583 -0.1999
vn 0.1917 -0.9002 -0.3910
vn 0.9781 0.2083 -0.0000
vn 0.1718 -0.8068 -0.5652
vn 0.1454 -0.6828 -0.7159
vn 0.1454 -0.6828 -0.7160
vn 0.1137 -0.5339 -0.8379
vn 0.0780 -0.3663 -0.9272
vn 0.0397 -0.1862 -0.9817
vn -0.0000 -0.0000 -1.0000
vn -0.0397 0.1862 -0.9817
vn -0.0780 0.3663 -0.9272
vn -0.1137 0.5339 -0.8379
vn -0.1454 0.6828 -0.7160
vn -0.1718 0.8068 -0.5652
vn -0.1917 0.9002 -0.3910
vn -0.2041 0.9583 -0.1999
vn -0.2083 0.9781 -0.0000
vn -0.2041 0.9583 0.1999
vn -0.1917 0.9002 0.3910
vn -0.1718 0.8068 0.5652
vn -0.1454 0.6828 0.7160
vn -0.1137 0.5339 0.8378
vn -0.1454 0.6828 0.7159
vn -0.0780 0.3663 0.9272
vn -0.0397 0.1862 0.9817
vn -0.0000 -0.0000 1.0000
vn 0.0397 -0.1862 0.9817
vn 0.0780 -0.3663 0.9272
vn 0.1137 -0.5339 0.8378
vn 0.1454 -0.6828 0.7159
vn 0.1454 -0.6828 0.7160
vn 0.1718 -0.8068 0.5652
vn 0.1917 -0.9002 0.3910
vn -0.9781 -0.2083 0.0001
vn -0.9781 -0.2083 -0.0001
vn -0.9781 -0.2084 -0.0001
vn 0.9781 0.2083 -0.0001
vn 0.9781 0.2083 0.0001
vn 0.9781 0.2084 -0.0000
vn 0.1137 -0.5339 -0.8378
vn -0.1137 0.5339 -0.8378
vt 0.503746 -0.000000
vt 0.514241 0.167915
vt 0.503746 0.167915
vt 0.142516 0.861164
vt 0.029080 0.849991
vt 0.017907 0.963427
vt 0.829083 -0.000000
vt 0.839577 0.167915
vt 0.829083 0.167915
vt 0.818588 -0.000000
vt 0.818588 0.167915
vt 0.278628 0.841214
vt 0.311716 0.950290
vt 0.202640 0.983379
vt 0.808093 0.167915
vt 0.797598 -0.000000
vt 0.797598 0.167915
vt 0.787104 0.167915
vt 0.776609 -0.000000
vt 0.776609 0.167915
vt 0.766114 0.167915
vt 0.755620 -0.000000
vt 0.755620 0.167915
vt 0.745125 -0.000000
vt 0.745125 0.167915
vt 0.734630 0.167915
vt 0.724135 0.167915
vt 0.734630 -0.000000
vt 0.713641 -0.000000
vt 0.713641 0.167915
vt 0.703146 0.167915
vt 0.692651 -0.000000
vt 0.692651 0.167915
vt 0.682157 0.167915
vt 0.671662 0.167915
vt 0.682157 -0.000000
vt 0.661167 0.167915
vt 0.671662 -0.000000
vt 0.650672 0.167915
vt 0.661167 -0.000000
vt 0.640178 -0.000000
vt 0.640178 0.167915
vt 0.629683 0.167915
vt 0.619188 0.167915
vt 0.629683 -0.000000
vt 0.608693 -0.000000
vt 0.608693 0.167915
vt 0.598199 0.167915
vt 0.587704 0.167915
vt 0.598199 -0.000000
vt 0.577209 -0.000000
vt 0.577209 0.167915
vt 0.566715 0.167915
vt 0.556220 0.167915
vt 0.566715 -0.000000
vt 0.545725 -0.000000
vt 0.545725 0.167915
vt 0.535230 -0.000000
vt 0.535230 0.167915
vt 0.524736 -0.000000
vt 0.524736 0.167915
vt 0.514241 -0.000000
vt 0.029079 0.974599
vt 0.042216 0.983378
vt 0.056814 0.989424
vt 0.072311 0.992507
vt 0.088111 0.992507
vt 0.103608 0.989424
vt 0.118205 0.983378
vt 0.131343 0.974600
vt 0.142515 0.963427
vt 0.151293 0.950290
vt 0.157340 0.935693
vt 0.160423 0.920196
vt 0.160423 0.904396
vt 0.157340 0.888899
vt 0.151294 0.874301
vt 0.131343 0.849992
vt 0.118206 0.841213
vt 0.103608 0.835167
vt 0.088112 0.832084
vt 0.072311 0.832084
vt 0.056815 0.835166
vt 0.042217 0.841213
vt 0.017907 0.861163
vt 0.009129 0.874301
vt 0.003083 0.888898
vt -0.000000 0.904395
vt -0.000000 0.920195
vt 0.003082 0.935692
vt 0.009129 0.950289
vt 0.839577 -0.000000
vt 0.189502 0.974601
vt 0.178330 0.963428
vt 0.169552 0.950291
vt 0.163505 0.935694
vt 0.160423 0.920197
vt 0.160422 0.904397
vt 0.163505 0.888900
vt 0.169551 0.874302
vt 0.178329 0.861165
vt 0.189502 0.849993
vt 0.202639 0.841214
vt 0.217236 0.835168
vt 0.232733 0.832085
vt 0.248533 0.832085
vt 0.264030 0.835168
vt 0.291765 0.849992
vt 0.302938 0.861164
vt 0.311716 0.874302
vt 0.317762 0.888899
vt 0.320845 0.904396
vt 0.320845 0.920196
vt 0.317763 0.935693
vt 0.302938 0.963428
vt 0.291766 0.974600
vt 0.278628 0.983379
vt 0.264031 0.989425
vt 0.248534 0.992508
vt 0.232734 0.992508
vt 0.217237 0.989425
vt 0.808093 -0.000000
vt 0.787104 -0.000000
vt 0.766114 -0.000000
vt 0.724135 -0.000000
vt 0.703146 -0.000000
vt 0.650672 -0.000000
vt 0.619188 -0.000000
vt 0.587704 -0.000000
vt 0.556220 -0.000000
s 1
usemtl マテリアル
f 1267/1668/398 1266/1669/399 1265/1670/398
f 1300/1671/400 1284/1672/400 1268/1673/400
f 1270/1674/401 1265/1675/398 1268/1676/401
f 1271/1677/402 1268/1676/401 1269/1678/402
f 1295/1679/403 1311/1680/403 1327/1681/403
f 1274/1682/404 1271/1677/402 1269/1678/402
f 1273/1683/405 1274/1682/404 1275/1684/406
f 1276/1685/407 1273/1683/405 1275/1684/406
f 1279/1686/408 1276/1685/407 1277/1687/408
f 1282/1688/409 1279/1686/408 1277/1687/408
f 1281/1689/410 1282/1688/409 1283/1690/410
f 1286/1691/411 1283/1690/410 1284/1692/411
f 1285/1693/412 1286/1691/411 1284/1692/411
f 1290/1694/413 1287/1695/412 1285/1693/412
f 1289/1696/414 1290/1694/413 1291/1697/414
f 1292/1698/415 1289/1696/414 1291/1697/414
f 1295/1699/416 1292/1698/415 1293/1700/416
f 1298/1701/417 1295/1699/416 1293/1700/416
f 1299/1702/418 1296/1703/417 1298/1701/417
f 1300/1704/419 1297/1705/418 1299/1702/418
f 1301/1706/420 1302/1707/419 1300/1704/419
f 1304/1708/421 1301/1706/420 1306/1709/421
f 1307/1710/422 1304/1708/421 1306/1709/421
f 1308/1711/423 1305/1712/424 1307/1710/422
f 1311/1713/425 1308/1711/423 1309/1714/425
f 1314/1715/426 1311/1713/425 1309/1714/425
f 1315/1716/427 1312/1717/426 1314/1715/426
f 1318/1718/428 1315/1716/427 1316/1719/428
f 1317/1720/429 1318/1718/428 1316/1719/428
f 1322/1721/430 1319/1722/429 1317/1720/429
f 1321/1723/431 1322/1721/430 1323/1724/432
f 1326/1725/433 1323/1724/432 1324/1726/433
f 1327/1727/434 1324/1726/433 1325/1728/434
f 1328/1729/399 1325/1728/434 1266/1669/399
f 1267/1668/398 1328/1729/399 1266/1669/399
f 1268/1673/400 1265/1730/400 1266/1731/400
f 1266/1731/400 1325/1732/400 1324/1733/400
f 1324/1733/400 1323/1734/435 1322/1735/400
f 1322/1735/400 1317/1736/436 1316/1737/400
f 1316/1737/400 1315/1738/436 1314/1739/400
f 1314/1739/400 1309/1740/400 1308/1741/400
f 1308/1741/400 1307/1742/400 1306/1743/400
f 1306/1743/400 1301/1744/435 1300/1671/400
f 1300/1671/400 1299/1745/400 1298/1746/400
f 1298/1746/400 1293/1747/400 1292/1748/400
f 1292/1748/400 1291/1749/400 1290/1750/400
f 1290/1750/400 1285/1751/400 1284/1672/400
f 1284/1672/400 1283/1752/435 1282/1753/400
f 1282/1753/400 1277/1754/435 1276/1755/400
f 1276/1755/400 1275/1756/437 1274/1757/400
f 1274/1757/400 1269/1758/400 1268/1673/400
f 1268/1673/400 1266/1731/400 1324/1733/400
f 1324/1733/400 1322/1735/400 1316/1737/400
f 1316/1737/400 1314/1739/400 1308/1741/400
f 1308/1741/400 1306/1743/400 1300/1671/400
f 1300/1671/400 1298/1746/400 1292/1748/400
f 1292/1748/400 1290/1750/400 1284/1672/400
f 1284/1672/400 1282/1753/400 1276/1755/400
f 1276/1755/400 1274/1757/400 1268/1673/400
f 1268/1673/400 1324/1733/400 1316/1737/400
f 1316/1737/400 1308/1741/400 1300/1671/400
f 1300/1671/400 1292/1748/400 1284/1672/400
f 1284/1672/400 1276/1755/400 1268/1673/400
f 1268/1673/400 1316/1737/400 1300/1671/400
f 1270/1674/401 1267/1759/398 1265/1675/398
f 1271/1677/402 1270/1674/401 1268/1676/401
f 1327/1681/403 1328/1760/403 1267/1761/403
f 1267/1761/403 1270/1762/403 1271/1763/403
f 1271/1763/403 1272/1764/403 1273/1765/403
f 1273/1765/403 1278/1766/403 1279/1767/403
f 1279/1767/403 1280/1768/438 1281/1769/403
f 1281/1769/403 1286/1770/403 1287/1771/403
f 1287/1771/403 1288/1772/439 1289/1773/403
f 1289/1773/403 1294/1774/403 1295/1679/403
f 1295/1679/403 1296/1775/403 1297/1776/403
f 1297/1776/403 1302/1777/403 1303/1778/403
f 1303/1778/403 1304/1779/403 1305/1780/403
f 1305/1780/403 1310/1781/438 1311/1680/403
f 1311/1680/403 1312/1782/403 1313/1783/403
f 1313/1783/403 1318/1784/439 1319/1785/403
f 1319/1785/403 1320/1786/440 1321/1787/403
f 1321/1787/403 1326/1788/403 1327/1681/403
f 1327/1681/403 1267/1761/403 1271/1763/403
f 1271/1763/403 1273/1765/403 1279/1767/403
f 1279/1767/403 1281/1769/403 1287/1771/403
f 1287/1771/403 1289/1773/403 1295/1679/403
f 1295/1679/403 1297/1776/403 1303/1778/403
f 1303/1778/403 1305/1780/403 1311/1680/403
f 1311/1680/403 1313/1783/403 1319/1785/403
f 1319/1785/403 1321/1787/403 1327/1681/403
f 1327/1681/403 1271/1763/403 1279/1767/403
f 1279/1767/403 1287/1771/403 1295/1679/403
f 1295/1679/403 1303/1778/403 1311/1680/403
f 1311/1680/403 1319/1785/403 1327/1681/403
f 1327/1681/403 1279/1767/403 1295/1679/403
f 1274/1682/404 1272/1789/404 1271/1677/402
f 1273/1683/405 1272/1789/404 1274/1682/404
f 1276/1685/407 1278/1790/441 1273/1683/405
f 1279/1686/408 1278/1790/441 1276/1685/407
f 1282/1688/409 1280/1791/409 1279/1686/408
f 1281/1689/410 1280/1791/409 1282/1688/409
f 1286/1691/411 1281/1689/410 1283/1690/410
f 1285/1693/412 1287/1695/412 1286/1691/411
f 1290/1694/413 1288/1792/442 1287/1695/412
f 1289/1696/414 1288/1792/442 1290/1694/413
f 1292/1698/415 1294/1793/415 1289/1696/414
f 1295/1699/416 1294/1793/415 1292/1698/415
f 1298/1701/417 1296/1703/417 1295/1699/416
f 1299/1702/418 1297/1705/418 1296/1703/417
f 1300/1704/419 1302/1707/419 1297/1705/418
f 1301/1706/420 1303/1794/420 1302/1707/419
f 1304/1708/421 1303/1794/420 1301/1706/420
f 1307/1710/422 1305/1712/424 1304/1708/421
f 1308/1711/423 1310/1795/423 1305/1712/424
f 1311/1713/425 1310/1795/423 1308/1711/423
f 1314/1715/426 1312/1717/426 1311/1713/425
f 1315/1716/427 1313/1796/427 1312/1717/426
f 1318/1718/428 1313/1796/427 1315/1716/427
f 1317/1720/429 1319/1722/429 1318/1718/428
f 1322/1721/430 1320/1797/430 1319/1722/429
f 1321/1723/431 1320/1797/430 1322/1721/430
f 1326/1725/433 1321/1723/431 1323/1724/432
f 1327/1727/434 1326/1725/433 1324/1726/433
f 1328/1729/399 1327/1727/434 1325/1728/434
o 円柱.013
v 0.955198 0.119427 -0.994608
v 0.955421 0.120477 -1.005234
v -0.978482 0.531279 -0.994608
v 0.955421 0.120477 -0.983981
v 0.956084 0.123588 -0.973763
v -0.978258 0.532330 -0.983981
v -0.977596 0.535440 -0.973763
v -0.976520 0.540491 -0.964346
v -0.975072 0.547289 -0.956091
v 0.957160 0.128639 -0.964346
v 0.958607 0.135436 -0.956092
v 0.960372 0.143719 -0.949318
v 0.962384 0.153169 -0.944284
v -0.973308 0.555572 -0.949317
v -0.971295 0.565022 -0.944284
v -0.969111 0.575276 -0.941184
v -0.966840 0.585940 -0.940138
v 0.964568 0.163423 -0.941184
v 0.966840 0.174087 -0.940138
v 0.969111 0.184751 -0.941184
v 0.971295 0.195005 -0.944284
v -0.964568 0.596603 -0.941184
v -0.962384 0.606857 -0.944284
v -0.960372 0.616307 -0.949317
v -0.958607 0.624590 -0.956091
v 0.973307 0.204455 -0.949318
v 0.975072 0.212738 -0.956092
v 0.976520 0.219535 -0.964346
v 0.977595 0.224586 -0.973763
v -0.957160 0.631388 -0.964346
v -0.956084 0.636439 -0.973763
v -0.955421 0.639550 -0.983981
v -0.955198 0.640600 -0.994608
v 0.978258 0.227697 -0.983981
v 0.978482 0.228747 -0.994608
v 0.978258 0.227697 -1.005234
v 0.977595 0.224586 -1.015452
v -0.955421 0.639550 -1.005234
v -0.956084 0.636439 -1.015452
v -0.957160 0.631388 -1.024870
v -0.958607 0.624590 -1.033124
v 0.976520 0.219535 -1.024870
v 0.975072 0.212738 -1.033124
v 0.973307 0.204455 -1.039898
v 0.971295 0.195005 -1.044931
v -0.960372 0.616307 -1.039898
v -0.962384 0.606857 -1.044931
v -0.964568 0.596603 -1.048031
v -0.966840 0.585940 -1.049078
v 0.969111 0.184751 -1.048031
v 0.966840 0.174087 -1.049078
v 0.964568 0.163423 -1.048031
v 0.962384 0.153169 -1.044931
v -0.969111 0.575276 -1.048031
v -0.971295 0.565022 -1.044931
v -0.973308 0.555572 -1.039898
v -0.975072 0.547289 -1.033124
v 0.960372 0.143719 -1.039898
v 0.958607 0.135436 -1.033124
v 0.957160 0.128639 -1.024870
v 0.956084 0.123588 -1.015452
v -0.976520 0.540491 -1.024870
v -0.977596 0.535440 -1.015452
v -0.978258 0.532330 -1.005234
vn -0.2083 -0.9781 -0.0000
vn -0.2041 -0.9583 -0.1999
vn 0.9781 -0.2083 -0.0000
vn -0.2041 -0.9583 0.1999
vn -0.1917 -0.9002 0.3910
vn -0.9781 0.2083 -0.0000
vn -0.1718 -0.8068 0.5652
vn -0.1454 -0.6828 0.7160
vn -0.1137 -0.5339 0.8378
vn -0.0780 -0.3663 0.9272
vn -0.0397 -0.1862 0.9817
vn -0.0000 -0.0000 1.0000
vn 0.0397 0.1862 0.9817
vn 0.0780 0.3663 0.9272
vn 0.1137 0.5339 0.8378
vn 0.1454 0.6828 0.7160
vn 0.1718 0.8068 0.5652
vn 0.1917 0.9002 0.3910
vn 0.2041 0.9583 0.1999
vn 0.2083 0.9781 -0.0000
vn 0.2041 0.9583 -0.1999
vn 0.1917 0.9002 -0.3910
vn 0.1718 0.8068 -0.5652
vn 0.1454 0.6828 -0.7159
vn 0.1137 0.5339 -0.8378
vn 0.1454 0.6828 -0.7160
vn 0.0780 0.3663 -0.9272
vn 0.0397 0.1862 -0.9817
vn -0.0000 -0.0000 -1.0000
vn 0.0397 0.1863 -0.9817
vn -0.0397 -0.1862 -0.9817
vn -0.0780 -0.3663 -0.9272
vn -0.1137 -0.5339 -0.8378
vn -0.1454 -0.6828 -0.7159
vn -0.1454 -0.6828 -0.7160
vn -0.1718 -0.8068 -0.5653
vn -0.1718 -0.8068 -0.5652
vn -0.1917 -0.9002 -0.3910
vn 0.9781 -0.2083 -0.0001
vn 0.9781 -0.2083 0.0001
vn 0.9781 -0.2084 -0.0001
vn 0.9781 -0.2084 0.0001
vn -0.9781 0.2083 -0.0001
vn -0.9781 0.2083 0.0001
vt 0.167915 0.167915
vt 0.178410 0.335831
vt 0.167915 0.335831
vt 0.896392 0.959453
vt 0.996917 0.905721
vt 0.943185 0.805195
vt 0.493252 0.167915
vt 0.503746 0.335831
vt 0.493252 0.335831
vt 0.482757 0.335831
vt 0.842660 0.538082
vt 0.943185 0.484350
vt 0.996917 0.584875
vt 0.472262 0.167915
vt 0.472262 0.335831
vt 0.461768 0.167915
vt 0.461768 0.335831
vt 0.451273 0.167915
vt 0.451273 0.335831
vt 0.440778 0.167915
vt 0.440778 0.335831
vt 0.430283 0.335831
vt 0.419789 0.167915
vt 0.419789 0.335831
vt 0.409294 0.167915
vt 0.409294 0.335831
vt 0.398799 0.167915
vt 0.398799 0.335831
vt 0.388305 0.167915
vt 0.388305 0.335831
vt 0.377810 0.335831
vt 0.367315 0.335831
vt 0.377810 0.167915
vt 0.356820 0.335831
vt 0.367315 0.167915
vt 0.346326 0.335831
vt 0.356820 0.167915
vt 0.335831 0.167915
vt 0.335831 0.335831
vt 0.325336 0.335831
vt 0.314842 0.335831
vt 0.325336 0.167915
vt 0.304347 0.335831
vt 0.314842 0.167915
vt 0.293852 0.335831
vt 0.304347 0.167915
vt 0.283357 0.335831
vt 0.293852 0.167915
vt 0.272863 0.167915
vt 0.272863 0.335831
vt 0.262368 0.335831
vt 0.251873 0.335831
vt 0.262368 0.167915
vt 0.241378 0.167915
vt 0.241379 0.335831
vt 0.230884 0.335831
vt 0.220389 0.167915
vt 0.220389 0.335831
vt 0.209894 0.167915
vt 0.209894 0.335831
vt 0.199400 0.167915
vt 0.199400 0.335831
vt 0.188905 0.335831
vt 0.178410 0.167915
vt 0.927689 0.802112
vt 0.911888 0.802112
vt 0.896392 0.805195
vt 0.881794 0.811241
vt 0.868657 0.820020
vt 0.857484 0.831192
vt 0.848706 0.844329
vt 0.842660 0.858927
vt 0.839577 0.874424
vt 0.839577 0.890224
vt 0.842660 0.905720
vt 0.848706 0.920318
vt 0.857484 0.933455
vt 0.868657 0.944628
vt 0.881794 0.953406
vt 0.911888 0.962535
vt 0.927689 0.962535
vt 0.943185 0.959453
vt 0.957783 0.953406
vt 0.970920 0.944628
vt 0.982093 0.933456
vt 0.990871 0.920318
vt 1.000000 0.890224
vt 1.000000 0.874424
vt 0.996917 0.858927
vt 0.990871 0.844329
vt 0.982093 0.831192
vt 0.970920 0.820020
vt 0.957783 0.811241
vt 0.503746 0.167915
vt 0.482757 0.167915
vt 0.990871 0.599473
vt 0.982093 0.612610
vt 0.970920 0.623783
vt 0.957783 0.632561
vt 0.943185 0.638607
vt 0.927689 0.641690
vt 0.911888 0.641690
vt 0.896392 0.638607
vt 0.881794 0.632561
vt 0.868657 0.623783
vt 0.857484 0.612610
vt 0.848706 0.599473
vt 0.842660 0.584875
vt 0.839577 0.569379
vt 0.839577 0.553578
vt 0.848706 0.523484
vt 0.857484 0.510347
vt 0.868657 0.499174
vt 0.881794 0.490396
vt 0.896392 0.484350
vt 0.911888 0.481267
vt 0.927689 0.481267
vt 0.957783 0.490396
vt 0.970920 0.499174
vt 0.982093 0.510347
vt 0.990871 0.523484
vt 0.996917 0.538082
vt 1.000000 0.553578
vt 1.000000 0.569379
vt 0.430283 0.167915
vt 0.346326 0.167915
vt 0.283357 0.167915
vt 0.251873 0.167915
vt 0.230884 0.167915
vt 0.188905 0.167915
s 1
usemtl マテリアル
f 1331/1798/443 1330/1799/444 1329/1800/443
f 1364/1801/445 1348/1802/445 1332/1803/445
f 1334/1804/446 1329/1805/443 1332/1806/446
f 1333/1807/447 1334/1804/446 1332/1806/446
f 1359/1808/448 1375/1809/448 1391/1810/448
f 1336/1811/449 1333/1807/447 1338/1812/449
f 1337/1813/450 1338/1812/449 1339/1814/450
f 1342/1815/451 1339/1814/450 1340/1816/451
f 1343/1817/452 1340/1816/451 1341/1818/452
f 1346/1819/453 1343/1817/452 1341/1818/452
f 1345/1820/454 1346/1819/453 1347/1821/454
f 1350/1822/455 1347/1821/454 1348/1823/455
f 1351/1824/456 1348/1823/455 1349/1825/456
f 1352/1826/457 1349/1825/456 1354/1827/457
f 1355/1828/458 1352/1826/457 1354/1827/457
f 1356/1829/459 1353/1830/458 1355/1828/458
f 1357/1831/460 1358/1832/459 1356/1829/459
f 1362/1833/461 1359/1834/460 1357/1831/460
f 1361/1835/462 1362/1833/461 1363/1836/462
f 1364/1837/463 1361/1835/462 1363/1836/462
f 1365/1838/464 1366/1839/463 1364/1837/463
f 1370/1840/465 1367/1841/464 1365/1838/464
f 1371/1842/466 1368/1843/465 1370/1840/465
f 1372/1844/467 1369/1845/468 1371/1842/466
f 1375/1846/469 1372/1844/467 1373/1847/469
f 1378/1848/470 1375/1846/469 1373/1847/469
f 1379/1849/471 1376/1850/472 1378/1848/470
f 1382/1851/473 1379/1849/471 1380/1852/473
f 1381/1853/474 1382/1851/473 1380/1852/473
f 1384/1854/475 1381/1853/474 1386/1855/475
f 1385/1856/476 1386/1855/475 1387/1857/477
f 1390/1858/478 1387/1857/477 1388/1859/479
f 1389/1860/480 1390/1858/478 1388/1859/479
f 1392/1861/444 1389/1860/480 1330/1799/444
f 1331/1798/443 1392/1861/444 1330/1799/444
f 1332/1803/445 1329/1862/445 1330/1863/445
f 1330/1863/445 1389/1864/445 1388/1865/445
f 1388/1865/445 1387/1866/481 1386/1867/445
f 1386/1867/445 1381/1868/481 1380/1869/445
f 1380/1869/445 1379/1870/481 1378/1871/445
f 1378/1871/445 1373/1872/445 1372/1873/445
f 1372/1873/445 1371/1874/482 1370/1875/445
f 1370/1875/445 1365/1876/445 1364/1801/445
f 1364/1801/445 1363/1877/445 1362/1878/445
f 1362/1878/445 1357/1879/445 1356/1880/445
f 1356/1880/445 1355/1881/483 1354/1882/445
f 1354/1882/445 1349/1883/445 1348/1802/445
f 1348/1802/445 1347/1884/482 1346/1885/445
f 1346/1885/445 1341/1886/482 1340/1887/445
f 1340/1887/445 1339/1888/484 1338/1889/445
f 1338/1889/445 1333/1890/445 1332/1803/445
f 1332/1803/445 1330/1863/445 1388/1865/445
f 1388/1865/445 1386/1867/445 1380/1869/445
f 1380/1869/445 1378/1871/445 1372/1873/445
f 1372/1873/445 1370/1875/445 1364/1801/445
f 1364/1801/445 1362/1878/445 1356/1880/445
f 1356/1880/445 1354/1882/445 1348/1802/445
f 1348/1802/445 1346/1885/445 1340/1887/445
f 1340/1887/445 1338/1889/445 1332/1803/445
f 1332/1803/445 1388/1865/445 1380/1869/445
f 1380/1869/445 1372/1873/445 1364/1801/445
f 1364/1801/445 1356/1880/445 1348/1802/445
f 1348/1802/445 1340/1887/445 1332/1803/445
f 1332/1803/445 1380/1869/445 1364/1801/445
f 1334/1804/446 1331/1891/443 1329/1805/443
f 1333/1807/447 1335/1892/447 1334/1804/446
f 1391/1810/448 1392/1893/448 1331/1894/448
f 1331/1894/448 1334/1895/448 1335/1896/448
f 1335/1896/448 1336/1897/448 1337/1898/448
f 1337/1898/448 1342/1899/448 1343/1900/448
f 1343/1900/448 1344/1901/448 1345/1902/448
f 1345/1902/448 1350/1903/448 1351/1904/448
f 1351/1904/448 1352/1905/485 1353/1906/448
f 1353/1906/448 1358/1907/448 1359/1808/448
f 1359/1808/448 1360/1908/448 1361/1909/448
f 1361/1909/448 1366/1910/448 1367/1911/448
f 1367/1911/448 1368/1912/448 1369/1913/448
f 1369/1913/448 1374/1914/486 1375/1809/448
f 1375/1809/448 1376/1915/448 1377/1916/448
f 1377/1916/448 1382/1917/448 1383/1918/448
f 1383/1918/448 1384/1919/448 1385/1920/448
f 1385/1920/448 1390/1921/448 1391/1810/448
f 1391/1810/448 1331/1894/448 1335/1896/448
f 1335/1896/448 1337/1898/448 1343/1900/448
f 1343/1900/448 1345/1902/448 1351/1904/448
f 1351/1904/448 1353/1906/448 1359/1808/448
f 1359/1808/448 1361/1909/448 1367/1911/448
f 1367/1911/448 1369/1913/448 1375/1809/448
f 1375/1809/448 1377/1916/448 1383/1918/448
f 1383/1918/448 1385/1920/448 1391/1810/448
f 1391/1810/448 1335/1896/448 1343/1900/448
f 1343/1900/448 1351/1904/448 1359/1808/448
f 1359/1808/448 1367/1911/448 1375/1809/448
f 1375/1809/448 1383/1918/448 1391/1810/448
f 1391/1810/448 1343/1900/448 1359/1808/448
f 1336/1811/449 1335/1892/447 1333/1807/447
f 1337/1813/450 1336/1811/449 1338/1812/449
f 1342/1815/451 1337/1813/450 1339/1814/450
f 1343/1817/452 1342/1815/451 1340/1816/451
f 1346/1819/453 1344/1922/453 1343/1817/452
f 1345/1820/454 1344/1922/453 1346/1819/453
f 1350/1822/455 1345/1820/454 1347/1821/454
f 1351/1824/456 1350/1822/455 1348/1823/455
f 1352/1826/457 1351/1824/456 1349/1825/456
f 1355/1828/458 1353/1830/458 1352/1826/457
f 1356/1829/459 1358/1832/459 1353/1830/458
f 1357/1831/460 1359/1834/460 1358/1832/459
f 1362/1833/461 1360/1923/461 1359/1834/460
f 1361/1835/462 1360/1923/461 1362/1833/461
f 1364/1837/463 1366/1839/463 1361/1835/462
f 1365/1838/464 1367/1841/464 1366/1839/463
f 1370/1840/465 1368/1843/465 1367/1841/464
f 1371/1842/466 1369/1845/468 1368/1843/465
f 1372/1844/467 1374/1924/467 1369/1845/468
f 1375/1846/469 1374/1924/467 1372/1844/467
f 1378/1848/470 1376/1850/472 1375/1846/469
f 1379/1849/471 1377/1925/471 1376/1850/472
f 1382/1851/473 1377/1925/471 1379/1849/471
f 1381/1853/474 1383/1926/474 1382/1851/473
f 1384/1854/475 1383/1926/474 1381/1853/474
f 1385/1856/476 1384/1854/475 1386/1855/475
f 1390/1858/478 1385/1856/476 1387/1857/477
f 1389/1860/480 1391/1927/480 1390/1858/478
f 1392/1861/444 1391/1927/480 1389/1860/480
