# Blender 5.1.0
# www.blender.org
mtllib Key.mtl
o Cube.002
v 0.394009 0.089857 -0.061086
v 0.394009 0.041868 -0.061086
v 0.394009 0.089857 0.061086
v 0.394009 0.041868 0.061086
v 0.046790 0.089857 -0.061086
v 0.046790 0.041868 -0.061086
v 0.046790 0.089857 0.061086
v 0.046790 0.041868 0.061086
v 0.268324 0.089857 -0.019415
v 0.273013 0.089857 -0.028186
v 0.279322 0.089857 -0.035874
v 0.287010 0.089857 -0.042183
v 0.295781 0.089857 -0.046872
v 0.305298 0.089857 -0.049759
v 0.325094 0.089857 -0.049759
v 0.334611 0.089857 -0.046872
v 0.315196 0.089857 -0.050734
v 0.264463 0.089857 0.000000
v 0.265437 0.089857 0.009898
v 0.265437 0.089857 -0.009898
v 0.273013 0.089857 0.028186
v 0.268324 0.089857 0.019415
v 0.295781 0.089857 0.046872
v 0.325094 0.089857 0.049759
v 0.315196 0.089857 0.050734
v 0.305298 0.089857 0.049759
v 0.287010 0.089857 0.042183
v 0.279322 0.089857 0.035874
v 0.365930 0.089857 0.000000
v 0.364955 0.089857 0.009898
v 0.364955 0.089857 -0.009898
v 0.362068 0.089857 0.019415
v 0.362068 0.089857 -0.019415
v 0.343382 0.089857 0.042183
v 0.351070 0.089857 0.035874
v 0.357379 0.089857 0.028186
v 0.357379 0.089857 -0.028186
v 0.351070 0.089857 -0.035874
v 0.343382 0.089857 -0.042183
v 0.334611 0.089857 0.046872
v 0.264463 0.041868 0.000000
v 0.265437 0.041868 0.009898
v 0.265437 0.041868 -0.009898
v 0.268324 0.041868 -0.019415
v 0.273013 0.041868 -0.028186
v 0.305298 0.041868 -0.049759
v 0.325094 0.041868 -0.049759
v 0.315196 0.041868 -0.050734
v 0.295781 0.041868 -0.046872
v 0.279322 0.041868 -0.035874
v 0.287010 0.041868 -0.042183
v 0.343382 0.041868 0.042183
v 0.365930 0.041868 0.000000
v 0.364955 0.041868 0.009898
v 0.364955 0.041868 -0.009898
v 0.362068 0.041868 0.019415
v 0.362068 0.041868 -0.019415
v 0.351070 0.041868 0.035874
v 0.357379 0.041868 0.028186
v 0.357379 0.041868 -0.028186
v 0.351070 0.041868 -0.035874
v 0.343382 0.041868 -0.042183
v 0.334611 0.041868 -0.046872
v 0.268324 0.041868 0.019415
v 0.287010 0.041868 0.042183
v 0.279322 0.041868 0.035874
v 0.273013 0.041868 0.028186
v 0.315196 0.041868 0.050734
v 0.305298 0.041868 0.049759
v 0.325094 0.041868 0.049759
v 0.334611 0.041868 0.046872
v 0.295781 0.041868 0.046872
v 0.394009 0.322719 -0.061086
v 0.394009 0.274729 -0.061086
v 0.394009 0.322719 0.061086
v 0.394009 0.274729 0.061086
v 0.046790 0.322719 -0.061086
v 0.046790 0.274729 -0.061086
v 0.046790 0.322719 0.061086
v 0.046790 0.274729 0.061086
v 0.268324 0.322719 -0.019415
v 0.273013 0.322719 -0.028186
v 0.279322 0.322719 -0.035874
v 0.287010 0.322719 -0.042183
v 0.295781 0.322719 -0.046872
v 0.305298 0.322719 -0.049759
v 0.325094 0.322719 -0.049759
v 0.334611 0.322719 -0.046872
v 0.315196 0.322719 -0.050734
v 0.264463 0.322719 0.000000
v 0.265437 0.322719 0.009898
v 0.265437 0.322719 -0.009898
v 0.273013 0.322719 0.028186
v 0.268324 0.322719 0.019415
v 0.295781 0.322719 0.046872
v 0.325094 0.322719 0.049759
v 0.315196 0.322719 0.050734
v 0.305298 0.322719 0.049759
v 0.287010 0.322719 0.042183
v 0.279322 0.322719 0.035874
v 0.365930 0.322719 0.000000
v 0.364955 0.322719 0.009898
v 0.364955 0.322719 -0.009898
v 0.362068 0.322719 0.019415
v 0.362068 0.322719 -0.019415
v 0.343382 0.322719 0.042183
v 0.351070 0.322719 0.035874
v 0.357379 0.322719 0.028186
v 0.357379 0.322719 -0.028186
v 0.351070 0.322719 -0.035874
v 0.343382 0.322719 -0.042183
v 0.334611 0.322719 0.046872
v 0.264463 0.274729 0.000000
v 0.265437 0.274729 0.009898
v 0.265437 0.274729 -0.009898
v 0.268324 0.274729 -0.019415
v 0.273013 0.274729 -0.028186
v 0.305298 0.274729 -0.049759
v 0.325094 0.274729 -0.049759
v 0.315196 0.274729 -0.050734
v 0.295781 0.274729 -0.046872
v 0.279322 0.274729 -0.035874
v 0.287010 0.274729 -0.042183
v 0.343382 0.274729 0.042183
v 0.365930 0.274729 0.000000
v 0.364955 0.274729 0.009898
v 0.364955 0.274729 -0.009898
v 0.362068 0.274729 0.019415
v 0.362068 0.274729 -0.019415
v 0.351070 0.274729 0.035874
v 0.357379 0.274729 0.028186
v 0.357379 0.274729 -0.028186
v 0.351070 0.274729 -0.035874
v 0.343382 0.274729 -0.042183
v 0.334611 0.274729 -0.046872
v 0.268324 0.274729 0.019415
v 0.287010 0.274729 0.042183
v 0.279322 0.274729 0.035874
v 0.273013 0.274729 0.028186
v 0.315196 0.274729 0.050734
v 0.305298 0.274729 0.049759
v 0.325094 0.274729 0.049759
v 0.334611 0.274729 0.046872
v 0.295781 0.274729 0.046872
v 0.075000 1.000000 -0.052493
v 0.052493 1.000000 -0.075000
v 0.068408 1.000000 -0.068408
v 0.052493 0.000000 -0.075000
v 0.075000 0.000000 -0.052493
v 0.068408 0.000000 -0.068408
v 0.052493 1.000000 0.075000
v 0.075000 1.000000 0.052493
v 0.068408 1.000000 0.068408
v 0.075000 0.000000 0.052493
v 0.052493 0.000000 0.075000
v 0.068408 0.000000 0.068408
v -0.052493 1.000000 -0.075000
v -0.075000 1.000000 -0.052493
v -0.068408 1.000000 -0.068408
v -0.075000 0.000000 -0.052493
v -0.052493 0.000000 -0.075000
v -0.068408 0.000000 -0.068408
v -0.075000 1.000000 0.052493
v -0.052493 1.000000 0.075000
v -0.068408 1.000000 0.068408
v -0.052493 0.000000 0.075000
v -0.075000 0.000000 0.052493
v -0.068408 0.000000 0.068408
v -0.000000 0.868711 0.000000
v -0.000000 0.882109 0.060480
v -0.000000 0.918711 0.104755
v -0.000000 0.968711 0.120961
v -0.000000 1.018711 0.104755
v -0.000000 1.055314 0.060480
v -0.000000 1.068711 0.000000
v -0.000000 1.055314 -0.060480
v -0.000000 1.018711 -0.104755
v -0.000000 0.968711 -0.120961
v -0.000000 0.918711 -0.104755
v -0.000000 0.882109 -0.060480
v 0.065263 0.872989 0.000000
v 0.063514 0.886272 0.060480
v 0.058737 0.922561 0.104755
v 0.052210 0.972133 0.120961
v 0.045684 1.021706 0.104755
v 0.040907 1.057995 0.060480
v 0.039158 1.071278 0.000000
v 0.040907 1.057995 -0.060480
v 0.045684 1.021706 -0.104755
v 0.052210 0.972133 -0.120961
v 0.058737 0.922561 -0.104755
v 0.063514 0.886272 -0.060480
v 0.129409 0.885748 0.000000
v 0.125942 0.898689 0.060480
v 0.116469 0.934045 0.104755
v 0.103528 0.982341 0.120961
v 0.090587 1.030637 0.104755
v 0.081113 1.065993 0.060480
v 0.077646 1.078933 0.000000
v 0.081113 1.065993 -0.060480
v 0.090587 1.030637 -0.104755
v 0.103528 0.982341 -0.120961
v 0.116469 0.934045 -0.104755
v 0.125942 0.898689 -0.060480
v 0.191342 0.906771 0.000000
v 0.186215 0.919149 0.060480
v 0.172207 0.952965 0.104755
v 0.153073 0.999159 0.120961
v 0.133939 1.045353 0.104755
v 0.119932 1.079170 0.060480
v 0.114805 1.091547 0.000000
v 0.119932 1.079170 -0.060480
v 0.133939 1.045353 -0.104755
v 0.153073 0.999159 -0.120961
v 0.172207 0.952965 -0.104755
v 0.186215 0.919149 -0.060480
v 0.250000 0.935699 0.000000
v 0.243301 0.947301 0.060480
v 0.225000 0.979000 0.104755
v 0.200000 1.022301 0.120961
v 0.175000 1.065602 0.104755
v 0.156699 1.097301 0.060480
v 0.150000 1.108904 0.000000
v 0.156699 1.097301 -0.060480
v 0.175000 1.065602 -0.104755
v 0.200000 1.022301 -0.120961
v 0.225000 0.979000 -0.104755
v 0.243301 0.947301 -0.060480
v 0.304381 0.972035 0.000000
v 0.296225 0.982664 0.060480
v 0.273943 1.011702 0.104755
v 0.243504 1.051370 0.120961
v 0.213066 1.091038 0.104755
v 0.190784 1.120076 0.060480
v 0.182628 1.130705 0.000000
v 0.190784 1.120076 -0.060480
v 0.213066 1.091038 -0.104755
v 0.243504 1.051370 -0.120961
v 0.273943 1.011702 -0.104755
v 0.296225 0.982664 -0.060480
v 0.353553 1.015158 0.000000
v 0.344080 1.024631 0.060480
v 0.318198 1.050513 0.104755
v 0.282843 1.085868 0.120961
v 0.247487 1.121224 0.104755
v 0.221605 1.147106 0.060480
v 0.212132 1.156579 0.000000
v 0.221605 1.147106 -0.060480
v 0.247487 1.121224 -0.104755
v 0.282843 1.085868 -0.120961
v 0.318198 1.050513 -0.104755
v 0.344080 1.024631 -0.060480
v 0.396677 1.064330 0.000000
v 0.386048 1.072486 0.060480
v 0.357009 1.094769 0.104755
v 0.317341 1.125207 0.120961
v 0.277674 1.155645 0.104755
v 0.248635 1.177927 0.060480
v 0.238006 1.186083 0.000000
v 0.248635 1.177927 -0.060480
v 0.277674 1.155645 -0.104755
v 0.317341 1.125207 -0.120961
v 0.357009 1.094769 -0.104755
v 0.386048 1.072486 -0.060480
v 0.433013 1.118711 0.000000
v 0.421410 1.125410 0.060480
v 0.389711 1.143711 0.104755
v 0.346410 1.168711 0.120961
v 0.303109 1.193711 0.104755
v 0.271410 1.212013 0.060480
v 0.259808 1.218711 0.000000
v 0.271410 1.212013 -0.060480
v 0.303109 1.193711 -0.104755
v 0.346410 1.168711 -0.120961
v 0.389711 1.143711 -0.104755
v 0.421410 1.125410 -0.060480
v 0.461940 1.177369 0.000000
v 0.449562 1.182496 0.060480
v 0.415746 1.196504 0.104755
v 0.369552 1.215638 0.120961
v 0.323358 1.234772 0.104755
v 0.289541 1.248779 0.060480
v 0.277164 1.253906 0.000000
v 0.289541 1.248779 -0.060480
v 0.323358 1.234772 -0.104755
v 0.369552 1.215638 -0.120961
v 0.415746 1.196504 -0.104755
v 0.449562 1.182496 -0.060480
v 0.482963 1.239302 0.000000
v 0.470022 1.242769 0.060480
v 0.434667 1.252243 0.104755
v 0.386370 1.265183 0.120961
v 0.338074 1.278124 0.104755
v 0.302719 1.287598 0.060480
v 0.289778 1.291065 0.000000
v 0.302719 1.287598 -0.060480
v 0.338074 1.278124 -0.104755
v 0.386370 1.265183 -0.120961
v 0.434667 1.252243 -0.104755
v 0.470022 1.242769 -0.060480
v 0.495722 1.303448 0.000000
v 0.482440 1.305197 0.060480
v 0.446150 1.309974 0.104755
v 0.396578 1.316501 0.120961
v 0.347006 1.323027 0.104755
v 0.310716 1.327805 0.060480
v 0.297433 1.329553 0.000000
v 0.310716 1.327805 -0.060480
v 0.347006 1.323027 -0.104755
v 0.396578 1.316501 -0.120961
v 0.446150 1.309974 -0.104755
v 0.482440 1.305197 -0.060480
v 0.500000 1.368711 0.000000
v 0.486603 1.368711 0.060480
v 0.450000 1.368711 0.104755
v 0.400000 1.368711 0.120961
v 0.350000 1.368711 0.104755
v 0.313397 1.368711 0.060480
v 0.300000 1.368711 0.000000
v 0.313397 1.368711 -0.060480
v 0.350000 1.368711 -0.104755
v 0.400000 1.368711 -0.120961
v 0.450000 1.368711 -0.104755
v 0.486603 1.368711 -0.060480
v 0.495722 1.433974 0.000000
v 0.482440 1.432226 0.060480
v 0.446150 1.427448 0.104755
v 0.396578 1.420922 0.120961
v 0.347006 1.414395 0.104755
v 0.310716 1.409618 0.060480
v 0.297433 1.407869 0.000000
v 0.310716 1.409618 -0.060480
v 0.347006 1.414395 -0.104755
v 0.396578 1.420922 -0.120961
v 0.446150 1.427448 -0.104755
v 0.482440 1.432226 -0.060480
v 0.482963 1.498121 0.000000
v 0.470022 1.494653 0.060480
v 0.434667 1.485180 0.104755
v 0.386370 1.472239 0.120961
v 0.338074 1.459298 0.104755
v 0.302719 1.449824 0.060480
v 0.289778 1.446357 0.000000
v 0.302719 1.449824 -0.060480
v 0.338074 1.459298 -0.104755
v 0.386370 1.472239 -0.120961
v 0.434667 1.485180 -0.104755
v 0.470022 1.494653 -0.060480
v 0.461940 1.560053 0.000000
v 0.449562 1.554926 0.060480
v 0.415746 1.540919 0.104755
v 0.369552 1.521785 0.120961
v 0.323358 1.502650 0.104755
v 0.289541 1.488643 0.060480
v 0.277164 1.483516 0.000000
v 0.289541 1.488643 -0.060480
v 0.323358 1.502650 -0.104755
v 0.369552 1.521785 -0.120961
v 0.415746 1.540919 -0.104755
v 0.449562 1.554926 -0.060480
v 0.433013 1.618711 0.000000
v 0.421410 1.612012 0.060480
v 0.389711 1.593711 0.104755
v 0.346410 1.568711 0.120961
v 0.303109 1.543711 0.104755
v 0.271410 1.525410 0.060480
v 0.259808 1.518711 0.000000
v 0.271410 1.525410 -0.060480
v 0.303109 1.543711 -0.104755
v 0.346410 1.568711 -0.120961
v 0.389711 1.593711 -0.104755
v 0.421410 1.612012 -0.060480
v 0.396677 1.673092 0.000000
v 0.386048 1.664936 0.060480
v 0.357009 1.642654 0.104755
v 0.317341 1.612216 0.120961
v 0.277674 1.581778 0.104755
v 0.248635 1.559495 0.060480
v 0.238006 1.551340 0.000000
v 0.248635 1.559495 -0.060480
v 0.277674 1.581778 -0.104755
v 0.317341 1.612216 -0.120961
v 0.357009 1.642654 -0.104755
v 0.386048 1.664936 -0.060480
v 0.353553 1.722265 0.000000
v 0.344080 1.712791 0.060480
v 0.318198 1.686910 0.104755
v 0.282843 1.651554 0.120961
v 0.247487 1.616199 0.104755
v 0.221605 1.590317 0.060480
v 0.212132 1.580843 0.000000
v 0.221605 1.590317 -0.060480
v 0.247487 1.616199 -0.104755
v 0.282843 1.651554 -0.120961
v 0.318198 1.686910 -0.104755
v 0.344080 1.712791 -0.060480
v 0.304381 1.765388 0.000000
v 0.296225 1.754759 0.060480
v 0.273943 1.725720 0.104755
v 0.243505 1.686053 0.120961
v 0.213066 1.646385 0.104755
v 0.190784 1.617346 0.060480
v 0.182628 1.606717 0.000000
v 0.190784 1.617346 -0.060480
v 0.213066 1.646385 -0.104755
v 0.243505 1.686053 -0.120961
v 0.273943 1.725720 -0.104755
v 0.296225 1.754759 -0.060480
v 0.250000 1.801724 0.000000
v 0.243301 1.790121 0.060480
v 0.225000 1.758423 0.104755
v 0.200000 1.715122 0.120961
v 0.175000 1.671820 0.104755
v 0.156699 1.640121 0.060480
v 0.150000 1.628519 0.000000
v 0.156699 1.640121 -0.060480
v 0.175000 1.671820 -0.104755
v 0.200000 1.715122 -0.120961
v 0.225000 1.758423 -0.104755
v 0.243301 1.790121 -0.060480
v 0.191342 1.830651 0.000000
v 0.186215 1.818273 0.060480
v 0.172208 1.784457 0.104755
v 0.153073 1.738263 0.120961
v 0.133939 1.692069 0.104755
v 0.119932 1.658253 0.060480
v 0.114805 1.645875 0.000000
v 0.119932 1.658253 -0.060480
v 0.133939 1.692069 -0.104755
v 0.153073 1.738263 -0.120961
v 0.172208 1.784457 -0.104755
v 0.186215 1.818273 -0.060480
v 0.129409 1.851674 0.000000
v 0.125942 1.838733 0.060480
v 0.116469 1.803378 0.104755
v 0.103528 1.755082 0.120961
v 0.090587 1.706785 0.104755
v 0.081113 1.671430 0.060480
v 0.077646 1.658489 0.000000
v 0.081113 1.671430 -0.060480
v 0.090587 1.706785 -0.104755
v 0.103528 1.755082 -0.120961
v 0.116469 1.803378 -0.104755
v 0.125942 1.838733 -0.060480
v 0.065263 1.864434 0.000000
v 0.063514 1.851151 0.060480
v 0.058737 1.814861 0.104755
v 0.052211 1.765289 0.120961
v 0.045684 1.715717 0.104755
v 0.040907 1.679428 0.060480
v 0.039158 1.666145 0.000000
v 0.040907 1.679428 -0.060480
v 0.045684 1.715717 -0.104755
v 0.052211 1.765289 -0.120961
v 0.058737 1.814861 -0.104755
v 0.063514 1.851151 -0.060480
v 0.000000 1.868711 0.000000
v 0.000000 1.855314 0.060480
v 0.000000 1.818711 0.104755
v 0.000000 1.768711 0.120961
v 0.000000 1.718711 0.104755
v 0.000000 1.682109 0.060480
v 0.000000 1.668711 0.000000
v 0.000000 1.682109 -0.060480
v 0.000000 1.718711 -0.104755
v 0.000000 1.768711 -0.120961
v 0.000000 1.818711 -0.104755
v 0.000000 1.855314 -0.060480
v -0.065263 1.864434 -0.000000
v -0.063514 1.851151 0.060480
v -0.058737 1.814861 0.104755
v -0.052211 1.765289 0.120961
v -0.045684 1.715717 0.104755
v -0.040907 1.679428 0.060480
v -0.039158 1.666145 -0.000000
v -0.040907 1.679428 -0.060480
v -0.045684 1.715717 -0.104755
v -0.052211 1.765289 -0.120961
v -0.058737 1.814861 -0.104755
v -0.063514 1.851151 -0.060480
v -0.129409 1.851674 -0.000000
v -0.125942 1.838733 0.060480
v -0.116469 1.803378 0.104755
v -0.103528 1.755082 0.120961
v -0.090587 1.706785 0.104755
v -0.081113 1.671430 0.060480
v -0.077646 1.658489 -0.000000
v -0.081113 1.671430 -0.060480
v -0.090587 1.706785 -0.104755
v -0.103528 1.755082 -0.120961
v -0.116469 1.803378 -0.104755
v -0.125942 1.838733 -0.060480
v -0.191342 1.830651 -0.000000
v -0.186215 1.818274 0.060480
v -0.172207 1.784457 0.104755
v -0.153073 1.738263 0.120961
v -0.133939 1.692069 0.104755
v -0.119932 1.658253 0.060480
v -0.114805 1.645875 -0.000000
v -0.119932 1.658253 -0.060480
v -0.133939 1.692069 -0.104755
v -0.153073 1.738263 -0.120961
v -0.172207 1.784457 -0.104755
v -0.186215 1.818274 -0.060480
v -0.250000 1.801724 -0.000000
v -0.243301 1.790122 0.060480
v -0.225000 1.758423 0.104755
v -0.200000 1.715122 0.120961
v -0.175000 1.671820 0.104755
v -0.156699 1.640122 0.060480
v -0.150000 1.628519 -0.000000
v -0.156699 1.640122 -0.060480
v -0.175000 1.671820 -0.104755
v -0.200000 1.715122 -0.120961
v -0.225000 1.758423 -0.104755
v -0.243301 1.790122 -0.060480
v -0.304381 1.765388 -0.000000
v -0.296225 1.754759 0.060480
v -0.273943 1.725720 0.104755
v -0.243505 1.686053 0.120961
v -0.213067 1.646385 0.104755
v -0.190784 1.617346 0.060480
v -0.182628 1.606717 -0.000000
v -0.190784 1.617346 -0.060480
v -0.213067 1.646385 -0.104755
v -0.243505 1.686053 -0.120961
v -0.273943 1.725720 -0.104755
v -0.296225 1.754759 -0.060480
v -0.353553 1.722265 -0.000000
v -0.344080 1.712791 0.060480
v -0.318198 1.686910 0.104755
v -0.282843 1.651554 0.120961
v -0.247487 1.616199 0.104755
v -0.221605 1.590317 0.060480
v -0.212132 1.580843 -0.000000
v -0.221605 1.590317 -0.060480
v -0.247487 1.616199 -0.104755
v -0.282843 1.651554 -0.120961
v -0.318198 1.686910 -0.104755
v -0.344080 1.712791 -0.060480
v -0.396677 1.673092 -0.000000
v -0.386048 1.664936 0.060480
v -0.357009 1.642654 0.104755
v -0.317341 1.612216 0.120961
v -0.277674 1.581778 0.104755
v -0.248635 1.559496 0.060480
v -0.238006 1.551340 -0.000000
v -0.248635 1.559496 -0.060480
v -0.277674 1.581778 -0.104755
v -0.317341 1.612216 -0.120961
v -0.357009 1.642654 -0.104755
v -0.386048 1.664936 -0.060480
v -0.433013 1.618711 -0.000000
v -0.421410 1.612012 0.060480
v -0.389711 1.593711 0.104755
v -0.346410 1.568711 0.120961
v -0.303109 1.543711 0.104755
v -0.271410 1.525410 0.060480
v -0.259808 1.518711 -0.000000
v -0.271410 1.525410 -0.060480
v -0.303109 1.543711 -0.104755
v -0.346410 1.568711 -0.120961
v -0.389711 1.593711 -0.104755
v -0.421410 1.612012 -0.060480
v -0.461940 1.560053 -0.000000
v -0.449562 1.554926 0.060480
v -0.415746 1.540919 0.104755
v -0.369552 1.521785 0.120961
v -0.323358 1.502650 0.104755
v -0.289541 1.488643 0.060480
v -0.277164 1.483516 -0.000000
v -0.289541 1.488643 -0.060480
v -0.323358 1.502650 -0.104755
v -0.369552 1.521785 -0.120961
v -0.415746 1.540919 -0.104755
v -0.449562 1.554926 -0.060480
v -0.482963 1.498121 -0.000000
v -0.470022 1.494653 0.060480
v -0.434667 1.485180 0.104755
v -0.386370 1.472239 0.120961
v -0.338074 1.459298 0.104755
v -0.302719 1.449825 0.060480
v -0.289778 1.446357 -0.000000
v -0.302719 1.449825 -0.060480
v -0.338074 1.459298 -0.104755
v -0.386370 1.472239 -0.120961
v -0.434667 1.485180 -0.104755
v -0.470022 1.494653 -0.060480
v -0.495722 1.433975 -0.000000
v -0.482440 1.432226 0.060480
v -0.446150 1.427448 0.104755
v -0.396578 1.420922 0.120961
v -0.347006 1.414396 0.104755
v -0.310716 1.409618 0.060480
v -0.297433 1.407869 -0.000000
v -0.310716 1.409618 -0.060480
v -0.347006 1.414396 -0.104755
v -0.396578 1.420922 -0.120961
v -0.446150 1.427448 -0.104755
v -0.482440 1.432226 -0.060480
v -0.500000 1.368711 -0.000000
v -0.486603 1.368711 0.060480
v -0.450000 1.368711 0.104755
v -0.400000 1.368711 0.120961
v -0.350000 1.368711 0.104755
v -0.313397 1.368711 0.060480
v -0.300000 1.368711 -0.000000
v -0.313397 1.368711 -0.060480
v -0.350000 1.368711 -0.104755
v -0.400000 1.368711 -0.120961
v -0.450000 1.368711 -0.104755
v -0.486603 1.368711 -0.060480
v -0.495722 1.303448 -0.000000
v -0.482440 1.305197 0.060480
v -0.446150 1.309975 0.104755
v -0.396578 1.316501 0.120961
v -0.347006 1.323027 0.104755
v -0.310716 1.327805 0.060480
v -0.297433 1.329553 -0.000000
v -0.310716 1.327805 -0.060480
v -0.347006 1.323027 -0.104755
v -0.396578 1.316501 -0.120961
v -0.446150 1.309975 -0.104755
v -0.482440 1.305197 -0.060480
v -0.482963 1.239302 -0.000000
v -0.470022 1.242769 0.060480
v -0.434667 1.252243 0.104755
v -0.386370 1.265184 0.120961
v -0.338074 1.278125 0.104755
v -0.302719 1.287598 0.060480
v -0.289778 1.291066 -0.000000
v -0.302719 1.287598 -0.060480
v -0.338074 1.278125 -0.104755
v -0.386370 1.265184 -0.120961
v -0.434667 1.252243 -0.104755
v -0.470022 1.242769 -0.060480
v -0.461940 1.177369 -0.000000
v -0.449562 1.182496 0.060480
v -0.415746 1.196504 0.104755
v -0.369552 1.215638 0.120961
v -0.323358 1.234772 0.104755
v -0.289541 1.248779 0.060480
v -0.277164 1.253906 -0.000000
v -0.289541 1.248779 -0.060480
v -0.323358 1.234772 -0.104755
v -0.369552 1.215638 -0.120961
v -0.415746 1.196504 -0.104755
v -0.449562 1.182496 -0.060480
v -0.433013 1.118711 -0.000000
v -0.421410 1.125410 0.060480
v -0.389711 1.143711 0.104755
v -0.346410 1.168711 0.120961
v -0.303109 1.193711 0.104755
v -0.271410 1.212013 0.060480
v -0.259808 1.218711 -0.000000
v -0.271410 1.212013 -0.060480
v -0.303109 1.193711 -0.104755
v -0.346410 1.168711 -0.120961
v -0.389711 1.143711 -0.104755
v -0.421410 1.125410 -0.060480
v -0.396677 1.064331 -0.000000
v -0.386048 1.072487 0.060480
v -0.357009 1.094769 0.104755
v -0.317341 1.125207 0.120961
v -0.277674 1.155645 0.104755
v -0.248635 1.177927 0.060480
v -0.238006 1.186083 -0.000000
v -0.248635 1.177927 -0.060480
v -0.277674 1.155645 -0.104755
v -0.317341 1.125207 -0.120961
v -0.357009 1.094769 -0.104755
v -0.386048 1.072487 -0.060480
v -0.353554 1.015158 -0.000000
v -0.344080 1.024632 0.060480
v -0.318198 1.050514 0.104755
v -0.282843 1.085869 0.120961
v -0.247488 1.121224 0.104755
v -0.221606 1.147106 0.060480
v -0.212132 1.156579 -0.000000
v -0.221606 1.147106 -0.060480
v -0.247488 1.121224 -0.104755
v -0.282843 1.085869 -0.120961
v -0.318198 1.050514 -0.104755
v -0.344080 1.024632 -0.060480
v -0.304381 0.972035 -0.000000
v -0.296225 0.982664 0.060480
v -0.273943 1.011702 0.104755
v -0.243505 1.051370 0.120961
v -0.213067 1.091038 0.104755
v -0.190784 1.120076 0.060480
v -0.182628 1.130705 -0.000000
v -0.190784 1.120076 -0.060480
v -0.213067 1.091038 -0.104755
v -0.243505 1.051370 -0.120961
v -0.273943 1.011702 -0.104755
v -0.296225 0.982664 -0.060480
v -0.250000 0.935699 -0.000000
v -0.243301 0.947301 0.060480
v -0.225000 0.979000 0.104755
v -0.200000 1.022301 0.120961
v -0.175000 1.065602 0.104755
v -0.156699 1.097301 0.060480
v -0.150000 1.108904 -0.000000
v -0.156699 1.097301 -0.060480
v -0.175000 1.065602 -0.104755
v -0.200000 1.022301 -0.120961
v -0.225000 0.979000 -0.104755
v -0.243301 0.947301 -0.060480
v -0.191342 0.906772 -0.000000
v -0.186215 0.919149 0.060480
v -0.172208 0.952966 0.104755
v -0.153074 0.999160 0.120961
v -0.133939 1.045353 0.104755
v -0.119932 1.079170 0.060480
v -0.114805 1.091547 -0.000000
v -0.119932 1.079170 -0.060480
v -0.133939 1.045353 -0.104755
v -0.153074 0.999160 -0.120961
v -0.172208 0.952966 -0.104755
v -0.186215 0.919149 -0.060480
v -0.129409 0.885748 -0.000000
v -0.125942 0.898689 0.060480
v -0.116468 0.934045 0.104755
v -0.103528 0.982341 0.120961
v -0.090587 1.030637 0.104755
v -0.081113 1.065993 0.060480
v -0.077646 1.078933 -0.000000
v -0.081113 1.065993 -0.060480
v -0.090587 1.030637 -0.104755
v -0.103528 0.982341 -0.120961
v -0.116468 0.934045 -0.104755
v -0.125942 0.898689 -0.060480
v -0.065263 0.872989 -0.000000
v -0.063514 0.886272 0.060480
v -0.058737 0.922561 0.104755
v -0.052211 0.972133 0.120961
v -0.045684 1.021706 0.104755
v -0.040907 1.057995 0.060480
v -0.039158 1.071278 -0.000000
v -0.040907 1.057995 -0.060480
v -0.045684 1.021706 -0.104755
v -0.052211 0.972133 -0.120961
v -0.058737 0.922561 -0.104755
v -0.063514 0.886272 -0.060480
v 0.127724 0.357123 0.000000
v 0.124301 0.369896 0.000000
v 0.114951 0.379246 0.000000
v 0.102179 0.382668 0.000000
v 0.089407 0.379246 0.000000
v 0.080056 0.369896 0.000000
v 0.076634 0.357123 0.000000
v 0.080056 0.344351 0.000000
v 0.089407 0.335001 0.000000
v 0.102179 0.331579 0.000000
v 0.114951 0.335001 0.000000
v 0.124301 0.344351 0.000000
v 0.126631 0.357123 -0.016671
v 0.123238 0.369896 -0.016225
v 0.113968 0.379246 -0.015004
v 0.101305 0.382668 -0.013337
v 0.088642 0.379246 -0.011670
v 0.079372 0.369896 -0.010449
v 0.075979 0.357123 -0.010003
v 0.079372 0.344351 -0.010449
v 0.088642 0.335001 -0.011670
v 0.101305 0.331579 -0.013337
v 0.113968 0.335001 -0.015004
v 0.123238 0.344351 -0.016225
v 0.123371 0.357123 -0.033057
v 0.120066 0.369896 -0.032172
v 0.111034 0.379246 -0.029752
v 0.098697 0.382668 -0.026446
v 0.086360 0.379246 -0.023140
v 0.077329 0.369896 -0.020720
v 0.074023 0.357123 -0.019834
v 0.077329 0.344351 -0.020720
v 0.086360 0.335001 -0.023140
v 0.098697 0.331579 -0.026446
v 0.111034 0.335001 -0.029752
v 0.120066 0.344351 -0.032172
v 0.118001 0.357123 -0.048878
v 0.114839 0.369896 -0.047568
v 0.106201 0.379246 -0.043990
v 0.094401 0.382668 -0.039102
v 0.082601 0.379246 -0.034214
v 0.073963 0.369896 -0.030636
v 0.070801 0.357123 -0.029327
v 0.073963 0.344351 -0.030636
v 0.082601 0.335001 -0.034214
v 0.094401 0.331579 -0.039102
v 0.106201 0.335001 -0.043990
v 0.114839 0.344351 -0.047568
v 0.110612 0.357123 -0.063862
v 0.107648 0.369896 -0.062151
v 0.099551 0.379246 -0.057476
v 0.088489 0.382668 -0.051089
v 0.077428 0.379246 -0.044703
v 0.069331 0.369896 -0.040028
v 0.066367 0.357123 -0.038317
v 0.069331 0.344351 -0.040028
v 0.077428 0.335001 -0.044703
v 0.088489 0.331579 -0.051089
v 0.099551 0.335001 -0.057476
v 0.107648 0.344351 -0.062151
v 0.101330 0.357123 -0.077753
v 0.098615 0.369896 -0.075670
v 0.091197 0.379246 -0.069978
v 0.081064 0.382668 -0.062203
v 0.070931 0.379246 -0.054427
v 0.063513 0.369896 -0.048735
v 0.060798 0.357123 -0.046652
v 0.063513 0.344351 -0.048735
v 0.070931 0.335001 -0.054427
v 0.081064 0.331579 -0.062203
v 0.091197 0.335001 -0.069978
v 0.098615 0.344351 -0.075670
v 0.090314 0.357123 -0.090314
v 0.087894 0.369896 -0.087894
v 0.081283 0.379246 -0.081283
v 0.072251 0.382668 -0.072251
v 0.063220 0.379246 -0.063220
v 0.056608 0.369896 -0.056609
v 0.054189 0.357123 -0.054189
v 0.056608 0.344351 -0.056609
v 0.063220 0.335001 -0.063220
v 0.072251 0.331579 -0.072251
v 0.081283 0.335001 -0.081283
v 0.087894 0.344351 -0.087894
v 0.077753 0.357123 -0.101330
v 0.075670 0.369896 -0.098615
v 0.069978 0.379246 -0.091197
v 0.062203 0.382668 -0.081064
v 0.054427 0.379246 -0.070931
v 0.048735 0.369896 -0.063513
v 0.046652 0.357123 -0.060798
v 0.048735 0.344351 -0.063513
v 0.054427 0.335001 -0.070931
v 0.062203 0.331579 -0.081064
v 0.069978 0.335001 -0.091197
v 0.075670 0.344351 -0.098615
v 0.063862 0.357123 -0.110612
v 0.062151 0.369896 -0.107648
v 0.057476 0.379246 -0.099551
v 0.051089 0.382668 -0.088490
v 0.044703 0.379246 -0.077428
v 0.040028 0.369896 -0.069331
v 0.038317 0.357123 -0.066367
v 0.040028 0.344351 -0.069331
v 0.044703 0.335001 -0.077428
v 0.051089 0.331579 -0.088490
v 0.057476 0.335001 -0.099551
v 0.062151 0.344351 -0.107648
v 0.048878 0.357123 -0.118001
v 0.047568 0.369896 -0.114839
v 0.043990 0.379246 -0.106201
v 0.039102 0.382668 -0.094401
v 0.034214 0.379246 -0.082601
v 0.030636 0.369896 -0.073963
v 0.029327 0.357123 -0.070801
v 0.030636 0.344351 -0.073963
v 0.034214 0.335001 -0.082601
v 0.039102 0.331579 -0.094401
v 0.043990 0.335001 -0.106201
v 0.047568 0.344351 -0.114839
v 0.033057 0.357123 -0.123372
v 0.032172 0.369896 -0.120066
v 0.029752 0.379246 -0.111034
v 0.026446 0.382668 -0.098697
v 0.023140 0.379246 -0.086360
v 0.020720 0.369896 -0.077329
v 0.019834 0.357123 -0.074023
v 0.020720 0.344351 -0.077329
v 0.023140 0.335001 -0.086360
v 0.026446 0.331579 -0.098697
v 0.029752 0.335001 -0.111034
v 0.032172 0.344351 -0.120066
v 0.016671 0.357123 -0.126631
v 0.016225 0.369896 -0.123238
v 0.015004 0.379246 -0.113968
v 0.013337 0.382668 -0.101305
v 0.011670 0.379246 -0.088642
v 0.010449 0.369896 -0.079372
v 0.010003 0.357123 -0.075979
v 0.010449 0.344351 -0.079372
v 0.011670 0.335001 -0.088642
v 0.013337 0.331579 -0.101305
v 0.015004 0.335001 -0.113968
v 0.016225 0.344351 -0.123238
v -0.000000 0.357123 -0.127724
v -0.000000 0.369896 -0.124301
v -0.000000 0.379246 -0.114951
v -0.000000 0.382668 -0.102179
v -0.000000 0.379246 -0.089407
v -0.000000 0.369896 -0.080057
v -0.000000 0.357123 -0.076634
v -0.000000 0.344351 -0.080057
v -0.000000 0.335001 -0.089407
v -0.000000 0.331579 -0.102179
v -0.000000 0.335001 -0.114951
v -0.000000 0.344351 -0.124301
v -0.016671 0.357123 -0.126631
v -0.016225 0.369896 -0.123238
v -0.015004 0.379246 -0.113968
v -0.013337 0.382668 -0.101305
v -0.011670 0.379246 -0.088642
v -0.010449 0.369896 -0.079372
v -0.010003 0.357123 -0.075979
v -0.010449 0.344351 -0.079372
v -0.011670 0.335001 -0.088642
v -0.013337 0.331579 -0.101305
v -0.015004 0.335001 -0.113968
v -0.016225 0.344351 -0.123238
v -0.033057 0.357123 -0.123372
v -0.032172 0.369896 -0.120066
v -0.029752 0.379246 -0.111034
v -0.026446 0.382668 -0.098697
v -0.023140 0.379246 -0.086360
v -0.020720 0.369896 -0.077329
v -0.019834 0.357123 -0.074023
v -0.020720 0.344351 -0.077329
v -0.023140 0.335001 -0.086360
v -0.026446 0.331579 -0.098697
v -0.029752 0.335001 -0.111034
v -0.032172 0.344351 -0.120066
v -0.048878 0.357123 -0.118001
v -0.047568 0.369896 -0.114839
v -0.043990 0.379246 -0.106201
v -0.039102 0.382668 -0.094401
v -0.034214 0.379246 -0.082601
v -0.030636 0.369896 -0.073963
v -0.029327 0.357123 -0.070801
v -0.030636 0.344351 -0.073963
v -0.034214 0.335001 -0.082601
v -0.039102 0.331579 -0.094401
v -0.043990 0.335001 -0.106201
v -0.047568 0.344351 -0.114839
v -0.063862 0.357123 -0.110612
v -0.062151 0.369896 -0.107648
v -0.057476 0.379246 -0.099551
v -0.051089 0.382668 -0.088490
v -0.044703 0.379246 -0.077428
v -0.040028 0.369896 -0.069331
v -0.038317 0.357123 -0.066367
v -0.040028 0.344351 -0.069331
v -0.044703 0.335001 -0.077428
v -0.051089 0.331579 -0.088490
v -0.057476 0.335001 -0.099551
v -0.062151 0.344351 -0.107648
v -0.077753 0.357123 -0.101330
v -0.075670 0.369896 -0.098615
v -0.069978 0.379246 -0.091197
v -0.062203 0.382668 -0.081064
v -0.054427 0.379246 -0.070931
v -0.048735 0.369896 -0.063513
v -0.046652 0.357123 -0.060798
v -0.048735 0.344351 -0.063513
v -0.054427 0.335001 -0.070931
v -0.062203 0.331579 -0.081064
v -0.069978 0.335001 -0.091197
v -0.075670 0.344351 -0.098615
v -0.090314 0.357123 -0.090314
v -0.087894 0.369896 -0.087894
v -0.081283 0.379246 -0.081283
v -0.072251 0.382668 -0.072251
v -0.063220 0.379246 -0.063220
v -0.056608 0.369896 -0.056608
v -0.054189 0.357123 -0.054189
v -0.056608 0.344351 -0.056608
v -0.063220 0.335001 -0.063220
v -0.072251 0.331579 -0.072251
v -0.081283 0.335001 -0.081283
v -0.087894 0.344351 -0.087894
v -0.101330 0.357123 -0.077753
v -0.098615 0.369896 -0.075670
v -0.091197 0.379246 -0.069978
v -0.081064 0.382668 -0.062203
v -0.070931 0.379246 -0.054427
v -0.063513 0.369896 -0.048735
v -0.060798 0.357123 -0.046652
v -0.063513 0.344351 -0.048735
v -0.070931 0.335001 -0.054427
v -0.081064 0.331579 -0.062203
v -0.091197 0.335001 -0.069978
v -0.098615 0.344351 -0.075670
v -0.110612 0.357123 -0.063862
v -0.107648 0.369896 -0.062151
v -0.099551 0.379246 -0.057476
v -0.088490 0.382668 -0.051089
v -0.077428 0.379246 -0.044703
v -0.069331 0.369896 -0.040028
v -0.066367 0.357123 -0.038317
v -0.069331 0.344351 -0.040028
v -0.077428 0.335001 -0.044703
v -0.088490 0.331579 -0.051089
v -0.099551 0.335001 -0.057476
v -0.107648 0.344351 -0.062151
v -0.118001 0.357123 -0.048878
v -0.114839 0.369896 -0.047568
v -0.106201 0.379246 -0.043990
v -0.094401 0.382668 -0.039102
v -0.082601 0.379246 -0.034214
v -0.073963 0.369896 -0.030636
v -0.070801 0.357123 -0.029327
v -0.073963 0.344351 -0.030636
v -0.082601 0.335001 -0.034214
v -0.094401 0.331579 -0.039102
v -0.106201 0.335001 -0.043990
v -0.114839 0.344351 -0.047568
v -0.123372 0.357123 -0.033057
v -0.120066 0.369896 -0.032172
v -0.111034 0.379246 -0.029752
v -0.098697 0.382668 -0.026446
v -0.086360 0.379246 -0.023140
v -0.077329 0.369896 -0.020720
v -0.074023 0.357123 -0.019834
v -0.077329 0.344351 -0.020720
v -0.086360 0.335001 -0.023140
v -0.098697 0.331579 -0.026446
v -0.111034 0.335001 -0.029752
v -0.120066 0.344351 -0.032172
v -0.126631 0.357123 -0.016671
v -0.123238 0.369896 -0.016225
v -0.113968 0.379246 -0.015004
v -0.101305 0.382668 -0.013337
v -0.088642 0.379246 -0.011670
v -0.079372 0.369896 -0.010449
v -0.075979 0.357123 -0.010003
v -0.079372 0.344351 -0.010449
v -0.088642 0.335001 -0.011670
v -0.101305 0.331579 -0.013337
v -0.113968 0.335001 -0.015004
v -0.123238 0.344351 -0.016225
v -0.127724 0.357123 -0.000000
v -0.124301 0.369896 -0.000000
v -0.114951 0.379246 -0.000000
v -0.102179 0.382668 -0.000000
v -0.089407 0.379246 -0.000000
v -0.080057 0.369896 -0.000000
v -0.076634 0.357123 -0.000000
v -0.080057 0.344351 -0.000000
v -0.089407 0.335001 -0.000000
v -0.102179 0.331579 -0.000000
v -0.114951 0.335001 -0.000000
v -0.124301 0.344351 -0.000000
v -0.126631 0.357123 0.016671
v -0.123238 0.369896 0.016225
v -0.113968 0.379246 0.015004
v -0.101305 0.382668 0.013337
v -0.088642 0.379246 0.011670
v -0.079372 0.369896 0.010449
v -0.075979 0.357123 0.010003
v -0.079372 0.344351 0.010449
v -0.088642 0.335001 0.011670
v -0.101305 0.331579 0.013337
v -0.113968 0.335001 0.015004
v -0.123238 0.344351 0.016225
v -0.123372 0.357123 0.033057
v -0.120066 0.369896 0.032172
v -0.111034 0.379246 0.029752
v -0.098697 0.382668 0.026446
v -0.086360 0.379246 0.023140
v -0.077329 0.369896 0.020720
v -0.074023 0.357123 0.019834
v -0.077329 0.344351 0.020720
v -0.086360 0.335001 0.023140
v -0.098697 0.331579 0.026446
v -0.111034 0.335001 0.029752
v -0.120066 0.344351 0.032172
v -0.118001 0.357123 0.048878
v -0.114839 0.369896 0.047568
v -0.106201 0.379246 0.043990
v -0.094401 0.382668 0.039102
v -0.082601 0.379246 0.034214
v -0.073963 0.369896 0.030636
v -0.070801 0.357123 0.029327
v -0.073963 0.344351 0.030636
v -0.082601 0.335001 0.034214
v -0.094401 0.331579 0.039102
v -0.106201 0.335001 0.043990
v -0.114839 0.344351 0.047568
v -0.110612 0.357123 0.063862
v -0.107648 0.369896 0.062151
v -0.099551 0.379246 0.057476
v -0.088490 0.382668 0.051089
v -0.077428 0.379246 0.044703
v -0.069331 0.369896 0.040028
v -0.066367 0.357123 0.038317
v -0.069331 0.344351 0.040028
v -0.077428 0.335001 0.044703
v -0.088490 0.331579 0.051089
v -0.099551 0.335001 0.057476
v -0.107648 0.344351 0.062151
v -0.101330 0.357123 0.077753
v -0.098615 0.369896 0.075670
v -0.091197 0.379246 0.069978
v -0.081064 0.382668 0.062203
v -0.070931 0.379246 0.054427
v -0.063513 0.369896 0.048735
v -0.060798 0.357123 0.046652
v -0.063513 0.344351 0.048735
v -0.070931 0.335001 0.054427
v -0.081064 0.331579 0.062203
v -0.091197 0.335001 0.069978
v -0.098615 0.344351 0.075670
v -0.090314 0.357123 0.090314
v -0.087894 0.369896 0.087894
v -0.081283 0.379246 0.081283
v -0.072251 0.382668 0.072251
v -0.063220 0.379246 0.063220
v -0.056608 0.369896 0.056608
v -0.054189 0.357123 0.054189
v -0.056608 0.344351 0.056608
v -0.063220 0.335001 0.063220
v -0.072251 0.331579 0.072251
v -0.081283 0.335001 0.081283
v -0.087894 0.344351 0.087894
v -0.077753 0.357123 0.101330
v -0.075670 0.369896 0.098615
v -0.069978 0.379246 0.091197
v -0.062203 0.382668 0.081064
v -0.054427 0.379246 0.070931
v -0.048735 0.369896 0.063513
v -0.046652 0.357123 0.060798
v -0.048735 0.344351 0.063513
v -0.054427 0.335001 0.070931
v -0.062203 0.331579 0.081064
v -0.069978 0.335001 0.091197
v -0.075670 0.344351 0.098615
v -0.063862 0.357123 0.110612
v -0.062151 0.369896 0.107648
v -0.057476 0.379246 0.099551
v -0.051089 0.382668 0.088490
v -0.044703 0.379246 0.077428
v -0.040028 0.369896 0.069331
v -0.038317 0.357123 0.066367
v -0.040028 0.344351 0.069331
v -0.044703 0.335001 0.077428
v -0.051089 0.331579 0.088490
v -0.057476 0.335001 0.099551
v -0.062151 0.344351 0.107648
v -0.048878 0.357123 0.118001
v -0.047568 0.369896 0.114839
v -0.043990 0.379246 0.106201
v -0.039102 0.382668 0.094401
v -0.034214 0.379246 0.082601
v -0.030636 0.369896 0.073963
v -0.029327 0.357123 0.070801
v -0.030636 0.344351 0.073963
v -0.034214 0.335001 0.082601
v -0.039102 0.331579 0.094401
v -0.043990 0.335001 0.106201
v -0.047568 0.344351 0.114839
v -0.033057 0.357123 0.123372
v -0.032172 0.369896 0.120066
v -0.029752 0.379246 0.111034
v -0.026446 0.382668 0.098697
v -0.023140 0.379246 0.086360
v -0.020720 0.369896 0.077329
v -0.019834 0.357123 0.074023
v -0.020720 0.344351 0.077329
v -0.023140 0.335001 0.086360
v -0.026446 0.331579 0.098697
v -0.029752 0.335001 0.111034
v -0.032172 0.344351 0.120066
v -0.016671 0.357123 0.126631
v -0.016225 0.369896 0.123238
v -0.015004 0.379246 0.113968
v -0.013337 0.382668 0.101305
v -0.011670 0.379246 0.088642
v -0.010450 0.369896 0.079372
v -0.010003 0.357123 0.075979
v -0.010450 0.344351 0.079372
v -0.011670 0.335001 0.088642
v -0.013337 0.331579 0.101305
v -0.015004 0.335001 0.113968
v -0.016225 0.344351 0.123238
v -0.000000 0.357123 0.127724
v -0.000000 0.369896 0.124301
v -0.000000 0.379246 0.114951
v -0.000000 0.382668 0.102179
v -0.000000 0.379246 0.089407
v -0.000000 0.369896 0.080057
v -0.000000 0.357123 0.076634
v -0.000000 0.344351 0.080057
v -0.000000 0.335001 0.089407
v -0.000000 0.331579 0.102179
v -0.000000 0.335001 0.114951
v -0.000000 0.344351 0.124301
v 0.016671 0.357123 0.126631
v 0.016225 0.369896 0.123238
v 0.015004 0.379246 0.113968
v 0.013337 0.382668 0.101305
v 0.011670 0.379246 0.088642
v 0.010449 0.369896 0.079372
v 0.010003 0.357123 0.075979
v 0.010449 0.344351 0.079372
v 0.011670 0.335001 0.088642
v 0.013337 0.331579 0.101305
v 0.015004 0.335001 0.113968
v 0.016225 0.344351 0.123238
v 0.033057 0.357123 0.123372
v 0.032171 0.369896 0.120066
v 0.029752 0.379246 0.111034
v 0.026446 0.382668 0.098697
v 0.023140 0.379246 0.086360
v 0.020720 0.369896 0.077329
v 0.019834 0.357123 0.074023
v 0.020720 0.344351 0.077329
v 0.023140 0.335001 0.086360
v 0.026446 0.331579 0.098697
v 0.029752 0.335001 0.111034
v 0.032171 0.344351 0.120066
v 0.048878 0.357123 0.118001
v 0.047568 0.369896 0.114839
v 0.043990 0.379246 0.106201
v 0.039102 0.382668 0.094401
v 0.034214 0.379246 0.082601
v 0.030636 0.369896 0.073963
v 0.029327 0.357123 0.070801
v 0.030636 0.344351 0.073963
v 0.034214 0.335001 0.082601
v 0.039102 0.331579 0.094401
v 0.043990 0.335001 0.106201
v 0.047568 0.344351 0.114839
v 0.063862 0.357123 0.110612
v 0.062151 0.369896 0.107648
v 0.057476 0.379246 0.099551
v 0.051089 0.382668 0.088490
v 0.044703 0.379246 0.077428
v 0.040028 0.369896 0.069331
v 0.038317 0.357123 0.066367
v 0.040028 0.344351 0.069331
v 0.044703 0.335001 0.077428
v 0.051089 0.331579 0.088490
v 0.057476 0.335001 0.099551
v 0.062151 0.344351 0.107648
v 0.077753 0.357123 0.101330
v 0.075670 0.369896 0.098615
v 0.069978 0.379246 0.091197
v 0.062203 0.382668 0.081064
v 0.054427 0.379246 0.070931
v 0.048735 0.369896 0.063513
v 0.046652 0.357123 0.060798
v 0.048735 0.344351 0.063513
v 0.054427 0.335001 0.070931
v 0.062203 0.331579 0.081064
v 0.069978 0.335001 0.091197
v 0.075670 0.344351 0.098615
v 0.090314 0.357123 0.090314
v 0.087894 0.369896 0.087894
v 0.081283 0.379246 0.081283
v 0.072251 0.382668 0.072251
v 0.063220 0.379246 0.063220
v 0.056608 0.369896 0.056609
v 0.054188 0.357123 0.054189
v 0.056608 0.344351 0.056609
v 0.063220 0.335001 0.063220
v 0.072251 0.331579 0.072251
v 0.081283 0.335001 0.081283
v 0.087894 0.344351 0.087894
v 0.101330 0.357123 0.077753
v 0.098615 0.369896 0.075670
v 0.091197 0.379246 0.069978
v 0.081064 0.382668 0.062203
v 0.070931 0.379246 0.054427
v 0.063513 0.369896 0.048735
v 0.060798 0.357123 0.046652
v 0.063513 0.344351 0.048735
v 0.070931 0.335001 0.054427
v 0.081064 0.331579 0.062203
v 0.091197 0.335001 0.069978
v 0.098615 0.344351 0.075670
v 0.110612 0.357123 0.063862
v 0.107648 0.369896 0.062151
v 0.099551 0.379246 0.057476
v 0.088489 0.382668 0.051089
v 0.077428 0.379246 0.044703
v 0.069331 0.369896 0.040028
v 0.066367 0.357123 0.038317
v 0.069331 0.344351 0.040028
v 0.077428 0.335001 0.044703
v 0.088489 0.331579 0.051089
v 0.099551 0.335001 0.057476
v 0.107648 0.344351 0.062151
v 0.118001 0.357123 0.048878
v 0.114839 0.369896 0.047568
v 0.106201 0.379246 0.043990
v 0.094401 0.382668 0.039102
v 0.082601 0.379246 0.034214
v 0.073963 0.369896 0.030636
v 0.070801 0.357123 0.029327
v 0.073963 0.344351 0.030636
v 0.082601 0.335001 0.034214
v 0.094401 0.331579 0.039102
v 0.106201 0.335001 0.043990
v 0.114839 0.344351 0.047568
v 0.123372 0.357123 0.033057
v 0.120066 0.369896 0.032171
v 0.111034 0.379246 0.029752
v 0.098697 0.382668 0.026446
v 0.086360 0.379246 0.023140
v 0.077329 0.369896 0.020720
v 0.074023 0.357123 0.019834
v 0.077329 0.344351 0.020720
v 0.086360 0.335001 0.023140
v 0.098697 0.331579 0.026446
v 0.111034 0.335001 0.029752
v 0.120066 0.344351 0.032171
v 0.126631 0.357123 0.016671
v 0.123238 0.369896 0.016225
v 0.113968 0.379246 0.015004
v 0.101305 0.382668 0.013337
v 0.088642 0.379246 0.011670
v 0.079372 0.369896 0.010449
v 0.075979 0.357123 0.010003
v 0.079372 0.344351 0.010449
v 0.088642 0.335001 0.011670
v 0.101305 0.331579 0.013337
v 0.113968 0.335001 0.015004
v 0.123238 0.344351 0.016225
v 0.127724 0.881045 0.000000
v 0.124301 0.893817 0.000000
v 0.114951 0.903167 0.000000
v 0.102179 0.906589 0.000000
v 0.089407 0.903167 0.000000
v 0.080056 0.893817 0.000000
v 0.076634 0.881045 0.000000
v 0.080056 0.868272 0.000000
v 0.089407 0.858922 0.000000
v 0.102179 0.855500 0.000000
v 0.114951 0.858922 0.000000
v 0.124301 0.868272 0.000000
v 0.126631 0.881045 -0.016671
v 0.123238 0.893817 -0.016225
v 0.113968 0.903167 -0.015004
v 0.101305 0.906589 -0.013337
v 0.088642 0.903167 -0.011670
v 0.079372 0.893817 -0.010449
v 0.075979 0.881045 -0.010003
v 0.079372 0.868272 -0.010449
v 0.088642 0.858922 -0.011670
v 0.101305 0.855500 -0.013337
v 0.113968 0.858922 -0.015004
v 0.123238 0.868272 -0.016225
v 0.123371 0.881045 -0.033057
v 0.120066 0.893817 -0.032172
v 0.111034 0.903167 -0.029752
v 0.098697 0.906589 -0.026446
v 0.086360 0.903167 -0.023140
v 0.077329 0.893817 -0.020720
v 0.074023 0.881045 -0.019834
v 0.077329 0.868272 -0.020720
v 0.086360 0.858922 -0.023140
v 0.098697 0.855500 -0.026446
v 0.111034 0.858922 -0.029752
v 0.120066 0.868272 -0.032172
v 0.118001 0.881045 -0.048878
v 0.114839 0.893817 -0.047568
v 0.106201 0.903167 -0.043990
v 0.094401 0.906589 -0.039102
v 0.082601 0.903167 -0.034214
v 0.073963 0.893817 -0.030636
v 0.070801 0.881045 -0.029327
v 0.073963 0.868272 -0.030636
v 0.082601 0.858922 -0.034214
v 0.094401 0.855500 -0.039102
v 0.106201 0.858922 -0.043990
v 0.114839 0.868272 -0.047568
v 0.110612 0.881045 -0.063862
v 0.107648 0.893817 -0.062151
v 0.099551 0.903167 -0.057476
v 0.088489 0.906589 -0.051089
v 0.077428 0.903167 -0.044703
v 0.069331 0.893817 -0.040028
v 0.066367 0.881045 -0.038317
v 0.069331 0.868272 -0.040028
v 0.077428 0.858922 -0.044703
v 0.088489 0.855500 -0.051089
v 0.099551 0.858922 -0.057476
v 0.107648 0.868272 -0.062151
v 0.101330 0.881045 -0.077753
v 0.098615 0.893817 -0.075670
v 0.091197 0.903167 -0.069978
v 0.081064 0.906589 -0.062203
v 0.070931 0.903167 -0.054427
v 0.063513 0.893817 -0.048735
v 0.060798 0.881045 -0.046652
v 0.063513 0.868272 -0.048735
v 0.070931 0.858922 -0.054427
v 0.081064 0.855500 -0.062203
v 0.091197 0.858922 -0.069978
v 0.098615 0.868272 -0.075670
v 0.090314 0.881045 -0.090314
v 0.087894 0.893817 -0.087894
v 0.081283 0.903167 -0.081283
v 0.072251 0.906589 -0.072251
v 0.063220 0.903167 -0.063220
v 0.056608 0.893817 -0.056608
v 0.054189 0.881045 -0.054189
v 0.056608 0.868272 -0.056608
v 0.063220 0.858922 -0.063220
v 0.072251 0.855500 -0.072251
v 0.081283 0.858922 -0.081283
v 0.087894 0.868272 -0.087894
v 0.077753 0.881045 -0.101330
v 0.075670 0.893817 -0.098615
v 0.069978 0.903167 -0.091197
v 0.062203 0.906589 -0.081064
v 0.054427 0.903167 -0.070931
v 0.048735 0.893817 -0.063513
v 0.046652 0.881045 -0.060798
v 0.048735 0.868272 -0.063513
v 0.054427 0.858922 -0.070931
v 0.062203 0.855500 -0.081064
v 0.069978 0.858922 -0.091197
v 0.075670 0.868272 -0.098615
v 0.063862 0.881045 -0.110612
v 0.062151 0.893817 -0.107648
v 0.057476 0.903167 -0.099551
v 0.051089 0.906589 -0.088490
v 0.044703 0.903167 -0.077428
v 0.040028 0.893817 -0.069331
v 0.038317 0.881045 -0.066367
v 0.040028 0.868272 -0.069331
v 0.044703 0.858922 -0.077428
v 0.051089 0.855500 -0.088490
v 0.057476 0.858922 -0.099551
v 0.062151 0.868272 -0.107648
v 0.048878 0.881045 -0.118001
v 0.047568 0.893817 -0.114839
v 0.043990 0.903167 -0.106201
v 0.039102 0.906589 -0.094401
v 0.034214 0.903167 -0.082601
v 0.030636 0.893817 -0.073963
v 0.029327 0.881045 -0.070801
v 0.030636 0.868272 -0.073963
v 0.034214 0.858922 -0.082601
v 0.039102 0.855500 -0.094401
v 0.043990 0.858922 -0.106201
v 0.047568 0.868272 -0.114839
v 0.033057 0.881045 -0.123372
v 0.032172 0.893817 -0.120066
v 0.029752 0.903167 -0.111034
v 0.026446 0.906589 -0.098697
v 0.023140 0.903167 -0.086360
v 0.020720 0.893817 -0.077329
v 0.019834 0.881045 -0.074023
v 0.020720 0.868272 -0.077329
v 0.023140 0.858922 -0.086360
v 0.026446 0.855500 -0.098697
v 0.029752 0.858922 -0.111034
v 0.032172 0.868272 -0.120066
v 0.016671 0.881045 -0.126631
v 0.016225 0.893817 -0.123238
v 0.015004 0.903167 -0.113968
v 0.013337 0.906589 -0.101305
v 0.011670 0.903167 -0.088642
v 0.010449 0.893817 -0.079372
v 0.010003 0.881045 -0.075979
v 0.010449 0.868272 -0.079372
v 0.011670 0.858922 -0.088642
v 0.013337 0.855500 -0.101305
v 0.015004 0.858922 -0.113968
v 0.016225 0.868272 -0.123238
v -0.000000 0.881045 -0.127724
v -0.000000 0.893817 -0.124301
v -0.000000 0.903167 -0.114951
v -0.000000 0.906589 -0.102179
v -0.000000 0.903167 -0.089407
v -0.000000 0.893817 -0.080057
v -0.000000 0.881045 -0.076634
v -0.000000 0.868272 -0.080057
v -0.000000 0.858922 -0.089407
v -0.000000 0.855500 -0.102179
v -0.000000 0.858922 -0.114951
v -0.000000 0.868272 -0.124301
v -0.016671 0.881045 -0.126631
v -0.016225 0.893817 -0.123238
v -0.015004 0.903167 -0.113968
v -0.013337 0.906589 -0.101305
v -0.011670 0.903167 -0.088642
v -0.010449 0.893817 -0.079372
v -0.010003 0.881045 -0.075979
v -0.010449 0.868272 -0.079372
v -0.011670 0.858922 -0.088642
v -0.013337 0.855500 -0.101305
v -0.015004 0.858922 -0.113968
v -0.016225 0.868272 -0.123238
v -0.033057 0.881045 -0.123372
v -0.032172 0.893817 -0.120066
v -0.029752 0.903167 -0.111034
v -0.026446 0.906589 -0.098697
v -0.023140 0.903167 -0.086360
v -0.020720 0.893817 -0.077329
v -0.019834 0.881045 -0.074023
v -0.020720 0.868272 -0.077329
v -0.023140 0.858922 -0.086360
v -0.026446 0.855500 -0.098697
v -0.029752 0.858922 -0.111034
v -0.032172 0.868272 -0.120066
v -0.048878 0.881045 -0.118001
v -0.047568 0.893817 -0.114839
v -0.043990 0.903167 -0.106201
v -0.039102 0.906589 -0.094401
v -0.034214 0.903167 -0.082601
v -0.030636 0.893817 -0.073963
v -0.029327 0.881045 -0.070801
v -0.030636 0.868272 -0.073963
v -0.034214 0.858922 -0.082601
v -0.039102 0.855500 -0.094401
v -0.043990 0.858922 -0.106201
v -0.047568 0.868272 -0.114839
v -0.063862 0.881045 -0.110612
v -0.062151 0.893817 -0.107648
v -0.057476 0.903167 -0.099551
v -0.051089 0.906589 -0.088490
v -0.044703 0.903167 -0.077428
v -0.040028 0.893817 -0.069331
v -0.038317 0.881045 -0.066367
v -0.040028 0.868272 -0.069331
v -0.044703 0.858922 -0.077428
v -0.051089 0.855500 -0.088490
v -0.057476 0.858922 -0.099551
v -0.062151 0.868272 -0.107648
v -0.077753 0.881045 -0.101330
v -0.075670 0.893817 -0.098615
v -0.069978 0.903167 -0.091197
v -0.062203 0.906589 -0.081064
v -0.054427 0.903167 -0.070931
v -0.048735 0.893817 -0.063513
v -0.046652 0.881045 -0.060798
v -0.048735 0.868272 -0.063513
v -0.054427 0.858922 -0.070931
v -0.062203 0.855500 -0.081064
v -0.069978 0.858922 -0.091197
v -0.075670 0.868272 -0.098615
v -0.090314 0.881045 -0.090314
v -0.087894 0.893817 -0.087894
v -0.081283 0.903167 -0.081283
v -0.072251 0.906589 -0.072251
v -0.063220 0.903167 -0.063220
v -0.056608 0.893817 -0.056608
v -0.054189 0.881045 -0.054189
v -0.056608 0.868272 -0.056608
v -0.063220 0.858922 -0.063220
v -0.072251 0.855500 -0.072251
v -0.081283 0.858922 -0.081283
v -0.087894 0.868272 -0.087894
v -0.101330 0.881045 -0.077753
v -0.098615 0.893817 -0.075670
v -0.091197 0.903167 -0.069978
v -0.081064 0.906589 -0.062203
v -0.070931 0.903167 -0.054427
v -0.063513 0.893817 -0.048735
v -0.060798 0.881045 -0.046652
v -0.063513 0.868272 -0.048735
v -0.070931 0.858922 -0.054427
v -0.081064 0.855500 -0.062203
v -0.091197 0.858922 -0.069978
v -0.098615 0.868272 -0.075670
v -0.110612 0.881045 -0.063862
v -0.107648 0.893817 -0.062151
v -0.099551 0.903167 -0.057476
v -0.088490 0.906589 -0.051089
v -0.077428 0.903167 -0.044703
v -0.069331 0.893817 -0.040028
v -0.066367 0.881045 -0.038317
v -0.069331 0.868272 -0.040028
v -0.077428 0.858922 -0.044703
v -0.088490 0.855500 -0.051089
v -0.099551 0.858922 -0.057476
v -0.107648 0.868272 -0.062151
v -0.118001 0.881045 -0.048878
v -0.114839 0.893817 -0.047568
v -0.106201 0.903167 -0.043990
v -0.094401 0.906589 -0.039102
v -0.082601 0.903167 -0.034214
v -0.073963 0.893817 -0.030636
v -0.070801 0.881045 -0.029327
v -0.073963 0.868272 -0.030636
v -0.082601 0.858922 -0.034214
v -0.094401 0.855500 -0.039102
v -0.106201 0.858922 -0.043990
v -0.114839 0.868272 -0.047568
v -0.123372 0.881045 -0.033057
v -0.120066 0.893817 -0.032172
v -0.111034 0.903167 -0.029752
v -0.098697 0.906589 -0.026446
v -0.086360 0.903167 -0.023140
v -0.077329 0.893817 -0.020720
v -0.074023 0.881045 -0.019834
v -0.077329 0.868272 -0.020720
v -0.086360 0.858922 -0.023140
v -0.098697 0.855500 -0.026446
v -0.111034 0.858922 -0.029752
v -0.120066 0.868272 -0.032172
v -0.126631 0.881045 -0.016671
v -0.123238 0.893817 -0.016225
v -0.113968 0.903167 -0.015004
v -0.101305 0.906589 -0.013337
v -0.088642 0.903167 -0.011670
v -0.079372 0.893817 -0.010449
v -0.075979 0.881045 -0.010003
v -0.079372 0.868272 -0.010449
v -0.088642 0.858922 -0.011670
v -0.101305 0.855500 -0.013337
v -0.113968 0.858922 -0.015004
v -0.123238 0.868272 -0.016225
v -0.127724 0.881045 -0.000000
v -0.124301 0.893817 -0.000000
v -0.114951 0.903167 -0.000000
v -0.102179 0.906589 -0.000000
v -0.089407 0.903167 -0.000000
v -0.080057 0.893817 -0.000000
v -0.076634 0.881045 -0.000000
v -0.080057 0.868272 -0.000000
v -0.089407 0.858922 -0.000000
v -0.102179 0.855500 -0.000000
v -0.114951 0.858922 -0.000000
v -0.124301 0.868272 -0.000000
v -0.126631 0.881045 0.016671
v -0.123238 0.893817 0.016225
v -0.113968 0.903167 0.015004
v -0.101305 0.906589 0.013337
v -0.088642 0.903167 0.011670
v -0.079372 0.893817 0.010449
v -0.075979 0.881045 0.010003
v -0.079372 0.868272 0.010449
v -0.088642 0.858922 0.011670
v -0.101305 0.855500 0.013337
v -0.113968 0.858922 0.015004
v -0.123238 0.868272 0.016225
v -0.123372 0.881045 0.033057
v -0.120066 0.893817 0.032172
v -0.111034 0.903167 0.029752
v -0.098697 0.906589 0.026446
v -0.086360 0.903167 0.023140
v -0.077329 0.893817 0.020720
v -0.074023 0.881045 0.019834
v -0.077329 0.868272 0.020720
v -0.086360 0.858922 0.023140
v -0.098697 0.855500 0.026446
v -0.111034 0.858922 0.029752
v -0.120066 0.868272 0.032172
v -0.118001 0.881045 0.048878
v -0.114839 0.893817 0.047568
v -0.106201 0.903167 0.043990
v -0.094401 0.906589 0.039102
v -0.082601 0.903167 0.034214
v -0.073963 0.893817 0.030636
v -0.070801 0.881045 0.029327
v -0.073963 0.868272 0.030636
v -0.082601 0.858922 0.034214
v -0.094401 0.855500 0.039102
v -0.106201 0.858922 0.043990
v -0.114839 0.868272 0.047568
v -0.110612 0.881045 0.063862
v -0.107648 0.893817 0.062151
v -0.099551 0.903167 0.057476
v -0.088490 0.906589 0.051089
v -0.077428 0.903167 0.044703
v -0.069331 0.893817 0.040028
v -0.066367 0.881045 0.038317
v -0.069331 0.868272 0.040028
v -0.077428 0.858922 0.044703
v -0.088490 0.855500 0.051089
v -0.099551 0.858922 0.057476
v -0.107648 0.868272 0.062151
v -0.101330 0.881045 0.077753
v -0.098615 0.893817 0.075670
v -0.091197 0.903167 0.069978
v -0.081064 0.906589 0.062203
v -0.070931 0.903167 0.054427
v -0.063513 0.893817 0.048735
v -0.060798 0.881045 0.046652
v -0.063513 0.868272 0.048735
v -0.070931 0.858922 0.054427
v -0.081064 0.855500 0.062203
v -0.091197 0.858922 0.069978
v -0.098615 0.868272 0.075670
v -0.090314 0.881045 0.090314
v -0.087894 0.893817 0.087894
v -0.081283 0.903167 0.081283
v -0.072251 0.906589 0.072251
v -0.063220 0.903167 0.063220
v -0.056608 0.893817 0.056608
v -0.054189 0.881045 0.054189
v -0.056608 0.868272 0.056608
v -0.063220 0.858922 0.063220
v -0.072251 0.855500 0.072251
v -0.081283 0.858922 0.081283
v -0.087894 0.868272 0.087894
v -0.077753 0.881045 0.101330
v -0.075670 0.893817 0.098615
v -0.069978 0.903167 0.091197
v -0.062203 0.906589 0.081064
v -0.054427 0.903167 0.070931
v -0.048735 0.893817 0.063513
v -0.046652 0.881045 0.060798
v -0.048735 0.868272 0.063513
v -0.054427 0.858922 0.070931
v -0.062203 0.855500 0.081064
v -0.069978 0.858922 0.091197
v -0.075670 0.868272 0.098615
v -0.063862 0.881045 0.110612
v -0.062151 0.893817 0.107648
v -0.057476 0.903167 0.099551
v -0.051089 0.906589 0.088490
v -0.044703 0.903167 0.077428
v -0.040028 0.893817 0.069331
v -0.038317 0.881045 0.066367
v -0.040028 0.868272 0.069331
v -0.044703 0.858922 0.077428
v -0.051089 0.855500 0.088490
v -0.057476 0.858922 0.099551
v -0.062151 0.868272 0.107648
v -0.048878 0.881045 0.118001
v -0.047568 0.893817 0.114839
v -0.043990 0.903167 0.106201
v -0.039102 0.906589 0.094401
v -0.034214 0.903167 0.082601
v -0.030636 0.893817 0.073963
v -0.029327 0.881045 0.070801
v -0.030636 0.868272 0.073963
v -0.034214 0.858922 0.082601
v -0.039102 0.855500 0.094401
v -0.043990 0.858922 0.106201
v -0.047568 0.868272 0.114839
v -0.033057 0.881045 0.123372
v -0.032172 0.893817 0.120066
v -0.029752 0.903167 0.111034
v -0.026446 0.906589 0.098697
v -0.023140 0.903167 0.086360
v -0.020720 0.893817 0.077329
v -0.019834 0.881045 0.074023
v -0.020720 0.868272 0.077329
v -0.023140 0.858922 0.086360
v -0.026446 0.855500 0.098697
v -0.029752 0.858922 0.111034
v -0.032172 0.868272 0.120066
v -0.016671 0.881045 0.126631
v -0.016225 0.893817 0.123238
v -0.015004 0.903167 0.113968
v -0.013337 0.906589 0.101305
v -0.011670 0.903167 0.088642
v -0.010450 0.893817 0.079372
v -0.010003 0.881045 0.075979
v -0.010450 0.868272 0.079372
v -0.011670 0.858922 0.088642
v -0.013337 0.855500 0.101305
v -0.015004 0.858922 0.113968
v -0.016225 0.868272 0.123238
v -0.000000 0.881045 0.127724
v -0.000000 0.893817 0.124301
v -0.000000 0.903167 0.114951
v -0.000000 0.906589 0.102179
v -0.000000 0.903167 0.089407
v -0.000000 0.893817 0.080057
v -0.000000 0.881045 0.076634
v -0.000000 0.868272 0.080057
v -0.000000 0.858922 0.089407
v -0.000000 0.855500 0.102179
v -0.000000 0.858922 0.114951
v -0.000000 0.868272 0.124301
v 0.016671 0.881045 0.126631
v 0.016225 0.893817 0.123238
v 0.015004 0.903167 0.113968
v 0.013337 0.906589 0.101305
v 0.011670 0.903167 0.088642
v 0.010449 0.893817 0.079372
v 0.010003 0.881045 0.075979
v 0.010449 0.868272 0.079372
v 0.011670 0.858922 0.088642
v 0.013337 0.855500 0.101305
v 0.015004 0.858922 0.113968
v 0.016225 0.868272 0.123238
v 0.033057 0.881045 0.123372
v 0.032171 0.893817 0.120066
v 0.029751 0.903167 0.111034
v 0.026446 0.906589 0.098697
v 0.023140 0.903167 0.086360
v 0.020720 0.893817 0.077329
v 0.019834 0.881045 0.074023
v 0.020720 0.868272 0.077329
v 0.023140 0.858922 0.086360
v 0.026446 0.855500 0.098697
v 0.029751 0.858922 0.111034
v 0.032171 0.868272 0.120066
v 0.048878 0.881045 0.118001
v 0.047568 0.893817 0.114839
v 0.043990 0.903167 0.106201
v 0.039102 0.906589 0.094401
v 0.034214 0.903167 0.082601
v 0.030636 0.893817 0.073963
v 0.029327 0.881045 0.070801
v 0.030636 0.868272 0.073963
v 0.034214 0.858922 0.082601
v 0.039102 0.855500 0.094401
v 0.043990 0.858922 0.106201
v 0.047568 0.868272 0.114839
v 0.063862 0.881045 0.110612
v 0.062151 0.893817 0.107648
v 0.057476 0.903167 0.099551
v 0.051089 0.906589 0.088490
v 0.044703 0.903167 0.077428
v 0.040028 0.893817 0.069331
v 0.038317 0.881045 0.066367
v 0.040028 0.868272 0.069331
v 0.044703 0.858922 0.077428
v 0.051089 0.855500 0.088490
v 0.057476 0.858922 0.099551
v 0.062151 0.868272 0.107648
v 0.077753 0.881045 0.101330
v 0.075670 0.893817 0.098615
v 0.069978 0.903167 0.091197
v 0.062202 0.906589 0.081064
v 0.054427 0.903167 0.070931
v 0.048735 0.893817 0.063513
v 0.046652 0.881045 0.060798
v 0.048735 0.868272 0.063513
v 0.054427 0.858922 0.070931
v 0.062202 0.855500 0.081064
v 0.069978 0.858922 0.091197
v 0.075670 0.868272 0.098615
v 0.090314 0.881045 0.090314
v 0.087894 0.893817 0.087894
v 0.081283 0.903167 0.081283
v 0.072251 0.906589 0.072251
v 0.063220 0.903167 0.063220
v 0.056608 0.893817 0.056609
v 0.054188 0.881045 0.054189
v 0.056608 0.868272 0.056609
v 0.063220 0.858922 0.063220
v 0.072251 0.855500 0.072251
v 0.081283 0.858922 0.081283
v 0.087894 0.868272 0.087894
v 0.101330 0.881045 0.077753
v 0.098615 0.893817 0.075670
v 0.091197 0.903167 0.069978
v 0.081064 0.906589 0.062203
v 0.070931 0.903167 0.054427
v 0.063513 0.893817 0.048735
v 0.060798 0.881045 0.046652
v 0.063513 0.868272 0.048735
v 0.070931 0.858922 0.054427
v 0.081064 0.855500 0.062203
v 0.091197 0.858922 0.069978
v 0.098615 0.868272 0.075670
v 0.110612 0.881045 0.063862
v 0.107648 0.893817 0.062151
v 0.099551 0.903167 0.057476
v 0.088489 0.906589 0.051089
v 0.077428 0.903167 0.044703
v 0.069331 0.893817 0.040028
v 0.066367 0.881045 0.038317
v 0.069331 0.868272 0.040028
v 0.077428 0.858922 0.044703
v 0.088489 0.855500 0.051089
v 0.099551 0.858922 0.057476
v 0.107648 0.868272 0.062151
v 0.118001 0.881045 0.048878
v 0.114839 0.893817 0.047568
v 0.106201 0.903167 0.043990
v 0.094401 0.906589 0.039102
v 0.082601 0.903167 0.034214
v 0.073963 0.893817 0.030636
v 0.070801 0.881045 0.029327
v 0.073963 0.868272 0.030636
v 0.082601 0.858922 0.034214
v 0.094401 0.855500 0.039102
v 0.106201 0.858922 0.043990
v 0.114839 0.868272 0.047568
v 0.123371 0.881045 0.033057
v 0.120066 0.893817 0.032171
v 0.111034 0.903167 0.029752
v 0.098697 0.906589 0.026446
v 0.086360 0.903167 0.023140
v 0.077329 0.893817 0.020720
v 0.074023 0.881045 0.019834
v 0.077329 0.868272 0.020720
v 0.086360 0.858922 0.023140
v 0.098697 0.855500 0.026446
v 0.111034 0.858922 0.029752
v 0.120066 0.868272 0.032171
v 0.126631 0.881045 0.016671
v 0.123238 0.893817 0.016225
v 0.113968 0.903167 0.015004
v 0.101305 0.906589 0.013337
v 0.088642 0.903167 0.011670
v 0.079372 0.893817 0.010449
v 0.075979 0.881045 0.010003
v 0.079372 0.868272 0.010449
v 0.088642 0.858922 0.011670
v 0.101305 0.855500 0.013337
v 0.113968 0.858922 0.015004
v 0.123238 0.868272 0.016225
v 0.127724 0.791693 0.000000
v 0.124301 0.804465 0.000000
v 0.114951 0.813815 0.000000
v 0.102179 0.817238 0.000000
v 0.089407 0.813815 0.000000
v 0.080056 0.804465 0.000000
v 0.076634 0.791693 0.000000
v 0.080056 0.778921 0.000000
v 0.089407 0.769571 0.000000
v 0.102179 0.766148 0.000000
v 0.114951 0.769571 0.000000
v 0.124301 0.778921 0.000000
v 0.126631 0.791693 -0.016671
v 0.123238 0.804465 -0.016225
v 0.113968 0.813815 -0.015004
v 0.101305 0.817238 -0.013337
v 0.088642 0.813815 -0.011670
v 0.079372 0.804465 -0.010449
v 0.075979 0.791693 -0.010003
v 0.079372 0.778921 -0.010449
v 0.088642 0.769571 -0.011670
v 0.101305 0.766148 -0.013337
v 0.113968 0.769571 -0.015004
v 0.123238 0.778921 -0.016225
v 0.123371 0.791693 -0.033057
v 0.120066 0.804465 -0.032172
v 0.111034 0.813815 -0.029752
v 0.098697 0.817238 -0.026446
v 0.086360 0.813815 -0.023140
v 0.077329 0.804465 -0.020720
v 0.074023 0.791693 -0.019834
v 0.077329 0.778921 -0.020720
v 0.086360 0.769571 -0.023140
v 0.098697 0.766148 -0.026446
v 0.111034 0.769571 -0.029752
v 0.120066 0.778921 -0.032172
v 0.118001 0.791693 -0.048878
v 0.114839 0.804465 -0.047568
v 0.106201 0.813815 -0.043990
v 0.094401 0.817238 -0.039102
v 0.082601 0.813815 -0.034214
v 0.073963 0.804465 -0.030636
v 0.070801 0.791693 -0.029327
v 0.073963 0.778921 -0.030636
v 0.082601 0.769571 -0.034214
v 0.094401 0.766148 -0.039102
v 0.106201 0.769571 -0.043990
v 0.114839 0.778921 -0.047568
v 0.110612 0.791693 -0.063862
v 0.107648 0.804465 -0.062151
v 0.099551 0.813815 -0.057476
v 0.088489 0.817238 -0.051089
v 0.077428 0.813815 -0.044703
v 0.069331 0.804465 -0.040028
v 0.066367 0.791693 -0.038317
v 0.069331 0.778921 -0.040028
v 0.077428 0.769571 -0.044703
v 0.088489 0.766148 -0.051089
v 0.099551 0.769571 -0.057476
v 0.107648 0.778921 -0.062151
v 0.101330 0.791693 -0.077753
v 0.098615 0.804465 -0.075670
v 0.091197 0.813815 -0.069978
v 0.081064 0.817238 -0.062203
v 0.070931 0.813815 -0.054427
v 0.063513 0.804465 -0.048735
v 0.060798 0.791693 -0.046652
v 0.063513 0.778921 -0.048735
v 0.070931 0.769571 -0.054427
v 0.081064 0.766148 -0.062203
v 0.091197 0.769571 -0.069978
v 0.098615 0.778921 -0.075670
v 0.090314 0.791693 -0.090314
v 0.087894 0.804465 -0.087894
v 0.081283 0.813815 -0.081283
v 0.072251 0.817238 -0.072251
v 0.063220 0.813815 -0.063220
v 0.056608 0.804465 -0.056608
v 0.054189 0.791693 -0.054189
v 0.056608 0.778921 -0.056608
v 0.063220 0.769571 -0.063220
v 0.072251 0.766148 -0.072251
v 0.081283 0.769571 -0.081283
v 0.087894 0.778921 -0.087894
v 0.077753 0.791693 -0.101330
v 0.075670 0.804465 -0.098615
v 0.069978 0.813815 -0.091197
v 0.062203 0.817238 -0.081064
v 0.054427 0.813815 -0.070931
v 0.048735 0.804465 -0.063513
v 0.046652 0.791693 -0.060798
v 0.048735 0.778921 -0.063513
v 0.054427 0.769571 -0.070931
v 0.062203 0.766148 -0.081064
v 0.069978 0.769571 -0.091197
v 0.075670 0.778921 -0.098615
v 0.063862 0.791693 -0.110612
v 0.062151 0.804465 -0.107648
v 0.057476 0.813815 -0.099551
v 0.051089 0.817238 -0.088490
v 0.044703 0.813815 -0.077428
v 0.040028 0.804465 -0.069331
v 0.038317 0.791693 -0.066367
v 0.040028 0.778921 -0.069331
v 0.044703 0.769571 -0.077428
v 0.051089 0.766148 -0.088490
v 0.057476 0.769571 -0.099551
v 0.062151 0.778921 -0.107648
v 0.048878 0.791693 -0.118001
v 0.047568 0.804465 -0.114839
v 0.043990 0.813815 -0.106201
v 0.039102 0.817238 -0.094401
v 0.034214 0.813815 -0.082601
v 0.030636 0.804465 -0.073963
v 0.029327 0.791693 -0.070801
v 0.030636 0.778921 -0.073963
v 0.034214 0.769571 -0.082601
v 0.039102 0.766148 -0.094401
v 0.043990 0.769571 -0.106201
v 0.047568 0.778921 -0.114839
v 0.033057 0.791693 -0.123372
v 0.032172 0.804465 -0.120066
v 0.029752 0.813815 -0.111034
v 0.026446 0.817238 -0.098697
v 0.023140 0.813815 -0.086360
v 0.020720 0.804465 -0.077329
v 0.019834 0.791693 -0.074023
v 0.020720 0.778921 -0.077329
v 0.023140 0.769571 -0.086360
v 0.026446 0.766148 -0.098697
v 0.029752 0.769571 -0.111034
v 0.032172 0.778921 -0.120066
v 0.016671 0.791693 -0.126631
v 0.016225 0.804465 -0.123238
v 0.015004 0.813815 -0.113968
v 0.013337 0.817238 -0.101305
v 0.011670 0.813815 -0.088642
v 0.010449 0.804465 -0.079372
v 0.010003 0.791693 -0.075979
v 0.010449 0.778921 -0.079372
v 0.011670 0.769571 -0.088642
v 0.013337 0.766148 -0.101305
v 0.015004 0.769571 -0.113968
v 0.016225 0.778921 -0.123238
v -0.000000 0.791693 -0.127724
v -0.000000 0.804465 -0.124301
v -0.000000 0.813815 -0.114951
v -0.000000 0.817238 -0.102179
v -0.000000 0.813815 -0.089407
v -0.000000 0.804465 -0.080057
v -0.000000 0.791693 -0.076634
v -0.000000 0.778921 -0.080057
v -0.000000 0.769571 -0.089407
v -0.000000 0.766148 -0.102179
v -0.000000 0.769571 -0.114951
v -0.000000 0.778921 -0.124301
v -0.016671 0.791693 -0.126631
v -0.016225 0.804465 -0.123238
v -0.015004 0.813815 -0.113968
v -0.013337 0.817238 -0.101305
v -0.011670 0.813815 -0.088642
v -0.010449 0.804465 -0.079372
v -0.010003 0.791693 -0.075979
v -0.010449 0.778921 -0.079372
v -0.011670 0.769571 -0.088642
v -0.013337 0.766148 -0.101305
v -0.015004 0.769571 -0.113968
v -0.016225 0.778921 -0.123238
v -0.033057 0.791693 -0.123372
v -0.032172 0.804465 -0.120066
v -0.029752 0.813815 -0.111034
v -0.026446 0.817238 -0.098697
v -0.023140 0.813815 -0.086360
v -0.020720 0.804465 -0.077329
v -0.019834 0.791693 -0.074023
v -0.020720 0.778921 -0.077329
v -0.023140 0.769571 -0.086360
v -0.026446 0.766148 -0.098697
v -0.029752 0.769571 -0.111034
v -0.032172 0.778921 -0.120066
v -0.048878 0.791693 -0.118001
v -0.047568 0.804465 -0.114839
v -0.043990 0.813815 -0.106201
v -0.039102 0.817238 -0.094401
v -0.034214 0.813815 -0.082601
v -0.030636 0.804465 -0.073963
v -0.029327 0.791693 -0.070801
v -0.030636 0.778921 -0.073963
v -0.034214 0.769571 -0.082601
v -0.039102 0.766148 -0.094401
v -0.043990 0.769571 -0.106201
v -0.047568 0.778921 -0.114839
v -0.063862 0.791693 -0.110612
v -0.062151 0.804465 -0.107648
v -0.057476 0.813815 -0.099551
v -0.051089 0.817238 -0.088490
v -0.044703 0.813815 -0.077428
v -0.040028 0.804465 -0.069331
v -0.038317 0.791693 -0.066367
v -0.040028 0.778921 -0.069331
v -0.044703 0.769571 -0.077428
v -0.051089 0.766148 -0.088490
v -0.057476 0.769571 -0.099551
v -0.062151 0.778921 -0.107648
v -0.077753 0.791693 -0.101330
v -0.075670 0.804465 -0.098615
v -0.069978 0.813815 -0.091197
v -0.062203 0.817238 -0.081064
v -0.054427 0.813815 -0.070931
v -0.048735 0.804465 -0.063513
v -0.046652 0.791693 -0.060798
v -0.048735 0.778921 -0.063513
v -0.054427 0.769571 -0.070931
v -0.062203 0.766148 -0.081064
v -0.069978 0.769571 -0.091197
v -0.075670 0.778921 -0.098615
v -0.090314 0.791693 -0.090314
v -0.087894 0.804465 -0.087894
v -0.081283 0.813815 -0.081283
v -0.072251 0.817238 -0.072251
v -0.063220 0.813815 -0.063220
v -0.056608 0.804465 -0.056608
v -0.054189 0.791693 -0.054189
v -0.056608 0.778921 -0.056608
v -0.063220 0.769571 -0.063220
v -0.072251 0.766148 -0.072251
v -0.081283 0.769571 -0.081283
v -0.087894 0.778921 -0.087894
v -0.101330 0.791693 -0.077753
v -0.098615 0.804465 -0.075670
v -0.091197 0.813815 -0.069978
v -0.081064 0.817238 -0.062203
v -0.070931 0.813815 -0.054427
v -0.063513 0.804465 -0.048735
v -0.060798 0.791693 -0.046652
v -0.063513 0.778921 -0.048735
v -0.070931 0.769571 -0.054427
v -0.081064 0.766148 -0.062203
v -0.091197 0.769571 -0.069978
v -0.098615 0.778921 -0.075670
v -0.110612 0.791693 -0.063862
v -0.107648 0.804465 -0.062151
v -0.099551 0.813815 -0.057476
v -0.088490 0.817238 -0.051089
v -0.077428 0.813815 -0.044703
v -0.069331 0.804465 -0.040028
v -0.066367 0.791693 -0.038317
v -0.069331 0.778921 -0.040028
v -0.077428 0.769571 -0.044703
v -0.088490 0.766148 -0.051089
v -0.099551 0.769571 -0.057476
v -0.107648 0.778921 -0.062151
v -0.118001 0.791693 -0.048878
v -0.114839 0.804465 -0.047568
v -0.106201 0.813815 -0.043990
v -0.094401 0.817238 -0.039102
v -0.082601 0.813815 -0.034214
v -0.073963 0.804465 -0.030636
v -0.070801 0.791693 -0.029327
v -0.073963 0.778921 -0.030636
v -0.082601 0.769571 -0.034214
v -0.094401 0.766148 -0.039102
v -0.106201 0.769571 -0.043990
v -0.114839 0.778921 -0.047568
v -0.123372 0.791693 -0.033057
v -0.120066 0.804465 -0.032172
v -0.111034 0.813815 -0.029752
v -0.098697 0.817238 -0.026446
v -0.086360 0.813815 -0.023140
v -0.077329 0.804465 -0.020720
v -0.074023 0.791693 -0.019834
v -0.077329 0.778921 -0.020720
v -0.086360 0.769571 -0.023140
v -0.098697 0.766148 -0.026446
v -0.111034 0.769571 -0.029752
v -0.120066 0.778921 -0.032172
v -0.126631 0.791693 -0.016671
v -0.123238 0.804465 -0.016225
v -0.113968 0.813815 -0.015004
v -0.101305 0.817238 -0.013337
v -0.088642 0.813815 -0.011670
v -0.079372 0.804465 -0.010449
v -0.075979 0.791693 -0.010003
v -0.079372 0.778921 -0.010449
v -0.088642 0.769571 -0.011670
v -0.101305 0.766148 -0.013337
v -0.113968 0.769571 -0.015004
v -0.123238 0.778921 -0.016225
v -0.127724 0.791693 -0.000000
v -0.124301 0.804465 -0.000000
v -0.114951 0.813815 -0.000000
v -0.102179 0.817238 -0.000000
v -0.089407 0.813815 -0.000000
v -0.080057 0.804465 -0.000000
v -0.076634 0.791693 -0.000000
v -0.080057 0.778921 -0.000000
v -0.089407 0.769571 -0.000000
v -0.102179 0.766148 -0.000000
v -0.114951 0.769571 -0.000000
v -0.124301 0.778921 -0.000000
v -0.126631 0.791693 0.016671
v -0.123238 0.804465 0.016225
v -0.113968 0.813815 0.015004
v -0.101305 0.817238 0.013337
v -0.088642 0.813815 0.011670
v -0.079372 0.804465 0.010449
v -0.075979 0.791693 0.010003
v -0.079372 0.778921 0.010449
v -0.088642 0.769571 0.011670
v -0.101305 0.766148 0.013337
v -0.113968 0.769571 0.015004
v -0.123238 0.778921 0.016225
v -0.123372 0.791693 0.033057
v -0.120066 0.804465 0.032172
v -0.111034 0.813815 0.029752
v -0.098697 0.817238 0.026446
v -0.086360 0.813815 0.023140
v -0.077329 0.804465 0.020720
v -0.074023 0.791693 0.019834
v -0.077329 0.778921 0.020720
v -0.086360 0.769571 0.023140
v -0.098697 0.766148 0.026446
v -0.111034 0.769571 0.029752
v -0.120066 0.778921 0.032172
v -0.118001 0.791693 0.048878
v -0.114839 0.804465 0.047568
v -0.106201 0.813815 0.043990
v -0.094401 0.817238 0.039102
v -0.082601 0.813815 0.034214
v -0.073963 0.804465 0.030636
v -0.070801 0.791693 0.029327
v -0.073963 0.778921 0.030636
v -0.082601 0.769571 0.034214
v -0.094401 0.766148 0.039102
v -0.106201 0.769571 0.043990
v -0.114839 0.778921 0.047568
v -0.110612 0.791693 0.063862
v -0.107648 0.804465 0.062151
v -0.099551 0.813815 0.057476
v -0.088490 0.817238 0.051089
v -0.077428 0.813815 0.044703
v -0.069331 0.804465 0.040028
v -0.066367 0.791693 0.038317
v -0.069331 0.778921 0.040028
v -0.077428 0.769571 0.044703
v -0.088490 0.766148 0.051089
v -0.099551 0.769571 0.057476
v -0.107648 0.778921 0.062151
v -0.101330 0.791693 0.077753
v -0.098615 0.804465 0.075670
v -0.091197 0.813815 0.069978
v -0.081064 0.817238 0.062203
v -0.070931 0.813815 0.054427
v -0.063513 0.804465 0.048735
v -0.060798 0.791693 0.046652
v -0.063513 0.778921 0.048735
v -0.070931 0.769571 0.054427
v -0.081064 0.766148 0.062203
v -0.091197 0.769571 0.069978
v -0.098615 0.778921 0.075670
v -0.090314 0.791693 0.090314
v -0.087894 0.804465 0.087894
v -0.081283 0.813815 0.081283
v -0.072251 0.817238 0.072251
v -0.063220 0.813815 0.063220
v -0.056608 0.804465 0.056608
v -0.054189 0.791693 0.054189
v -0.056608 0.778921 0.056608
v -0.063220 0.769571 0.063220
v -0.072251 0.766148 0.072251
v -0.081283 0.769571 0.081283
v -0.087894 0.778921 0.087894
v -0.077753 0.791693 0.101330
v -0.075670 0.804465 0.098615
v -0.069978 0.813815 0.091197
v -0.062203 0.817238 0.081064
v -0.054427 0.813815 0.070931
v -0.048735 0.804465 0.063513
v -0.046652 0.791693 0.060798
v -0.048735 0.778921 0.063513
v -0.054427 0.769571 0.070931
v -0.062203 0.766148 0.081064
v -0.069978 0.769571 0.091197
v -0.075670 0.778921 0.098615
v -0.063862 0.791693 0.110612
v -0.062151 0.804465 0.107648
v -0.057476 0.813815 0.099551
v -0.051089 0.817238 0.088490
v -0.044703 0.813815 0.077428
v -0.040028 0.804465 0.069331
v -0.038317 0.791693 0.066367
v -0.040028 0.778921 0.069331
v -0.044703 0.769571 0.077428
v -0.051089 0.766148 0.088490
v -0.057476 0.769571 0.099551
v -0.062151 0.778921 0.107648
v -0.048878 0.791693 0.118001
v -0.047568 0.804465 0.114839
v -0.043990 0.813815 0.106201
v -0.039102 0.817238 0.094401
v -0.034214 0.813815 0.082601
v -0.030636 0.804465 0.073963
v -0.029327 0.791693 0.070801
v -0.030636 0.778921 0.073963
v -0.034214 0.769571 0.082601
v -0.039102 0.766148 0.094401
v -0.043990 0.769571 0.106201
v -0.047568 0.778921 0.114839
v -0.033057 0.791693 0.123372
v -0.032172 0.804465 0.120066
v -0.029752 0.813815 0.111034
v -0.026446 0.817238 0.098697
v -0.023140 0.813815 0.086360
v -0.020720 0.804465 0.077329
v -0.019834 0.791693 0.074023
v -0.020720 0.778921 0.077329
v -0.023140 0.769571 0.086360
v -0.026446 0.766148 0.098697
v -0.029752 0.769571 0.111034
v -0.032172 0.778921 0.120066
v -0.016671 0.791693 0.126631
v -0.016225 0.804465 0.123238
v -0.015004 0.813815 0.113968
v -0.013337 0.817238 0.101305
v -0.011670 0.813815 0.088642
v -0.010450 0.804465 0.079372
v -0.010003 0.791693 0.075979
v -0.010450 0.778921 0.079372
v -0.011670 0.769571 0.088642
v -0.013337 0.766148 0.101305
v -0.015004 0.769571 0.113968
v -0.016225 0.778921 0.123238
v -0.000000 0.791693 0.127724
v -0.000000 0.804465 0.124301
v -0.000000 0.813815 0.114951
v -0.000000 0.817238 0.102179
v -0.000000 0.813815 0.089407
v -0.000000 0.804465 0.080057
v -0.000000 0.791693 0.076634
v -0.000000 0.778921 0.080057
v -0.000000 0.769571 0.089407
v -0.000000 0.766148 0.102179
v -0.000000 0.769571 0.114951
v -0.000000 0.778921 0.124301
v 0.016671 0.791693 0.126631
v 0.016225 0.804465 0.123238
v 0.015004 0.813815 0.113968
v 0.013337 0.817238 0.101305
v 0.011670 0.813815 0.088642
v 0.010449 0.804465 0.079372
v 0.010003 0.791693 0.075979
v 0.010449 0.778921 0.079372
v 0.011670 0.769571 0.088642
v 0.013337 0.766148 0.101305
v 0.015004 0.769571 0.113968
v 0.016225 0.778921 0.123238
v 0.033057 0.791693 0.123372
v 0.032171 0.804465 0.120066
v 0.029751 0.813815 0.111034
v 0.026446 0.817238 0.098697
v 0.023140 0.813815 0.086360
v 0.020720 0.804465 0.077329
v 0.019834 0.791693 0.074023
v 0.020720 0.778921 0.077329
v 0.023140 0.769571 0.086360
v 0.026446 0.766148 0.098697
v 0.029751 0.769571 0.111034
v 0.032171 0.778921 0.120066
v 0.048878 0.791693 0.118001
v 0.047568 0.804465 0.114839
v 0.043990 0.813815 0.106201
v 0.039102 0.817238 0.094401
v 0.034214 0.813815 0.082601
v 0.030636 0.804465 0.073963
v 0.029327 0.791693 0.070801
v 0.030636 0.778921 0.073963
v 0.034214 0.769571 0.082601
v 0.039102 0.766148 0.094401
v 0.043990 0.769571 0.106201
v 0.047568 0.778921 0.114839
v 0.063862 0.791693 0.110612
v 0.062151 0.804465 0.107648
v 0.057476 0.813815 0.099551
v 0.051089 0.817238 0.088490
v 0.044703 0.813815 0.077428
v 0.040028 0.804465 0.069331
v 0.038317 0.791693 0.066367
v 0.040028 0.778921 0.069331
v 0.044703 0.769571 0.077428
v 0.051089 0.766148 0.088490
v 0.057476 0.769571 0.099551
v 0.062151 0.778921 0.107648
v 0.077753 0.791693 0.101330
v 0.075670 0.804465 0.098615
v 0.069978 0.813815 0.091197
v 0.062202 0.817238 0.081064
v 0.054427 0.813815 0.070931
v 0.048735 0.804465 0.063513
v 0.046652 0.791693 0.060798
v 0.048735 0.778921 0.063513
v 0.054427 0.769571 0.070931
v 0.062202 0.766148 0.081064
v 0.069978 0.769571 0.091197
v 0.075670 0.778921 0.098615
v 0.090314 0.791693 0.090314
v 0.087894 0.804465 0.087894
v 0.081283 0.813815 0.081283
v 0.072251 0.817238 0.072251
v 0.063220 0.813815 0.063220
v 0.056608 0.804465 0.056609
v 0.054188 0.791693 0.054189
v 0.056608 0.778921 0.056609
v 0.063220 0.769571 0.063220
v 0.072251 0.766148 0.072251
v 0.081283 0.769571 0.081283
v 0.087894 0.778921 0.087894
v 0.101330 0.791693 0.077753
v 0.098615 0.804465 0.075670
v 0.091197 0.813815 0.069978
v 0.081064 0.817238 0.062203
v 0.070931 0.813815 0.054427
v 0.063513 0.804465 0.048735
v 0.060798 0.791693 0.046652
v 0.063513 0.778921 0.048735
v 0.070931 0.769571 0.054427
v 0.081064 0.766148 0.062203
v 0.091197 0.769571 0.069978
v 0.098615 0.778921 0.075670
v 0.110612 0.791693 0.063862
v 0.107648 0.804465 0.062151
v 0.099551 0.813815 0.057476
v 0.088489 0.817238 0.051089
v 0.077428 0.813815 0.044703
v 0.069331 0.804465 0.040028
v 0.066367 0.791693 0.038317
v 0.069331 0.778921 0.040028
v 0.077428 0.769571 0.044703
v 0.088489 0.766148 0.051089
v 0.099551 0.769571 0.057476
v 0.107648 0.778921 0.062151
v 0.118001 0.791693 0.048878
v 0.114839 0.804465 0.047568
v 0.106201 0.813815 0.043990
v 0.094401 0.817238 0.039102
v 0.082601 0.813815 0.034214
v 0.073963 0.804465 0.030636
v 0.070801 0.791693 0.029327
v 0.073963 0.778921 0.030636
v 0.082601 0.769571 0.034214
v 0.094401 0.766148 0.039102
v 0.106201 0.769571 0.043990
v 0.114839 0.778921 0.047568
v 0.123371 0.791693 0.033057
v 0.120066 0.804465 0.032171
v 0.111034 0.813815 0.029752
v 0.098697 0.817238 0.026446
v 0.086360 0.813815 0.023140
v 0.077329 0.804465 0.020720
v 0.074023 0.791693 0.019834
v 0.077329 0.778921 0.020720
v 0.086360 0.769571 0.023140
v 0.098697 0.766148 0.026446
v 0.111034 0.769571 0.029752
v 0.120066 0.778921 0.032171
v 0.126631 0.791693 0.016671
v 0.123238 0.804465 0.016225
v 0.113968 0.813815 0.015004
v 0.101305 0.817238 0.013337
v 0.088642 0.813815 0.011670
v 0.079372 0.804465 0.010449
v 0.075979 0.791693 0.010003
v 0.079372 0.778921 0.010449
v 0.088642 0.769571 0.011670
v 0.101305 0.766148 0.013337
v 0.113968 0.769571 0.015004
v 0.123238 0.778921 0.016225
vn -0.0000 1.0000 -0.0000
vn -0.0000 -0.0000 1.0000
vn -1.0000 -0.0000 -0.0000
vn -0.0000 -1.0000 -0.0000
vn 1.0000 -0.0000 -0.0000
vn -0.0000 -0.0000 -1.0000
vn -0.1854 -0.0000 0.9827
vn -0.0980 -0.0000 0.9952
vn -0.3719 -0.0000 0.9283
vn -0.5473 -0.0000 0.8369
vn -0.7018 -0.0000 0.7124
vn -0.8285 -0.0000 0.5600
vn -0.9226 -0.0000 0.3859
vn -0.9805 -0.0000 0.1967
vn -0.9805 -0.0000 -0.1967
vn -0.9226 -0.0000 -0.3859
vn -0.8285 -0.0000 -0.5600
vn -0.7018 -0.0000 -0.7124
vn -0.5473 -0.0000 -0.8369
vn -0.3719 -0.0000 -0.9283
vn -0.1854 -0.0000 -0.9827
vn -0.0980 -0.0000 -0.9952
vn 0.0980 -0.0000 -0.9952
vn 0.1854 -0.0000 -0.9827
vn 0.3719 -0.0000 -0.9283
vn 0.5473 -0.0000 -0.8369
vn 0.7018 -0.0000 -0.7124
vn 0.8285 -0.0000 -0.5600
vn 0.9226 -0.0000 -0.3859
vn 0.9805 -0.0000 -0.1967
vn 0.9805 -0.0000 0.1967
vn 0.9226 -0.0000 0.3859
vn 0.8285 -0.0000 0.5600
vn 0.7018 -0.0000 0.7124
vn 0.5473 -0.0000 0.8369
vn 0.3719 -0.0000 0.9283
vn 0.1854 -0.0000 0.9827
vn 0.0980 -0.0000 0.9952
vn 0.9794 -0.0000 -0.2018
vn 0.9239 -0.0000 -0.3827
vn 0.3827 -0.0000 -0.9239
vn -0.3827 -0.0000 0.9239
vn -0.9239 -0.0000 0.3827
vn -0.9794 -0.0000 0.2018
vn 0.3827 -0.0000 0.9239
vn 0.9239 -0.0000 0.3827
vn 0.9794 -0.0000 0.2018
vn -0.3827 -0.0000 -0.9239
vn -0.9239 -0.0000 -0.3827
vn -0.9794 -0.0000 -0.2018
vn 0.1033 -0.9709 0.2162
vn 0.0639 -0.9743 0.2158
vn 0.0757 -0.7672 0.6370
vn -0.0000 -0.6533 0.7571
vn -0.0000 -0.7707 0.6372
vn 0.0859 -0.6148 0.7840
vn -0.0000 -0.0902 0.9959
vn 0.0158 -0.0503 0.9986
vn -0.0000 0.5317 0.8470
vn -0.0639 0.5535 0.8304
vn -0.0000 0.7707 0.6372
vn -0.1033 0.9709 0.2162
vn -0.0639 0.9743 0.2158
vn -0.0639 0.9743 -0.2158
vn -0.1033 0.9709 -0.2162
vn -0.0000 0.7707 -0.6372
vn -0.0639 0.5535 -0.8304
vn -0.0000 0.5317 -0.8470
vn 0.0158 -0.0503 -0.9986
vn -0.0000 -0.0902 -0.9959
vn 0.0859 -0.6148 -0.7840
vn -0.0000 -0.6533 -0.7571
vn 0.0757 -0.7672 -0.6370
vn -0.0000 -0.7707 -0.6372
vn 0.0639 -0.9743 -0.2158
vn 0.1033 -0.9709 -0.2162
vn 0.2316 -0.9728 -0.0000
vn 0.1271 -0.9680 0.2163
vn 0.2208 -0.8746 0.4316
vn 0.1561 -0.5585 0.8147
vn 0.0183 -0.0151 0.9997
vn -0.1358 0.5497 0.8242
vn -0.1143 0.7622 0.6371
vn -0.2307 0.8753 0.4251
vn -0.1271 0.9680 0.2163
vn -0.1271 0.9680 -0.2163
vn -0.2307 0.8753 -0.4251
vn -0.1143 0.7622 -0.6371
vn -0.1358 0.5497 -0.8242
vn 0.0183 -0.0151 -0.9997
vn 0.1561 -0.5585 -0.8147
vn 0.2208 -0.8746 -0.4316
vn 0.1271 -0.9680 -0.2163
vn 0.3582 -0.9336 -0.0000
vn 0.3290 -0.8304 0.4497
vn 0.1036 -0.2908 0.9512
vn -0.1036 0.2908 0.9512
vn -0.2630 0.7248 0.6368
vn -0.3448 0.8315 0.4355
vn -0.2647 0.9643 -0.0000
vn -0.3448 0.8315 -0.4355
vn -0.2630 0.7248 -0.6368
vn -0.1036 0.2908 -0.9512
vn 0.1036 -0.2908 -0.9512
vn 0.3290 -0.8304 -0.4497
vn 0.4790 -0.8778 -0.0000
vn 0.4328 -0.7772 0.4569
vn 0.3201 -0.7013 0.6369
vn 0.1401 -0.2751 0.9512
vn 0.1312 -0.2794 0.9512
vn -0.1401 0.2751 0.9512
vn -0.1312 0.2794 0.9512
vn -0.3555 0.6842 0.6368
vn -0.4510 0.7747 0.4432
vn -0.3918 0.9200 -0.0000
vn -0.4510 0.7747 -0.4432
vn -0.3555 0.6842 -0.6368
vn -0.1312 0.2794 -0.9512
vn -0.1401 0.2751 -0.9512
vn 0.1312 -0.2794 -0.9512
vn 0.1401 -0.2751 -0.9512
vn 0.3201 -0.7013 -0.6369
vn 0.4328 -0.7772 -0.4569
vn 0.5914 -0.8064 -0.0000
vn 0.5299 -0.7126 0.4598
vn 0.4101 -0.6528 0.6369
vn 0.1747 -0.2545 0.9512
vn 0.1673 -0.2594 0.9512
vn -0.1747 0.2545 0.9512
vn -0.1673 0.2594 0.9512
vn -0.4425 0.6314 0.6368
vn -0.5481 0.7060 0.4485
vn -0.5099 0.8602 -0.0000
vn -0.5481 0.7060 -0.4485
vn -0.4425 0.6314 -0.6368
vn -0.1673 0.2594 -0.9512
vn -0.1747 0.2545 -0.9512
vn 0.1673 -0.2594 -0.9512
vn 0.1747 -0.2545 -0.9512
vn 0.4101 -0.6528 -0.6369
vn 0.5299 -0.7126 -0.4598
vn 0.6934 -0.7205 -0.0000
vn 0.6184 -0.6365 0.4609
vn 0.4918 -0.5937 0.6369
vn 0.2065 -0.2295 0.9512
vn 0.2001 -0.2351 0.9512
vn -0.2065 0.2295 0.9512
vn -0.2001 0.2351 0.9512
vn -0.5223 0.5671 0.6368
vn -0.6351 0.6263 0.4522
vn -0.6181 0.7861 -0.0000
vn -0.6351 0.6263 -0.4522
vn -0.5223 0.5671 -0.6368
vn -0.2001 0.2351 -0.9512
vn -0.2065 0.2295 -0.9512
vn 0.2001 -0.2351 -0.9512
vn 0.2065 -0.2295 -0.9512
vn 0.4918 -0.5937 -0.6369
vn 0.6184 -0.6365 -0.4609
vn 0.7832 -0.6217 -0.0000
vn 0.6966 -0.5496 0.4612
vn 0.5645 -0.5251 0.6369
vn 0.2349 -0.2003 0.9512
vn 0.2291 -0.2069 0.9512
vn -0.2349 0.2003 0.9512
vn -0.2291 0.2069 0.9512
vn -0.5933 0.4923 0.6369
vn -0.7106 0.5367 0.4549
vn -0.7151 0.6990 -0.0000
vn -0.7106 0.5367 -0.4549
vn -0.5933 0.4923 -0.6369
vn -0.2291 0.2069 -0.9512
vn -0.2349 0.2003 -0.9512
vn 0.2291 -0.2069 -0.9512
vn 0.2349 -0.2003 -0.9512
vn 0.5645 -0.5251 -0.6369
vn 0.6966 -0.5496 -0.4612
vn 0.8592 -0.5116 -0.0000
vn 0.7630 -0.4531 0.4610
vn 0.6272 -0.4483 0.6370
vn 0.2593 -0.1674 0.9512
vn 0.2540 -0.1754 0.9512
vn -0.2593 0.1674 0.9512
vn -0.2540 0.1754 0.9512
vn -0.6542 0.4079 0.6370
vn -0.7738 0.4388 0.4569
vn -0.7996 0.6005 -0.0000
vn -0.7738 0.4388 -0.4569
vn -0.6542 0.4079 -0.6370
vn -0.2540 0.1754 -0.9512
vn -0.2593 0.1674 -0.9512
vn 0.2540 -0.1754 -0.9512
vn 0.2593 -0.1674 -0.9512
vn 0.6272 -0.4483 -0.6370
vn 0.7630 -0.4531 -0.4610
vn 0.9199 -0.3922 -0.0000
vn 0.8164 -0.3481 0.4607
vn 0.6790 -0.3649 0.6370
vn 0.2794 -0.1311 0.9512
vn 0.2744 -0.1412 0.9512
vn -0.2794 0.1311 0.9512
vn -0.2744 0.1412 0.9512
vn -0.7036 0.3150 0.6370
vn -0.8235 0.3343 0.4584
vn -0.8704 0.4923 -0.0000
vn -0.8235 0.3343 -0.4584
vn -0.7036 0.3150 -0.6370
vn -0.2744 0.1412 -0.9512
vn -0.2794 0.1311 -0.9512
vn 0.2744 -0.1412 -0.9512
vn 0.2794 -0.1311 -0.9512
vn 0.6790 -0.3649 -0.6370
vn 0.8164 -0.3481 -0.4607
vn 0.9641 -0.2656 -0.0000
vn 0.8557 -0.2364 0.4604
vn 0.7194 -0.2767 0.6370
vn 0.2947 -0.0914 0.9512
vn 0.2901 -0.1052 0.9512
vn -0.2947 0.0914 0.9512
vn -0.2901 0.1052 0.9512
vn -0.7402 0.2149 0.6371
vn -0.8592 0.2251 0.4596
vn -0.9265 0.3763 -0.0000
vn -0.8592 0.2251 -0.4596
vn -0.7402 0.2149 -0.6371
vn -0.2901 0.1052 -0.9512
vn -0.2947 0.0914 -0.9512
vn 0.2901 -0.1052 -0.9512
vn 0.2947 -0.0914 -0.9512
vn 0.7194 -0.2767 -0.6370
vn 0.8557 -0.2364 -0.4604
vn 0.9910 -0.1340 -0.0000
vn 0.8798 -0.1196 0.4601
vn 0.7481 -0.1855 0.6371
vn 0.3047 -0.0479 0.9513
vn 0.3008 -0.0685 0.9512
vn -0.3047 0.0479 0.9513
vn -0.3008 0.0685 0.9512
vn -0.7630 0.1091 0.6371
vn -0.8806 0.1131 0.4602
vn -0.9672 0.2542 -0.0000
vn -0.8806 0.1131 -0.4602
vn -0.7630 0.1091 -0.6371
vn -0.3008 0.0685 -0.9512
vn -0.3047 0.0479 -0.9513
vn 0.3008 -0.0685 -0.9512
vn 0.3047 -0.0479 -0.9513
vn 0.7481 -0.1855 -0.6371
vn 0.8798 -0.1196 -0.4601
vn 0.8879 -0.0000 0.4600
vn 0.7651 -0.0929 0.6371
vn 0.3083 -0.0000 0.9513
vn 0.3067 -0.0327 0.9513
vn -0.3083 -0.0000 0.9513
vn -0.3067 0.0327 0.9513
vn -0.7707 -0.0000 0.6372
vn -0.8877 -0.0000 0.4605
vn -0.9918 0.1281 -0.0000
vn -0.8877 -0.0000 -0.4605
vn -0.7707 -0.0000 -0.6372
vn -0.3067 0.0327 -0.9513
vn -0.3083 -0.0000 -0.9513
vn 0.3067 -0.0327 -0.9513
vn 0.3083 -0.0000 -0.9513
vn 0.7651 -0.0929 -0.6371
vn 0.8879 -0.0000 -0.4600
vn 0.8798 0.1196 0.4601
vn 0.7651 0.0929 0.6372
vn 0.7707 -0.0000 0.6372
vn 0.3067 0.0327 0.9513
vn -0.3067 -0.0327 0.9513
vn -0.8806 -0.1131 0.4602
vn -0.9918 -0.1281 -0.0000
vn -0.8806 -0.1131 -0.4602
vn -0.3067 -0.0327 -0.9513
vn 0.3067 0.0327 -0.9513
vn 0.7651 0.0929 -0.6371
vn 0.7707 -0.0000 -0.6372
vn 0.8798 0.1196 -0.4601
vn 0.9910 0.1340 -0.0000
vn 0.8557 0.2364 0.4604
vn 0.7481 0.1855 0.6371
vn 0.3047 0.0479 0.9513
vn 0.3008 0.0685 0.9512
vn -0.3047 -0.0479 0.9513
vn -0.3008 -0.0685 0.9512
vn -0.7630 -0.1091 0.6371
vn -0.8592 -0.2251 0.4596
vn -0.9672 -0.2542 -0.0000
vn -0.8592 -0.2251 -0.4596
vn -0.7630 -0.1091 -0.6371
vn -0.3008 -0.0685 -0.9512
vn -0.3047 -0.0479 -0.9513
vn 0.3008 0.0685 -0.9512
vn 0.3047 0.0479 -0.9513
vn 0.7481 0.1855 -0.6371
vn 0.8557 0.2364 -0.4604
vn 0.9641 0.2656 -0.0000
vn 0.8164 0.3481 0.4607
vn 0.7194 0.2767 0.6370
vn 0.2947 0.0914 0.9512
vn 0.2901 0.1052 0.9512
vn -0.2947 -0.0914 0.9512
vn -0.2901 -0.1052 0.9512
vn -0.7402 -0.2149 0.6371
vn -0.8235 -0.3343 0.4584
vn -0.9265 -0.3763 -0.0000
vn -0.8235 -0.3343 -0.4584
vn -0.7402 -0.2149 -0.6371
vn -0.2901 -0.1052 -0.9512
vn -0.2947 -0.0914 -0.9512
vn 0.2901 0.1052 -0.9512
vn 0.2947 0.0914 -0.9512
vn 0.7194 0.2767 -0.6370
vn 0.8164 0.3481 -0.4607
vn 0.9199 0.3922 -0.0000
vn 0.7630 0.4531 0.4610
vn 0.6790 0.3649 0.6370
vn 0.2794 0.1311 0.9512
vn 0.2744 0.1412 0.9512
vn -0.2794 -0.1311 0.9512
vn -0.2744 -0.1412 0.9512
vn -0.7036 -0.3150 0.6370
vn -0.7738 -0.4388 0.4569
vn -0.8704 -0.4923 -0.0000
vn -0.7738 -0.4388 -0.4569
vn -0.7036 -0.3150 -0.6370
vn -0.2744 -0.1412 -0.9512
vn -0.2794 -0.1311 -0.9512
vn 0.2744 0.1412 -0.9512
vn 0.2794 0.1311 -0.9512
vn 0.6790 0.3649 -0.6370
vn 0.7630 0.4531 -0.4610
vn 0.8592 0.5116 -0.0000
vn 0.6966 0.5496 0.4612
vn 0.6272 0.4483 0.6370
vn 0.2593 0.1674 0.9512
vn 0.2540 0.1754 0.9512
vn -0.2593 -0.1674 0.9512
vn -0.2540 -0.1754 0.9512
vn -0.6542 -0.4079 0.6370
vn -0.7106 -0.5367 0.4549
vn -0.7996 -0.6005 -0.0000
vn -0.7106 -0.5367 -0.4549
vn -0.6542 -0.4079 -0.6370
vn -0.2540 -0.1754 -0.9512
vn -0.2593 -0.1674 -0.9512
vn 0.2540 0.1754 -0.9512
vn 0.2593 0.1674 -0.9512
vn 0.6272 0.4483 -0.6370
vn 0.6966 0.5496 -0.4612
vn 0.7832 0.6217 -0.0000
vn 0.6184 0.6365 0.4609
vn 0.5645 0.5251 0.6369
vn 0.2349 0.2003 0.9512
vn 0.2291 0.2069 0.9512
vn -0.2349 -0.2003 0.9512
vn -0.2291 -0.2069 0.9512
vn -0.5933 -0.4923 0.6369
vn -0.6351 -0.6263 0.4522
vn -0.7151 -0.6990 -0.0000
vn -0.6351 -0.6263 -0.4522
vn -0.5933 -0.4923 -0.6369
vn -0.2291 -0.2069 -0.9512
vn -0.2349 -0.2003 -0.9512
vn 0.2291 0.2069 -0.9512
vn 0.2349 0.2003 -0.9512
vn 0.5645 0.5251 -0.6369
vn 0.6184 0.6365 -0.4609
vn 0.6934 0.7205 -0.0000
vn 0.5299 0.7126 0.4598
vn 0.4918 0.5937 0.6369
vn 0.2065 0.2295 0.9512
vn 0.2001 0.2351 0.9512
vn -0.2065 -0.2295 0.9512
vn -0.2001 -0.2351 0.9512
vn -0.5223 -0.5671 0.6368
vn -0.5481 -0.7060 0.4485
vn -0.6181 -0.7861 -0.0000
vn -0.5481 -0.7060 -0.4485
vn -0.5223 -0.5671 -0.6368
vn -0.2001 -0.2351 -0.9512
vn -0.2065 -0.2295 -0.9512
vn 0.2001 0.2351 -0.9512
vn 0.2065 0.2295 -0.9512
vn 0.4918 0.5937 -0.6369
vn 0.5299 0.7126 -0.4598
vn 0.5914 0.8064 -0.0000
vn 0.4328 0.7772 0.4569
vn 0.4101 0.6528 0.6369
vn 0.1747 0.2545 0.9512
vn 0.1673 0.2594 0.9512
vn -0.1747 -0.2545 0.9512
vn -0.1673 -0.2594 0.9512
vn -0.4425 -0.6314 0.6368
vn -0.4510 -0.7747 0.4432
vn -0.5099 -0.8602 -0.0000
vn -0.4510 -0.7747 -0.4432
vn -0.4425 -0.6314 -0.6368
vn -0.1673 -0.2594 -0.9512
vn -0.1747 -0.2545 -0.9512
vn 0.1673 0.2594 -0.9512
vn 0.1747 0.2545 -0.9512
vn 0.4101 0.6528 -0.6369
vn 0.4328 0.7772 -0.4569
vn 0.4790 0.8778 -0.0000
vn 0.3290 0.8304 0.4497
vn 0.3201 0.7013 0.6369
vn 0.1401 0.2751 0.9512
vn 0.1312 0.2794 0.9512
vn -0.1401 -0.2751 0.9512
vn -0.1312 -0.2794 0.9512
vn -0.3555 -0.6842 0.6368
vn -0.3448 -0.8315 0.4355
vn -0.3918 -0.9200 -0.0000
vn -0.3448 -0.8315 -0.4355
vn -0.3555 -0.6842 -0.6368
vn -0.1312 -0.2794 -0.9512
vn -0.1401 -0.2751 -0.9512
vn 0.1312 0.2794 -0.9512
vn 0.1401 0.2751 -0.9512
vn 0.3201 0.7013 -0.6369
vn 0.3290 0.8304 -0.4497
vn 0.3582 0.9336 -0.0000
vn 0.2208 0.8746 0.4316
vn 0.1561 0.5585 0.8147
vn 0.1036 0.2908 0.9512
vn 0.0183 0.0151 0.9997
vn -0.1036 -0.2908 0.9512
vn -0.1358 -0.5497 0.8242
vn -0.2630 -0.7248 0.6368
vn -0.2307 -0.8753 0.4251
vn -0.2647 -0.9643 -0.0000
vn -0.2307 -0.8753 -0.4251
vn -0.2630 -0.7248 -0.6368
vn -0.1358 -0.5497 -0.8242
vn -0.1036 -0.2908 -0.9512
vn 0.0183 0.0151 -0.9997
vn 0.1036 0.2908 -0.9512
vn 0.1561 0.5585 -0.8147
vn 0.2208 0.8746 -0.4316
vn 0.2316 0.9728 -0.0000
vn 0.1271 0.9680 0.2163
vn 0.0859 0.6148 0.7840
vn 0.0158 0.0503 0.9986
vn -0.0639 -0.5535 0.8304
vn -0.1143 -0.7622 0.6371
vn -0.1271 -0.9680 0.2163
vn -0.1271 -0.9680 -0.2163
vn -0.1143 -0.7622 -0.6371
vn -0.0639 -0.5535 -0.8304
vn 0.0158 0.0503 -0.9986
vn 0.0859 0.6148 -0.7840
vn 0.1271 0.9680 -0.2163
vn 0.1033 0.9709 0.2162
vn 0.0639 0.9743 0.2158
vn 0.0757 0.7672 0.6370
vn -0.0000 0.6533 0.7571
vn -0.0000 0.0902 0.9959
vn -0.0000 -0.5317 0.8469
vn -0.1033 -0.9709 0.2162
vn -0.0639 -0.9743 0.2158
vn -0.0639 -0.9743 -0.2158
vn -0.1033 -0.9709 -0.2162
vn -0.0000 -0.5317 -0.8469
vn -0.0000 0.0902 -0.9959
vn -0.0000 0.6533 -0.7571
vn 0.0757 0.7672 -0.6370
vn 0.0639 0.9743 -0.2158
vn 0.1033 0.9709 -0.2162
vn -0.0757 0.7672 0.6370
vn -0.0859 0.6148 0.7840
vn -0.0158 0.0503 0.9986
vn 0.0639 -0.5535 0.8304
vn 0.0639 -0.5535 -0.8304
vn -0.0158 0.0503 -0.9986
vn -0.0859 0.6148 -0.7840
vn -0.0757 0.7672 -0.6370
vn -0.2316 0.9728 -0.0000
vn -0.2208 0.8746 0.4316
vn -0.1561 0.5585 0.8147
vn -0.0183 0.0151 0.9997
vn 0.1358 -0.5497 0.8242
vn 0.1143 -0.7622 0.6371
vn 0.2307 -0.8753 0.4251
vn 0.2307 -0.8753 -0.4251
vn 0.1143 -0.7622 -0.6371
vn 0.1358 -0.5497 -0.8242
vn -0.0183 0.0151 -0.9997
vn -0.1561 0.5585 -0.8147
vn -0.2208 0.8746 -0.4316
vn -0.3582 0.9336 -0.0000
vn -0.3290 0.8304 0.4497
vn 0.2630 -0.7248 0.6368
vn 0.3448 -0.8315 0.4355
vn 0.2647 -0.9643 -0.0000
vn 0.3448 -0.8315 -0.4355
vn 0.2630 -0.7248 -0.6368
vn -0.3290 0.8304 -0.4497
vn -0.4790 0.8778 -0.0000
vn -0.4328 0.7772 0.4569
vn -0.3201 0.7013 0.6369
vn 0.3554 -0.6842 0.6368
vn 0.4510 -0.7747 0.4432
vn 0.3918 -0.9200 -0.0000
vn 0.4510 -0.7747 -0.4432
vn 0.3554 -0.6842 -0.6368
vn -0.3201 0.7013 -0.6369
vn -0.4328 0.7772 -0.4569
vn -0.5914 0.8064 -0.0000
vn -0.5299 0.7126 0.4598
vn -0.4101 0.6528 0.6369
vn 0.4425 -0.6314 0.6368
vn 0.5481 -0.7060 0.4485
vn 0.5099 -0.8602 -0.0000
vn 0.5481 -0.7060 -0.4485
vn 0.4425 -0.6314 -0.6368
vn -0.4101 0.6528 -0.6369
vn -0.5299 0.7126 -0.4598
vn -0.6934 0.7205 -0.0000
vn -0.6184 0.6365 0.4609
vn -0.4918 0.5937 0.6369
vn 0.5223 -0.5671 0.6369
vn 0.6351 -0.6263 0.4522
vn 0.6181 -0.7861 -0.0000
vn 0.6351 -0.6263 -0.4522
vn 0.5223 -0.5671 -0.6368
vn -0.4918 0.5937 -0.6369
vn -0.6184 0.6365 -0.4609
vn -0.7832 0.6217 -0.0000
vn -0.6966 0.5496 0.4612
vn -0.5645 0.5251 0.6369
vn 0.5933 -0.4923 0.6369
vn 0.7106 -0.5367 0.4549
vn 0.7151 -0.6990 -0.0000
vn 0.7106 -0.5367 -0.4549
vn 0.5933 -0.4923 -0.6369
vn -0.5645 0.5251 -0.6369
vn -0.6966 0.5496 -0.4612
vn -0.8592 0.5116 -0.0000
vn -0.7630 0.4531 0.4610
vn -0.6272 0.4483 0.6370
vn 0.6542 -0.4079 0.6370
vn 0.7738 -0.4388 0.4569
vn 0.7996 -0.6005 -0.0000
vn 0.7738 -0.4388 -0.4569
vn 0.6542 -0.4079 -0.6370
vn -0.6272 0.4483 -0.6370
vn -0.7630 0.4531 -0.4610
vn -0.9199 0.3922 -0.0000
vn -0.8164 0.3481 0.4607
vn -0.6790 0.3649 0.6370
vn 0.7036 -0.3150 0.6370
vn 0.8235 -0.3343 0.4584
vn 0.8704 -0.4923 -0.0000
vn 0.8235 -0.3343 -0.4584
vn 0.7036 -0.3150 -0.6370
vn -0.6790 0.3649 -0.6370
vn -0.8164 0.3481 -0.4607
vn -0.9641 0.2656 -0.0000
vn -0.8557 0.2364 0.4604
vn -0.7194 0.2767 0.6370
vn 0.7402 -0.2149 0.6371
vn 0.8592 -0.2251 0.4595
vn 0.9265 -0.3763 -0.0000
vn 0.8592 -0.2251 -0.4595
vn 0.7402 -0.2149 -0.6371
vn -0.7194 0.2767 -0.6370
vn -0.8557 0.2364 -0.4604
vn -0.9910 0.1340 -0.0000
vn -0.8798 0.1196 0.4601
vn -0.7481 0.1855 0.6371
vn 0.7630 -0.1091 0.6371
vn 0.8806 -0.1131 0.4602
vn 0.9672 -0.2542 -0.0000
vn 0.8806 -0.1131 -0.4602
vn 0.7630 -0.1091 -0.6371
vn -0.7481 0.1855 -0.6371
vn -0.8798 0.1196 -0.4601
vn -0.8879 -0.0000 0.4600
vn -0.7651 0.0929 0.6372
vn 0.8877 -0.0000 0.4605
vn 0.9918 -0.1281 -0.0000
vn 0.8877 -0.0000 -0.4605
vn -0.7651 0.0929 -0.6372
vn -0.8879 -0.0000 -0.4600
vn -0.8798 -0.1196 0.4601
vn -0.7651 -0.0929 0.6371
vn 0.8806 0.1131 0.4602
vn 0.9918 0.1281 -0.0000
vn 0.8806 0.1131 -0.4602
vn -0.7651 -0.0929 -0.6371
vn -0.8798 -0.1196 -0.4601
vn -0.9910 -0.1340 -0.0000
vn -0.8557 -0.2364 0.4604
vn -0.7481 -0.1855 0.6371
vn 0.7630 0.1091 0.6371
vn 0.8592 0.2251 0.4595
vn 0.9672 0.2542 -0.0000
vn 0.8592 0.2251 -0.4596
vn 0.7630 0.1091 -0.6371
vn -0.7481 -0.1855 -0.6371
vn -0.8557 -0.2364 -0.4604
vn -0.9641 -0.2656 -0.0000
vn -0.8164 -0.3481 0.4607
vn -0.7194 -0.2767 0.6370
vn 0.7402 0.2149 0.6371
vn 0.8235 0.3343 0.4584
vn 0.9265 0.3763 -0.0000
vn 0.8235 0.3343 -0.4584
vn 0.7402 0.2149 -0.6371
vn -0.7194 -0.2767 -0.6370
vn -0.8164 -0.3481 -0.4607
vn -0.9199 -0.3922 -0.0000
vn -0.7630 -0.4531 0.4610
vn -0.6790 -0.3649 0.6370
vn 0.7036 0.3150 0.6370
vn 0.7738 0.4388 0.4569
vn 0.8704 0.4923 -0.0000
vn 0.7738 0.4388 -0.4569
vn 0.7036 0.3150 -0.6370
vn -0.6790 -0.3649 -0.6370
vn -0.7630 -0.4531 -0.4610
vn -0.8592 -0.5116 -0.0000
vn -0.6966 -0.5496 0.4612
vn -0.6272 -0.4483 0.6370
vn 0.6542 0.4079 0.6370
vn 0.7106 0.5367 0.4549
vn 0.7996 0.6005 -0.0000
vn 0.7106 0.5367 -0.4549
vn 0.6542 0.4079 -0.6370
vn -0.6272 -0.4483 -0.6370
vn -0.6966 -0.5496 -0.4612
vn -0.7832 -0.6217 -0.0000
vn -0.6184 -0.6365 0.4609
vn -0.5645 -0.5251 0.6369
vn 0.5933 0.4923 0.6369
vn 0.6351 0.6263 0.4522
vn 0.7151 0.6990 -0.0000
vn 0.6351 0.6263 -0.4522
vn 0.5933 0.4923 -0.6369
vn -0.5645 -0.5251 -0.6369
vn -0.6184 -0.6365 -0.4609
vn -0.6934 -0.7205 -0.0000
vn -0.5299 -0.7126 0.4598
vn -0.4918 -0.5937 0.6369
vn 0.5223 0.5671 0.6368
vn 0.5481 0.7060 0.4485
vn 0.6181 0.7861 -0.0000
vn 0.5481 0.7060 -0.4485
vn 0.5223 0.5671 -0.6368
vn -0.4918 -0.5937 -0.6369
vn -0.5299 -0.7126 -0.4598
vn -0.5914 -0.8064 -0.0000
vn -0.4328 -0.7772 0.4569
vn -0.4101 -0.6528 0.6369
vn 0.4425 0.6314 0.6368
vn 0.4510 0.7747 0.4432
vn 0.5099 0.8602 -0.0000
vn 0.4510 0.7747 -0.4432
vn 0.4425 0.6314 -0.6368
vn -0.4101 -0.6528 -0.6369
vn -0.4328 -0.7772 -0.4569
vn -0.4790 -0.8778 -0.0000
vn -0.3290 -0.8304 0.4497
vn -0.3201 -0.7013 0.6369
vn 0.3555 0.6842 0.6368
vn 0.3448 0.8315 0.4355
vn 0.3918 0.9200 -0.0000
vn 0.3448 0.8315 -0.4355
vn 0.3555 0.6842 -0.6368
vn -0.3201 -0.7013 -0.6369
vn -0.3290 -0.8304 -0.4497
vn -0.3582 -0.9336 -0.0000
vn -0.2208 -0.8746 0.4316
vn -0.1561 -0.5585 0.8147
vn -0.0183 -0.0151 0.9997
vn 0.1358 0.5497 0.8242
vn 0.2630 0.7248 0.6368
vn 0.2307 0.8753 0.4251
vn 0.2647 0.9643 -0.0000
vn 0.2307 0.8753 -0.4251
vn 0.2630 0.7248 -0.6368
vn 0.1358 0.5497 -0.8242
vn -0.0183 -0.0151 -0.9997
vn -0.1561 -0.5585 -0.8147
vn -0.2208 -0.8746 -0.4316
vn -0.2316 -0.9728 -0.0000
vn -0.0859 -0.6148 0.7840
vn -0.0158 -0.0503 0.9986
vn 0.0639 0.5535 0.8304
vn 0.1143 0.7622 0.6371
vn 0.1143 0.7622 -0.6371
vn 0.0639 0.5535 -0.8304
vn -0.0158 -0.0503 -0.9986
vn -0.0859 -0.6148 -0.7840
vn -0.0757 -0.7672 0.6370
vn -0.0757 -0.7672 -0.6370
vn 0.8380 0.5342 -0.1113
vn 0.8454 0.5342 -0.0000
vn 0.3973 0.9161 -0.0533
vn 0.4008 0.9162 -0.0000
vn 0.2568 0.9659 -0.0323
vn 0.2588 0.9659 -0.0000
vn -0.2588 0.9659 -0.0000
vn -0.3959 0.9169 0.0515
vn -0.3990 0.9169 -0.0000
vn -0.8378 0.5347 0.1101
vn -0.8450 0.5348 -0.0000
vn -0.9914 -0.0000 0.1305
vn -0.8450 -0.5348 -0.0000
vn -0.8378 -0.5347 0.1101
vn -0.3990 -0.9169 -0.0000
vn -0.3959 -0.9169 0.0515
vn -0.2588 -0.9659 -0.0000
vn 0.2568 -0.9659 -0.0323
vn 0.4008 -0.9162 -0.0000
vn 0.2588 -0.9659 -0.0000
vn 0.3973 -0.9161 -0.0533
vn 0.8454 -0.5342 -0.0000
vn 0.8380 -0.5342 -0.1113
vn 0.9913 -0.0000 -0.1315
vn 0.8160 0.5342 -0.2207
vn 0.3870 0.9160 -0.1056
vn 0.2507 0.9659 -0.0642
vn -0.2564 0.9659 0.0355
vn -0.3865 0.9166 0.1024
vn -0.8164 0.5346 0.2185
vn -0.9659 -0.0000 0.2588
vn -0.8164 -0.5346 0.2185
vn -0.3865 -0.9166 0.1024
vn -0.2564 -0.9659 0.0355
vn 0.2507 -0.9659 -0.0642
vn 0.3870 -0.9160 -0.1056
vn 0.8160 -0.5342 -0.2207
vn 0.9654 -0.0000 -0.2607
vn 0.7799 0.5342 -0.3262
vn 0.3702 0.9158 -0.1561
vn 0.2407 0.9659 -0.0953
vn -0.2491 0.9659 0.0702
vn -0.3709 0.9161 0.1520
vn -0.7810 0.5344 0.3231
vn -0.9239 -0.0000 0.3828
vn -0.7810 -0.5344 0.3231
vn -0.3709 -0.9161 0.1520
vn -0.2491 -0.9659 0.0702
vn 0.2407 -0.9659 -0.0953
vn 0.3702 -0.9158 -0.1561
vn 0.7799 -0.5342 -0.3262
vn 0.9227 -0.0000 -0.3854
vn 0.7302 0.5342 -0.4260
vn 0.3472 0.9153 -0.2041
vn 0.2266 0.9659 -0.1251
vn -0.2373 0.9659 0.1033
vn -0.3493 0.9155 0.1997
vn -0.7323 0.5341 0.4224
vn -0.8659 -0.0000 0.5002
vn -0.7323 -0.5341 0.4224
vn -0.3493 -0.9155 0.1997
vn -0.2373 -0.9659 0.1033
vn 0.2266 -0.9659 -0.1251
vn 0.3472 -0.9153 -0.2041
vn 0.7302 -0.5342 -0.4260
vn 0.8640 -0.0000 -0.5034
vn 0.6678 0.5342 -0.5184
vn 0.3186 0.9146 -0.2490
vn 0.2088 0.9659 -0.1531
vn -0.2213 0.9659 0.1344
vn -0.3219 0.9146 0.2448
vn -0.6710 0.5338 0.5146
vn -0.7931 -0.0000 0.6091
vn -0.6710 -0.5338 0.5146
vn -0.3219 -0.9146 0.2448
vn -0.2212 -0.9659 0.1344
vn 0.2088 -0.9659 -0.1531
vn 0.3186 -0.9146 -0.2490
vn 0.6678 -0.5342 -0.5184
vn 0.7903 -0.0000 -0.6127
vn 0.5939 0.5340 -0.6018
vn 0.2850 0.9135 -0.2904
vn 0.1873 0.9659 -0.1788
vn -0.2013 0.9659 0.1628
vn -0.2889 0.9134 0.2867
vn -0.5981 0.5334 0.5981
vn -0.7065 -0.0000 0.7077
vn -0.5981 -0.5334 0.5981
vn -0.2889 -0.9134 0.2867
vn -0.2013 -0.9659 0.1628
vn 0.1873 -0.9659 -0.1788
vn 0.2850 -0.9135 -0.2904
vn 0.5939 -0.5340 -0.6018
vn 0.7029 -0.0000 -0.7113
vn 0.5098 0.5336 -0.6748
vn 0.2470 0.9117 -0.3284
vn 0.1624 0.9659 -0.2016
vn -0.1779 0.9659 0.1881
vn -0.2508 0.9119 0.3249
vn -0.5148 0.5329 0.6715
vn -0.6077 -0.0000 0.7941
vn -0.5148 -0.5329 0.6715
vn -0.2508 -0.9119 0.3249
vn -0.1779 -0.9659 0.1881
vn 0.1624 -0.9659 -0.2016
vn 0.2470 -0.9117 -0.3284
vn 0.5098 -0.5336 -0.6748
vn 0.6034 -0.0000 -0.7975
vn 0.4172 0.5327 -0.7363
vn 0.2052 0.9089 -0.3631
vn 0.1345 0.9659 -0.2212
vn -0.1516 0.9659 0.2099
vn -0.2079 0.9101 0.3586
vn -0.4224 0.5325 0.7335
vn -0.4983 -0.0000 0.8670
vn -0.4224 -0.5325 0.7335
vn -0.2079 -0.9101 0.3586
vn -0.1516 -0.9659 0.2099
vn 0.1345 -0.9659 -0.2212
vn 0.2052 -0.9089 -0.3631
vn 0.4172 -0.5327 -0.7363
vn 0.4935 -0.0000 -0.8698
vn 0.3178 0.5309 -0.7856
vn 0.1598 0.9046 -0.3950
vn 0.1038 0.9659 -0.2371
vn -0.1230 0.9659 0.2278
vn -0.1605 0.9080 0.3871
vn -0.3226 0.5323 0.7827
vn -0.3803 -0.0000 0.9249
vn -0.3226 -0.5323 0.7827
vn -0.1605 -0.9080 0.3871
vn -0.1230 -0.9659 0.2278
vn 0.1038 -0.9659 -0.2371
vn 0.1599 -0.9046 -0.3950
vn 0.3178 -0.5309 -0.7856
vn 0.3754 -0.0000 -0.9269
vn 0.2137 0.5279 -0.8220
vn 0.1850 0.7071 -0.6825
vn 0.0708 0.9659 -0.2490
vn -0.0927 0.9659 0.2417
vn -0.0708 0.9659 0.2490
vn -0.2173 0.5326 0.8180
vn -0.2560 -0.0000 0.9667
vn -0.2173 -0.5326 0.8180
vn -0.0708 -0.9659 0.2490
vn -0.0927 -0.9659 0.2417
vn 0.0708 -0.9659 -0.2490
vn 0.1850 -0.7071 -0.6825
vn 0.2137 -0.5279 -0.8220
vn 0.2518 -0.0000 -0.9678
vn 0.1072 0.5240 -0.8449
vn 0.0932 0.7071 -0.7009
vn 0.0616 0.9659 -0.2514
vn 0.0359 0.9659 -0.2563
vn -0.0616 0.9659 0.2514
vn -0.0359 0.9659 0.2563
vn -0.1745 0.7071 0.6853
vn -0.1090 0.5336 0.8387
vn -0.1284 -0.0000 0.9917
vn -0.1090 -0.5336 0.8387
vn -0.1745 -0.7071 0.6853
vn -0.0359 -0.9659 0.2563
vn -0.0616 -0.9659 0.2514
vn 0.0359 -0.9659 -0.2563
vn 0.0616 -0.9659 -0.2514
vn 0.0932 -0.7071 -0.7009
vn 0.1072 -0.5240 -0.8449
vn 0.1259 -0.0000 -0.9920
vn -0.0000 0.5220 -0.8529
vn -0.0000 0.7071 -0.7071
vn 0.0306 0.9659 -0.2570
vn -0.0000 0.9659 -0.2588
vn -0.0306 0.9659 0.2570
vn -0.0000 0.9659 0.2588
vn -0.0869 0.7071 0.7018
vn -0.0000 0.5343 0.8453
vn -0.0000 -0.5343 0.8453
vn -0.0869 -0.7071 0.7018
vn -0.0000 -0.9659 0.2588
vn -0.0306 -0.9659 0.2570
vn -0.0000 -0.9659 -0.2588
vn 0.0306 -0.9659 -0.2570
vn -0.0000 -0.7071 -0.7071
vn -0.0000 -0.5220 -0.8529
vn -0.1259 -0.0000 -0.9920
vn -0.1072 0.5240 -0.8449
vn -0.0306 0.9659 -0.2570
vn 0.0306 0.9659 0.2570
vn 0.0869 0.7071 0.7018
vn -0.0000 0.7071 0.7071
vn 0.1090 0.5336 0.8387
vn 0.1090 -0.5336 0.8387
vn 0.0869 -0.7071 0.7018
vn -0.0000 -0.7071 0.7071
vn 0.0306 -0.9659 0.2570
vn -0.0306 -0.9659 -0.2570
vn -0.1072 -0.5240 -0.8449
vn -0.2518 -0.0000 -0.9678
vn -0.2137 0.5279 -0.8220
vn -0.0932 0.7071 -0.7009
vn -0.0616 0.9659 -0.2514
vn -0.0359 0.9659 -0.2563
vn 0.0616 0.9659 0.2514
vn 0.0359 0.9659 0.2563
vn 0.1745 0.7071 0.6853
vn 0.2173 0.5326 0.8180
vn 0.1284 -0.0000 0.9917
vn 0.2173 -0.5326 0.8180
vn 0.1745 -0.7071 0.6853
vn 0.0359 -0.9659 0.2563
vn 0.0616 -0.9659 0.2514
vn -0.0359 -0.9659 -0.2563
vn -0.0616 -0.9659 -0.2514
vn -0.0932 -0.7071 -0.7009
vn -0.2137 -0.5279 -0.8220
vn -0.3754 -0.0000 -0.9269
vn -0.3178 0.5309 -0.7856
vn -0.1850 0.7071 -0.6825
vn -0.1599 0.9046 -0.3950
vn -0.0708 0.9659 -0.2490
vn 0.0927 0.9659 0.2417
vn 0.0708 0.9659 0.2490
vn 0.1605 0.9080 0.3871
vn 0.3226 0.5323 0.7827
vn 0.2560 -0.0000 0.9667
vn 0.3226 -0.5323 0.7827
vn 0.1605 -0.9080 0.3871
vn 0.0708 -0.9659 0.2490
vn 0.0927 -0.9659 0.2417
vn -0.0708 -0.9659 -0.2490
vn -0.1598 -0.9046 -0.3950
vn -0.1850 -0.7071 -0.6825
vn -0.3178 -0.5309 -0.7856
vn -0.4935 -0.0000 -0.8698
vn -0.4172 0.5327 -0.7363
vn -0.2052 0.9089 -0.3631
vn -0.1038 0.9659 -0.2371
vn 0.1230 0.9659 0.2278
vn 0.2079 0.9101 0.3586
vn 0.4224 0.5325 0.7335
vn 0.3803 -0.0000 0.9249
vn 0.4224 -0.5325 0.7335
vn 0.2079 -0.9101 0.3586
vn 0.1230 -0.9659 0.2278
vn -0.1038 -0.9659 -0.2371
vn -0.2052 -0.9089 -0.3631
vn -0.4172 -0.5327 -0.7363
vn -0.6034 -0.0000 -0.7975
vn -0.5098 0.5336 -0.6748
vn -0.2470 0.9117 -0.3284
vn -0.1345 0.9659 -0.2212
vn 0.1516 0.9659 0.2099
vn 0.2508 0.9119 0.3249
vn 0.5148 0.5329 0.6715
vn 0.4983 -0.0000 0.8670
vn 0.5148 -0.5329 0.6715
vn 0.2508 -0.9119 0.3249
vn 0.1516 -0.9659 0.2099
vn -0.1345 -0.9659 -0.2212
vn -0.2470 -0.9117 -0.3284
vn -0.5098 -0.5336 -0.6748
vn -0.7029 -0.0000 -0.7113
vn -0.5939 0.5340 -0.6018
vn -0.2850 0.9135 -0.2904
vn -0.1624 0.9659 -0.2016
vn 0.1779 0.9659 0.1881
vn 0.2889 0.9134 0.2867
vn 0.5981 0.5334 0.5981
vn 0.6077 -0.0000 0.7941
vn 0.5981 -0.5334 0.5981
vn 0.2889 -0.9134 0.2867
vn 0.1779 -0.9659 0.1881
vn -0.1624 -0.9659 -0.2016
vn -0.2850 -0.9135 -0.2904
vn -0.5939 -0.5340 -0.6018
vn -0.7903 -0.0000 -0.6127
vn -0.6678 0.5342 -0.5184
vn -0.3186 0.9146 -0.2490
vn -0.1873 0.9659 -0.1788
vn 0.2013 0.9659 0.1628
vn 0.3219 0.9146 0.2448
vn 0.6710 0.5338 0.5146
vn 0.7065 -0.0000 0.7077
vn 0.6710 -0.5338 0.5146
vn 0.3219 -0.9146 0.2448
vn 0.2013 -0.9659 0.1628
vn -0.1873 -0.9659 -0.1788
vn -0.3186 -0.9146 -0.2490
vn -0.6678 -0.5342 -0.5184
vn -0.8640 -0.0000 -0.5034
vn -0.7302 0.5342 -0.4260
vn -0.3472 0.9153 -0.2041
vn -0.2088 0.9659 -0.1531
vn 0.2213 0.9659 0.1344
vn 0.3493 0.9155 0.1997
vn 0.7323 0.5341 0.4224
vn 0.7931 -0.0000 0.6091
vn 0.7323 -0.5341 0.4224
vn 0.3493 -0.9155 0.1997
vn 0.2212 -0.9659 0.1344
vn -0.2088 -0.9659 -0.1531
vn -0.3472 -0.9153 -0.2041
vn -0.7302 -0.5342 -0.4260
vn -0.9227 -0.0000 -0.3854
vn -0.7799 0.5342 -0.3262
vn -0.3702 0.9158 -0.1561
vn -0.2266 0.9659 -0.1251
vn 0.2373 0.9659 0.1033
vn 0.3709 0.9161 0.1520
vn 0.7810 0.5344 0.3231
vn 0.8659 -0.0000 0.5002
vn 0.7810 -0.5344 0.3231
vn 0.3709 -0.9161 0.1520
vn 0.2373 -0.9659 0.1033
vn -0.2266 -0.9659 -0.1251
vn -0.3702 -0.9158 -0.1561
vn -0.7799 -0.5342 -0.3262
vn -0.9654 -0.0000 -0.2607
vn -0.8160 0.5342 -0.2207
vn -0.3870 0.9160 -0.1056
vn -0.2407 0.9659 -0.0953
vn 0.2491 0.9659 0.0702
vn 0.3865 0.9166 0.1024
vn 0.8164 0.5346 0.2185
vn 0.8164 -0.5346 0.2185
vn 0.3865 -0.9166 0.1024
vn 0.2491 -0.9659 0.0702
vn -0.2407 -0.9659 -0.0953
vn -0.3870 -0.9160 -0.1056
vn -0.8160 -0.5342 -0.2207
vn -0.9913 -0.0000 -0.1315
vn -0.8380 0.5342 -0.1113
vn -0.3973 0.9161 -0.0533
vn -0.2507 0.9659 -0.0642
vn 0.2564 0.9659 0.0355
vn 0.3959 0.9169 0.0515
vn 0.8378 0.5347 0.1101
vn 0.9659 -0.0000 0.2588
vn 0.8378 -0.5347 0.1101
vn 0.3959 -0.9169 0.0515
vn 0.2564 -0.9659 0.0355
vn -0.2507 -0.9659 -0.0642
vn -0.3973 -0.9161 -0.0533
vn -0.8380 -0.5342 -0.1113
vn -0.8454 0.5342 -0.0000
vn -0.4008 0.9162 -0.0000
vn -0.2568 0.9659 -0.0323
vn 0.3990 0.9169 -0.0000
vn 0.8450 0.5348 -0.0000
vn 0.9914 -0.0000 0.1305
vn 0.8450 -0.5348 -0.0000
vn 0.3990 -0.9169 -0.0000
vn -0.2568 -0.9659 -0.0323
vn -0.4008 -0.9162 -0.0000
vn -0.8454 -0.5342 -0.0000
vn -0.8380 0.5342 0.1113
vn -0.3973 0.9161 0.0533
vn -0.2568 0.9659 0.0323
vn 0.3959 0.9169 -0.0515
vn 0.8378 0.5347 -0.1101
vn 0.9914 -0.0000 -0.1305
vn 0.8378 -0.5347 -0.1101
vn 0.3959 -0.9169 -0.0515
vn -0.2568 -0.9659 0.0323
vn -0.3973 -0.9161 0.0533
vn -0.8380 -0.5342 0.1113
vn -0.9913 -0.0000 0.1315
vn -0.8160 0.5342 0.2207
vn -0.3870 0.9160 0.1056
vn -0.2507 0.9659 0.0642
vn 0.2564 0.9659 -0.0355
vn 0.3865 0.9166 -0.1024
vn 0.8164 0.5346 -0.2185
vn 0.9659 -0.0000 -0.2588
vn 0.8164 -0.5346 -0.2185
vn 0.3865 -0.9166 -0.1024
vn 0.2564 -0.9659 -0.0355
vn -0.2507 -0.9659 0.0642
vn -0.3870 -0.9160 0.1056
vn -0.8160 -0.5342 0.2207
vn -0.9654 -0.0000 0.2607
vn -0.7799 0.5342 0.3262
vn -0.3702 0.9158 0.1561
vn -0.2407 0.9659 0.0953
vn 0.2491 0.9659 -0.0702
vn 0.3709 0.9161 -0.1520
vn 0.7810 0.5344 -0.3231
vn 0.7810 -0.5344 -0.3231
vn 0.3709 -0.9161 -0.1520
vn 0.2491 -0.9659 -0.0702
vn -0.2407 -0.9659 0.0953
vn -0.3702 -0.9158 0.1561
vn -0.7799 -0.5342 0.3262
vn -0.9227 -0.0000 0.3854
vn -0.7302 0.5342 0.4260
vn -0.3472 0.9153 0.2041
vn -0.2266 0.9659 0.1251
vn 0.2373 0.9659 -0.1033
vn 0.3493 0.9155 -0.1997
vn 0.7323 0.5341 -0.4224
vn 0.8659 -0.0000 -0.5002
vn 0.7323 -0.5341 -0.4224
vn 0.3493 -0.9155 -0.1997
vn 0.2373 -0.9659 -0.1034
vn -0.2266 -0.9659 0.1251
vn -0.3472 -0.9153 0.2041
vn -0.7302 -0.5342 0.4260
vn -0.8640 -0.0000 0.5034
vn -0.6678 0.5342 0.5184
vn -0.3186 0.9146 0.2490
vn -0.2088 0.9659 0.1531
vn 0.2212 0.9659 -0.1344
vn 0.3219 0.9146 -0.2448
vn 0.6710 0.5338 -0.5146
vn 0.7931 -0.0000 -0.6091
vn 0.6710 -0.5338 -0.5146
vn 0.3219 -0.9146 -0.2448
vn 0.2213 -0.9659 -0.1344
vn -0.2088 -0.9659 0.1531
vn -0.3186 -0.9146 0.2490
vn -0.6678 -0.5342 0.5184
vn -0.7903 -0.0000 0.6127
vn -0.5939 0.5340 0.6018
vn -0.2850 0.9135 0.2904
vn -0.1873 0.9659 0.1788
vn 0.2013 0.9659 -0.1628
vn 0.2889 0.9134 -0.2867
vn 0.5981 0.5334 -0.5981
vn 0.7065 -0.0000 -0.7077
vn 0.5981 -0.5334 -0.5981
vn 0.2889 -0.9134 -0.2867
vn 0.2013 -0.9659 -0.1628
vn -0.1873 -0.9659 0.1788
vn -0.2850 -0.9135 0.2904
vn -0.5939 -0.5340 0.6018
vn -0.7029 -0.0000 0.7113
vn -0.5098 0.5336 0.6748
vn -0.2470 0.9117 0.3284
vn -0.1624 0.9659 0.2016
vn 0.1779 0.9659 -0.1881
vn 0.2508 0.9119 -0.3249
vn 0.5148 0.5329 -0.6715
vn 0.6077 -0.0000 -0.7941
vn 0.5148 -0.5329 -0.6715
vn 0.2508 -0.9119 -0.3249
vn 0.1779 -0.9659 -0.1881
vn -0.1624 -0.9659 0.2016
vn -0.2470 -0.9117 0.3284
vn -0.5098 -0.5336 0.6748
vn -0.6034 -0.0000 0.7975
vn -0.4172 0.5327 0.7363
vn -0.2052 0.9089 0.3631
vn -0.1345 0.9659 0.2212
vn 0.1516 0.9659 -0.2099
vn 0.2079 0.9101 -0.3586
vn 0.4224 0.5325 -0.7335
vn 0.4983 -0.0000 -0.8670
vn 0.4224 -0.5325 -0.7335
vn 0.2079 -0.9101 -0.3586
vn 0.1516 -0.9659 -0.2099
vn -0.1345 -0.9659 0.2212
vn -0.2052 -0.9089 0.3631
vn -0.4172 -0.5327 0.7363
vn -0.4935 -0.0000 0.8698
vn -0.3178 0.5309 0.7856
vn -0.1599 0.9046 0.3950
vn -0.1038 0.9659 0.2371
vn 0.1230 0.9659 -0.2278
vn 0.1605 0.9080 -0.3871
vn 0.3226 0.5323 -0.7827
vn 0.3803 -0.0000 -0.9249
vn 0.3226 -0.5323 -0.7827
vn 0.1605 -0.9080 -0.3871
vn 0.1230 -0.9659 -0.2278
vn -0.1038 -0.9659 0.2371
vn -0.1598 -0.9046 0.3950
vn -0.3178 -0.5309 0.7856
vn -0.3754 -0.0000 0.9269
vn -0.2137 0.5279 0.8220
vn -0.1850 0.7071 0.6825
vn 0.0927 0.9659 -0.2417
vn 0.2173 0.5326 -0.8180
vn 0.2560 -0.0000 -0.9667
vn 0.2173 -0.5326 -0.8180
vn 0.0927 -0.9659 -0.2417
vn -0.1850 -0.7071 0.6825
vn -0.2137 -0.5279 0.8220
vn -0.2518 -0.0000 0.9678
vn -0.1072 0.5240 0.8449
vn -0.0932 0.7071 0.7009
vn 0.1745 0.7071 -0.6853
vn 0.1090 0.5336 -0.8387
vn 0.1284 -0.0000 -0.9917
vn 0.1090 -0.5336 -0.8387
vn 0.1745 -0.7071 -0.6853
vn -0.0932 -0.7071 0.7009
vn -0.1072 -0.5240 0.8449
vn -0.1259 -0.0000 0.9920
vn -0.0000 0.5220 0.8529
vn 0.0869 0.7071 -0.7018
vn -0.0000 0.5343 -0.8453
vn -0.0000 -0.5343 -0.8453
vn 0.0869 -0.7071 -0.7018
vn -0.0000 -0.5220 0.8529
vn 0.1259 -0.0000 0.9920
vn 0.1072 0.5240 0.8449
vn -0.0869 0.7071 -0.7018
vn -0.1090 0.5336 -0.8387
vn -0.1090 -0.5336 -0.8387
vn -0.0869 -0.7071 -0.7018
vn 0.1072 -0.5240 0.8449
vn 0.2518 -0.0000 0.9678
vn 0.2137 0.5279 0.8220
vn 0.0932 0.7071 0.7009
vn -0.1745 0.7071 -0.6853
vn -0.2173 0.5326 -0.8180
vn -0.1284 -0.0000 -0.9917
vn -0.2173 -0.5326 -0.8180
vn -0.1745 -0.7071 -0.6853
vn 0.0932 -0.7071 0.7009
vn 0.2137 -0.5279 0.8220
vn 0.3754 -0.0000 0.9269
vn 0.3178 0.5309 0.7856
vn 0.1850 0.7071 0.6825
vn 0.1599 0.9046 0.3950
vn -0.0927 0.9659 -0.2417
vn -0.1605 0.9080 -0.3871
vn -0.3226 0.5323 -0.7827
vn -0.2560 -0.0000 -0.9667
vn -0.3226 -0.5323 -0.7827
vn -0.1605 -0.9080 -0.3871
vn -0.0927 -0.9659 -0.2417
vn 0.1599 -0.9046 0.3950
vn 0.1850 -0.7071 0.6825
vn 0.3178 -0.5309 0.7856
vn 0.4935 -0.0000 0.8698
vn 0.4172 0.5327 0.7363
vn 0.2052 0.9089 0.3631
vn 0.1038 0.9659 0.2371
vn -0.1230 0.9659 -0.2278
vn -0.2079 0.9101 -0.3586
vn -0.4224 0.5325 -0.7335
vn -0.3803 -0.0000 -0.9249
vn -0.4224 -0.5325 -0.7335
vn -0.2079 -0.9101 -0.3586
vn -0.1230 -0.9659 -0.2278
vn 0.1038 -0.9659 0.2371
vn 0.2052 -0.9089 0.3631
vn 0.4172 -0.5327 0.7363
vn 0.6034 -0.0000 0.7975
vn 0.5098 0.5336 0.6748
vn 0.2470 0.9117 0.3284
vn 0.1345 0.9659 0.2212
vn -0.1516 0.9659 -0.2099
vn -0.2508 0.9119 -0.3249
vn -0.5148 0.5329 -0.6715
vn -0.4983 -0.0000 -0.8670
vn -0.5148 -0.5329 -0.6715
vn -0.2508 -0.9119 -0.3249
vn -0.1516 -0.9659 -0.2099
vn 0.1345 -0.9659 0.2212
vn 0.2470 -0.9117 0.3284
vn 0.5098 -0.5336 0.6748
vn 0.7029 -0.0000 0.7113
vn 0.5939 0.5340 0.6018
vn 0.2850 0.9135 0.2904
vn 0.1624 0.9659 0.2016
vn -0.1779 0.9659 -0.1881
vn -0.2889 0.9134 -0.2867
vn -0.5981 0.5334 -0.5981
vn -0.6077 -0.0000 -0.7941
vn -0.5981 -0.5334 -0.5981
vn -0.2889 -0.9134 -0.2867
vn -0.1779 -0.9659 -0.1881
vn 0.1624 -0.9659 0.2016
vn 0.2850 -0.9135 0.2904
vn 0.5939 -0.5340 0.6018
vn 0.7903 -0.0000 0.6127
vn 0.6678 0.5342 0.5184
vn 0.3186 0.9146 0.2490
vn 0.1873 0.9659 0.1788
vn -0.2013 0.9659 -0.1628
vn -0.3219 0.9146 -0.2448
vn -0.6710 0.5338 -0.5146
vn -0.7065 -0.0000 -0.7077
vn -0.6710 -0.5338 -0.5146
vn -0.3219 -0.9146 -0.2448
vn -0.2013 -0.9659 -0.1628
vn 0.1873 -0.9659 0.1788
vn 0.3186 -0.9146 0.2490
vn 0.6678 -0.5342 0.5184
vn 0.8640 -0.0000 0.5034
vn 0.7302 0.5342 0.4260
vn 0.3472 0.9153 0.2041
vn 0.2088 0.9659 0.1531
vn -0.2212 0.9659 -0.1344
vn -0.3493 0.9155 -0.1997
vn -0.7323 0.5341 -0.4224
vn -0.7931 -0.0000 -0.6091
vn -0.7323 -0.5341 -0.4224
vn -0.3493 -0.9155 -0.1997
vn -0.2212 -0.9659 -0.1344
vn 0.2088 -0.9659 0.1531
vn 0.3472 -0.9153 0.2041
vn 0.7302 -0.5342 0.4260
vn 0.9227 -0.0000 0.3854
vn 0.7799 0.5342 0.3262
vn 0.3702 0.9158 0.1561
vn 0.2266 0.9659 0.1251
vn -0.2373 0.9659 -0.1033
vn -0.3709 0.9161 -0.1520
vn -0.7810 0.5344 -0.3231
vn -0.8659 -0.0000 -0.5002
vn -0.7810 -0.5344 -0.3231
vn -0.3709 -0.9161 -0.1520
vn -0.2373 -0.9659 -0.1033
vn 0.2266 -0.9659 0.1251
vn 0.3702 -0.9158 0.1561
vn 0.7799 -0.5342 0.3262
vn 0.9654 -0.0000 0.2607
vn 0.8160 0.5342 0.2207
vn 0.3870 0.9160 0.1056
vn 0.2407 0.9659 0.0953
vn -0.2491 0.9659 -0.0702
vn -0.3865 0.9166 -0.1024
vn -0.8164 0.5346 -0.2185
vn -0.9239 -0.0000 -0.3828
vn -0.8164 -0.5346 -0.2185
vn -0.3865 -0.9166 -0.1024
vn -0.2491 -0.9659 -0.0702
vn 0.2407 -0.9659 0.0953
vn 0.3870 -0.9160 0.1056
vn 0.8160 -0.5342 0.2207
vn 0.9913 -0.0000 0.1315
vn 0.8380 0.5342 0.1113
vn 0.3973 0.9161 0.0533
vn 0.2507 0.9659 0.0642
vn -0.2564 0.9659 -0.0355
vn -0.3959 0.9169 -0.0515
vn -0.8378 0.5347 -0.1101
vn -0.9659 -0.0000 -0.2588
vn -0.8378 -0.5347 -0.1101
vn -0.3959 -0.9169 -0.0515
vn -0.2564 -0.9659 -0.0355
vn 0.2507 -0.9659 0.0642
vn 0.3973 -0.9161 0.0533
vn 0.8380 -0.5342 0.1113
vn 0.2568 0.9659 0.0323
vn -0.9914 -0.0000 -0.1305
vn 0.2568 -0.9659 0.0323
vn -0.2492 -0.9659 0.0702
vn -0.2212 0.9659 0.1344
vn -0.2213 -0.9659 0.1344
vn 0.1599 0.9046 -0.3950
vn 0.1598 -0.9046 -0.3950
vn -0.1599 -0.9046 -0.3950
vn 0.2212 0.9659 0.1344
vn 0.2213 -0.9659 0.1344
vn 0.9238 -0.0000 0.3828
vn 0.2492 -0.9659 0.0702
vn 0.9239 -0.0000 -0.3828
vn 0.2492 -0.9659 -0.0702
vn 0.2373 -0.9659 -0.1033
vn 0.0617 0.9659 0.2514
vn -0.2213 -0.9659 -0.1344
vn -0.2492 -0.9659 -0.0702
vn -0.1598 0.9046 -0.3950
vn 0.2492 0.9659 0.0702
vn 0.9239 -0.0000 0.3828
vn 0.2492 0.9659 -0.0702
vn 0.2213 0.9659 -0.1344
vn -0.1598 0.9046 0.3950
vn -0.1599 -0.9046 0.3950
vn 0.1598 0.9046 0.3950
vn 0.1598 -0.9046 0.3950
vn -0.2213 0.9659 -0.1344
vn -0.2492 0.9659 -0.0702
vt 0.875000 0.750000
vt 0.718274 0.625000
vt 0.717572 0.604747
vt 0.625000 0.750000
vt 0.645217 0.625000
vt 0.645919 0.645253
vt 0.375000 1.000000
vt 0.375000 0.750000
vt 0.625000 0.000000
vt 0.375000 0.250000
vt 0.375000 0.000000
vt 0.375000 0.500000
vt 0.354081 0.645253
vt 0.354783 0.625000
vt 0.125000 0.500000
vt 0.281726 0.625000
vt 0.282428 0.645253
vt 0.625000 0.500000
vt 0.625000 0.250000
vt 0.000000 0.000000
vt 0.375000 0.537512
vt 0.628662 0.503662
vt 0.625000 0.537512
vt 0.371338 0.503662
vt 0.637504 0.474992
vt 0.625000 0.962488
vt 0.375000 0.962488
vt 0.375000 0.037512
vt 0.362496 0.775008
vt 0.628662 0.746338
vt 0.637504 0.775008
vt 0.371338 0.746338
vt 0.625000 0.712488
vt 0.375000 0.287512
vt 0.625000 0.287512
vt 0.625000 0.212488
vt 0.362496 0.474992
vt 0.375000 0.712488
vt 0.837488 0.500000
vt 0.864013 0.739013
vt 0.125000 0.712488
vt 0.625000 0.037512
vt 0.375000 0.212488
vt 0.520833 0.500000
vt 0.500000 0.583333
vt 0.500000 0.500000
vt 0.520833 0.583333
vt 0.500000 0.666667
vt 0.520833 0.666667
vt 0.500000 0.750000
vt 0.520833 0.750000
vt 0.500000 0.833333
vt 0.520833 0.833333
vt 0.500000 0.916667
vt 0.520833 0.916667
vt 0.500000 1.000000
vt 0.500000 0.000000
vt 0.520833 0.083333
vt 0.500000 0.083333
vt 0.520833 0.166667
vt 0.500000 0.166667
vt 0.520833 0.250000
vt 0.500000 0.250000
vt 0.520833 0.333333
vt 0.500000 0.333333
vt 0.520833 0.416667
vt 0.500000 0.416667
vt 0.541667 0.500000
vt 0.541667 0.583333
vt 0.541667 0.666667
vt 0.541667 0.750000
vt 0.541667 0.833333
vt 0.541667 0.916667
vt 0.520833 1.000000
vt 0.520833 0.000000
vt 0.541667 0.083333
vt 0.541667 0.166667
vt 0.541667 0.250000
vt 0.541667 0.333333
vt 0.541667 0.416667
vt 0.562500 0.500000
vt 0.562500 0.583333
vt 0.562500 0.666667
vt 0.562500 0.750000
vt 0.562500 0.833333
vt 0.562500 0.916667
vt 0.541667 1.000000
vt 0.541667 0.000000
vt 0.562500 0.083333
vt 0.562500 0.166667
vt 0.562500 0.250000
vt 0.562500 0.333333
vt 0.562500 0.416667
vt 0.583333 0.500000
vt 0.583333 0.583333
vt 0.583333 0.666667
vt 0.583333 0.750000
vt 0.583333 0.833333
vt 0.583333 0.916667
vt 0.562500 1.000000
vt 0.562500 0.000000
vt 0.583333 0.083333
vt 0.583333 0.166667
vt 0.583333 0.250000
vt 0.583333 0.333333
vt 0.583333 0.416667
vt 0.604167 0.500000
vt 0.604167 0.583333
vt 0.604167 0.666667
vt 0.604167 0.750000
vt 0.604167 0.833333
vt 0.604167 0.916667
vt 0.583333 1.000000
vt 0.583333 0.000000
vt 0.604167 0.083333
vt 0.604167 0.166667
vt 0.604167 0.250000
vt 0.604167 0.333333
vt 0.604167 0.416667
vt 0.625000 0.583333
vt 0.625000 0.666667
vt 0.625000 0.833333
vt 0.625000 0.916667
vt 0.604167 1.000000
vt 0.604167 0.000000
vt 0.625000 0.083333
vt 0.625000 0.166667
vt 0.625000 0.333333
vt 0.625000 0.416667
vt 0.645833 0.500000
vt 0.645833 0.583333
vt 0.645833 0.666667
vt 0.645833 0.750000
vt 0.645833 0.833333
vt 0.645833 0.916667
vt 0.625000 1.000000
vt 0.625000 0.000000
vt 0.645833 0.083333
vt 0.645833 0.166667
vt 0.645833 0.250000
vt 0.645833 0.333333
vt 0.645833 0.416667
vt 0.666667 0.500000
vt 0.666667 0.583333
vt 0.666667 0.666667
vt 0.666667 0.750000
vt 0.666667 0.833333
vt 0.666667 0.916667
vt 0.645833 1.000000
vt 0.645833 0.000000
vt 0.666667 0.083333
vt 0.666667 0.166667
vt 0.666667 0.250000
vt 0.666667 0.333333
vt 0.666667 0.416667
vt 0.687500 0.500000
vt 0.687500 0.583333
vt 0.687500 0.666667
vt 0.687500 0.750000
vt 0.687500 0.833333
vt 0.687500 0.916667
vt 0.666667 1.000000
vt 0.666667 0.000000
vt 0.687500 0.083333
vt 0.687500 0.166667
vt 0.687500 0.250000
vt 0.687500 0.333333
vt 0.687500 0.416667
vt 0.708333 0.500000
vt 0.708333 0.583333
vt 0.708333 0.666667
vt 0.708333 0.750000
vt 0.708333 0.833333
vt 0.708333 0.916667
vt 0.687500 1.000000
vt 0.687500 0.000000
vt 0.708333 0.083333
vt 0.708333 0.166667
vt 0.708333 0.250000
vt 0.708333 0.333333
vt 0.708333 0.416667
vt 0.729167 0.500000
vt 0.729167 0.583333
vt 0.729167 0.666667
vt 0.729167 0.750000
vt 0.729167 0.833333
vt 0.729167 0.916667
vt 0.708333 1.000000
vt 0.708333 0.000000
vt 0.729167 0.083333
vt 0.729167 0.166667
vt 0.729167 0.250000
vt 0.729167 0.333333
vt 0.729167 0.416667
vt 0.750000 0.500000
vt 0.750000 0.583333
vt 0.750000 0.666667
vt 0.750000 0.750000
vt 0.750000 0.833333
vt 0.750000 0.916667
vt 0.729167 1.000000
vt 0.729167 0.000000
vt 0.750000 0.083333
vt 0.750000 0.166667
vt 0.750000 0.250000
vt 0.750000 0.333333
vt 0.750000 0.416667
vt 0.770833 0.583333
vt 0.770833 0.666667
vt 0.770833 0.750000
vt 0.770833 0.833333
vt 0.770833 0.916667
vt 0.770833 1.000000
vt 0.750000 1.000000
vt 0.770833 0.000000
vt 0.750000 0.000000
vt 0.770833 0.083333
vt 0.770833 0.166667
vt 0.770833 0.250000
vt 0.770833 0.333333
vt 0.770833 0.416667
vt 0.770833 0.500000
vt 0.791667 0.583333
vt 0.791667 0.666667
vt 0.791667 0.750000
vt 0.791667 0.833333
vt 0.791667 0.916667
vt 0.791667 1.000000
vt 0.791667 0.000000
vt 0.791667 0.083333
vt 0.791667 0.166667
vt 0.791667 0.250000
vt 0.791667 0.333333
vt 0.791667 0.416667
vt 0.791667 0.500000
vt 0.812500 0.583333
vt 0.812500 0.666667
vt 0.812500 0.750000
vt 0.812500 0.833333
vt 0.812500 0.916667
vt 0.812500 1.000000
vt 0.812500 0.000000
vt 0.812500 0.083333
vt 0.812500 0.166667
vt 0.812500 0.250000
vt 0.812500 0.333333
vt 0.812500 0.416667
vt 0.812500 0.500000
vt 0.833333 0.583333
vt 0.833333 0.666667
vt 0.833333 0.750000
vt 0.833333 0.833333
vt 0.833333 0.916667
vt 0.833333 1.000000
vt 0.833333 0.000000
vt 0.833333 0.083333
vt 0.833333 0.166667
vt 0.833333 0.250000
vt 0.833333 0.333333
vt 0.833333 0.416667
vt 0.833333 0.500000
vt 0.854167 0.583333
vt 0.854167 0.666667
vt 0.854167 0.750000
vt 0.854167 0.833333
vt 0.854167 0.916667
vt 0.854167 1.000000
vt 0.854167 0.000000
vt 0.854167 0.083333
vt 0.854167 0.166667
vt 0.854167 0.250000
vt 0.854167 0.333333
vt 0.854167 0.416667
vt 0.854167 0.500000
vt 0.875000 0.583333
vt 0.875000 0.666667
vt 0.875000 0.833333
vt 0.875000 0.916667
vt 0.875000 1.000000
vt 0.875000 0.000000
vt 0.875000 0.083333
vt 0.875000 0.166667
vt 0.875000 0.250000
vt 0.875000 0.333333
vt 0.875000 0.416667
vt 0.875000 0.500000
vt 0.895833 0.583333
vt 0.895833 0.666667
vt 0.895833 0.750000
vt 0.895833 0.833333
vt 0.895833 0.916667
vt 0.895833 1.000000
vt 0.895833 0.000000
vt 0.895833 0.083333
vt 0.895833 0.166667
vt 0.895833 0.250000
vt 0.895833 0.333333
vt 0.895833 0.416667
vt 0.895833 0.500000
vt 0.916667 0.583333
vt 0.916667 0.666667
vt 0.916667 0.750000
vt 0.916667 0.833333
vt 0.916667 0.916667
vt 0.916667 1.000000
vt 0.916667 0.000000
vt 0.916667 0.083333
vt 0.916667 0.166667
vt 0.916667 0.250000
vt 0.916667 0.333333
vt 0.916667 0.416667
vt 0.916667 0.500000
vt 0.937500 0.583333
vt 0.937500 0.666667
vt 0.937500 0.750000
vt 0.937500 0.833333
vt 0.937500 0.916667
vt 0.937500 1.000000
vt 0.937500 0.000000
vt 0.937500 0.083333
vt 0.937500 0.166667
vt 0.937500 0.250000
vt 0.937500 0.333333
vt 0.937500 0.416667
vt 0.937500 0.500000
vt 0.958333 0.583333
vt 0.958333 0.666667
vt 0.958333 0.750000
vt 0.958333 0.833333
vt 0.958333 0.916667
vt 0.958333 1.000000
vt 0.958333 0.000000
vt 0.958333 0.083333
vt 0.958333 0.166667
vt 0.958333 0.250000
vt 0.958333 0.333333
vt 0.958333 0.416667
vt 0.958333 0.500000
vt 0.979167 0.583333
vt 0.979167 0.666667
vt 0.979167 0.750000
vt 0.979167 0.833333
vt 0.979167 0.916667
vt 0.979167 1.000000
vt 0.979167 0.000000
vt 0.979167 0.083333
vt 0.979167 0.166667
vt 0.979167 0.250000
vt 0.979167 0.333333
vt 0.979167 0.416667
vt 0.979167 0.500000
vt 1.000000 0.583333
vt 1.000000 0.666667
vt 1.000000 0.750000
vt 1.000000 0.833333
vt 1.000000 0.916667
vt 1.000000 1.000000
vt 1.000000 0.000000
vt 1.000000 0.083333
vt 1.000000 0.166667
vt 1.000000 0.250000
vt 1.000000 0.333333
vt 1.000000 0.416667
vt 0.020833 0.500000
vt 0.000000 0.583333
vt 0.000000 0.500000
vt 0.020833 0.583333
vt 0.000000 0.666667
vt 0.020833 0.666667
vt 0.000000 0.750000
vt 0.020833 0.750000
vt 0.000000 0.833333
vt 0.020833 0.833333
vt 0.000000 0.916667
vt 0.020833 0.916667
vt 0.000000 1.000000
vt 0.000000 0.000000
vt 0.020833 0.083333
vt 0.000000 0.083333
vt 0.020833 0.166667
vt 0.000000 0.166667
vt 0.020833 0.250000
vt 0.000000 0.250000
vt 0.020833 0.333333
vt 0.000000 0.333333
vt 0.020833 0.416667
vt 0.000000 0.416667
vt 0.041667 0.500000
vt 0.041667 0.583333
vt 0.041667 0.666667
vt 0.041667 0.750000
vt 0.041667 0.833333
vt 0.041667 0.916667
vt 0.020833 1.000000
vt 0.020833 0.000000
vt 0.041667 0.083333
vt 0.041667 0.166667
vt 0.041667 0.250000
vt 0.041667 0.333333
vt 0.041667 0.416667
vt 0.062500 0.500000
vt 0.062500 0.583333
vt 0.062500 0.666667
vt 0.062500 0.750000
vt 0.062500 0.833333
vt 0.062500 0.916667
vt 0.041667 1.000000
vt 0.041667 0.000000
vt 0.062500 0.083333
vt 0.062500 0.166667
vt 0.062500 0.250000
vt 0.062500 0.333333
vt 0.062500 0.416667
vt 0.083333 0.500000
vt 0.083333 0.583333
vt 0.083333 0.666667
vt 0.083333 0.750000
vt 0.083333 0.833333
vt 0.083333 0.916667
vt 0.062500 1.000000
vt 0.062500 0.000000
vt 0.083333 0.083333
vt 0.083333 0.166667
vt 0.083333 0.250000
vt 0.083333 0.333333
vt 0.083333 0.416667
vt 0.104167 0.500000
vt 0.104167 0.583333
vt 0.104167 0.666667
vt 0.104167 0.750000
vt 0.104167 0.833333
vt 0.104167 0.916667
vt 0.083333 1.000000
vt 0.083333 0.000000
vt 0.104167 0.083333
vt 0.104167 0.166667
vt 0.104167 0.250000
vt 0.104167 0.333333
vt 0.104167 0.416667
vt 0.125000 0.583333
vt 0.125000 0.666667
vt 0.125000 0.750000
vt 0.125000 0.833333
vt 0.125000 0.916667
vt 0.104167 1.000000
vt 0.104167 0.000000
vt 0.125000 0.083333
vt 0.125000 0.166667
vt 0.125000 0.250000
vt 0.125000 0.333333
vt 0.125000 0.416667
vt 0.145833 0.500000
vt 0.145833 0.583333
vt 0.145833 0.666667
vt 0.145833 0.750000
vt 0.145833 0.833333
vt 0.145833 0.916667
vt 0.125000 1.000000
vt 0.125000 0.000000
vt 0.145833 0.083333
vt 0.145833 0.166667
vt 0.145833 0.250000
vt 0.145833 0.333333
vt 0.145833 0.416667
vt 0.166667 0.500000
vt 0.166667 0.583333
vt 0.166667 0.666667
vt 0.166667 0.750000
vt 0.166667 0.833333
vt 0.166667 0.916667
vt 0.145833 1.000000
vt 0.145833 0.000000
vt 0.166667 0.083333
vt 0.166667 0.166667
vt 0.166667 0.250000
vt 0.166667 0.333333
vt 0.166667 0.416667
vt 0.187500 0.500000
vt 0.187500 0.583333
vt 0.187500 0.666667
vt 0.187500 0.750000
vt 0.187500 0.833333
vt 0.187500 0.916667
vt 0.166667 1.000000
vt 0.166667 0.000000
vt 0.187500 0.083333
vt 0.187500 0.166667
vt 0.187500 0.250000
vt 0.187500 0.333333
vt 0.187500 0.416667
vt 0.208333 0.500000
vt 0.208333 0.583333
vt 0.208333 0.666667
vt 0.208333 0.750000
vt 0.208333 0.833333
vt 0.208333 0.916667
vt 0.187500 1.000000
vt 0.187500 0.000000
vt 0.208333 0.083333
vt 0.208333 0.166667
vt 0.208333 0.250000
vt 0.208333 0.333333
vt 0.208333 0.416667
vt 0.229167 0.500000
vt 0.229167 0.583333
vt 0.229167 0.666667
vt 0.229167 0.750000
vt 0.229167 0.833333
vt 0.229167 0.916667
vt 0.208333 1.000000
vt 0.208333 0.000000
vt 0.229167 0.083333
vt 0.229167 0.166667
vt 0.229167 0.250000
vt 0.229167 0.333333
vt 0.229167 0.416667
vt 0.250000 0.500000
vt 0.250000 0.583333
vt 0.250000 0.666667
vt 0.250000 0.750000
vt 0.250000 0.833333
vt 0.250000 0.916667
vt 0.229167 1.000000
vt 0.229167 0.000000
vt 0.250000 0.083333
vt 0.250000 0.166667
vt 0.250000 0.250000
vt 0.250000 0.333333
vt 0.250000 0.416667
vt 0.270833 0.583333
vt 0.270833 0.666667
vt 0.270833 0.750000
vt 0.270833 0.833333
vt 0.270833 0.916667
vt 0.270833 1.000000
vt 0.250000 1.000000
vt 0.270833 0.000000
vt 0.250000 0.000000
vt 0.270833 0.083333
vt 0.270833 0.166667
vt 0.270833 0.250000
vt 0.270833 0.333333
vt 0.270833 0.416667
vt 0.270833 0.500000
vt 0.291667 0.583333
vt 0.291667 0.666667
vt 0.291667 0.750000
vt 0.291667 0.833333
vt 0.291667 0.916667
vt 0.291667 1.000000
vt 0.291667 0.000000
vt 0.291667 0.083333
vt 0.291667 0.166667
vt 0.291667 0.250000
vt 0.291667 0.333333
vt 0.291667 0.416667
vt 0.291667 0.500000
vt 0.312500 0.583333
vt 0.312500 0.666667
vt 0.312500 0.750000
vt 0.312500 0.833333
vt 0.312500 0.916667
vt 0.312500 1.000000
vt 0.312500 0.000000
vt 0.312500 0.083333
vt 0.312500 0.166667
vt 0.312500 0.250000
vt 0.312500 0.333333
vt 0.312500 0.416667
vt 0.312500 0.500000
vt 0.333333 0.583333
vt 0.333333 0.666667
vt 0.333333 0.750000
vt 0.333333 0.833333
vt 0.333333 0.916667
vt 0.333333 1.000000
vt 0.333333 0.000000
vt 0.333333 0.083333
vt 0.333333 0.166667
vt 0.333333 0.250000
vt 0.333333 0.333333
vt 0.333333 0.416667
vt 0.333333 0.500000
vt 0.354167 0.583333
vt 0.354167 0.666667
vt 0.354167 0.750000
vt 0.354167 0.833333
vt 0.354167 0.916667
vt 0.354167 1.000000
vt 0.354167 0.000000
vt 0.354167 0.083333
vt 0.354167 0.166667
vt 0.354167 0.250000
vt 0.354167 0.333333
vt 0.354167 0.416667
vt 0.354167 0.500000
vt 0.375000 0.583333
vt 0.375000 0.666667
vt 0.375000 0.833333
vt 0.375000 0.916667
vt 0.375000 0.000000
vt 0.375000 0.083333
vt 0.375000 0.166667
vt 0.375000 0.333333
vt 0.375000 0.416667
vt 0.395833 0.583333
vt 0.395833 0.666667
vt 0.395833 0.750000
vt 0.395833 0.833333
vt 0.395833 0.916667
vt 0.395833 1.000000
vt 0.395833 0.000000
vt 0.395833 0.083333
vt 0.395833 0.166667
vt 0.395833 0.250000
vt 0.395833 0.333333
vt 0.395833 0.416667
vt 0.395833 0.500000
vt 0.416667 0.583333
vt 0.416667 0.666667
vt 0.416667 0.750000
vt 0.416667 0.833333
vt 0.416667 0.916667
vt 0.416667 1.000000
vt 0.416667 0.000000
vt 0.416667 0.083333
vt 0.416667 0.166667
vt 0.416667 0.250000
vt 0.416667 0.333333
vt 0.416667 0.416667
vt 0.416667 0.500000
vt 0.437500 0.583333
vt 0.437500 0.666667
vt 0.437500 0.750000
vt 0.437500 0.833333
vt 0.437500 0.916667
vt 0.437500 1.000000
vt 0.437500 0.000000
vt 0.437500 0.083333
vt 0.437500 0.166667
vt 0.437500 0.250000
vt 0.437500 0.333333
vt 0.437500 0.416667
vt 0.437500 0.500000
vt 0.458333 0.583333
vt 0.458333 0.666667
vt 0.458333 0.750000
vt 0.458333 0.833333
vt 0.458333 0.916667
vt 0.458333 1.000000
vt 0.458333 0.000000
vt 0.458333 0.083333
vt 0.458333 0.166667
vt 0.458333 0.250000
vt 0.458333 0.333333
vt 0.458333 0.416667
vt 0.458333 0.500000
vt 0.479167 0.583333
vt 0.479167 0.666667
vt 0.479167 0.750000
vt 0.479167 0.833333
vt 0.479167 0.916667
vt 0.479167 1.000000
vt 0.479167 0.000000
vt 0.479167 0.083333
vt 0.479167 0.166667
vt 0.479167 0.250000
vt 0.479167 0.333333
vt 0.479167 0.416667
vt 0.479167 0.500000
vt 1.000000 0.500000
vt 0.674619 0.523179
vt 0.667767 0.529087
vt 0.667767 0.720913
vt 0.674619 0.726821
vt 0.681746 0.728816
vt 0.681746 0.521184
vt 0.688872 0.523179
vt 0.688872 0.726821
vt 0.695724 0.529087
vt 0.695724 0.720913
vt 0.702040 0.711320
vt 0.702040 0.538680
vt 0.707575 0.698409
vt 0.712118 0.682677
vt 0.707575 0.551591
vt 0.712118 0.567323
vt 0.715494 0.664729
vt 0.717572 0.645253
vt 0.715494 0.585272
vt 0.661452 0.538680
vt 0.655916 0.551591
vt 0.661452 0.711320
vt 0.655916 0.698409
vt 0.651373 0.567323
vt 0.647998 0.585271
vt 0.651373 0.682677
vt 0.647998 0.664729
vt 0.645919 0.604747
vt 0.338548 0.538680
vt 0.332233 0.529087
vt 0.332233 0.720913
vt 0.338549 0.711320
vt 0.344084 0.698409
vt 0.344084 0.551591
vt 0.348627 0.567323
vt 0.348627 0.682677
vt 0.352002 0.664729
vt 0.352002 0.585271
vt 0.354081 0.604747
vt 0.325381 0.726821
vt 0.325381 0.523179
vt 0.318254 0.521184
vt 0.318254 0.728816
vt 0.311128 0.726821
vt 0.311128 0.523179
vt 0.304276 0.720913
vt 0.304276 0.529087
vt 0.297960 0.538680
vt 0.297960 0.711320
vt 0.292425 0.551591
vt 0.287882 0.567323
vt 0.292425 0.698409
vt 0.287882 0.682677
vt 0.284506 0.585272
vt 0.282428 0.604747
vt 0.284506 0.664729
vt 0.864013 0.510987
vt 0.875000 0.537512
vt 0.875000 0.712488
vt 0.837488 0.750000
vt 0.125000 0.537512
vt 0.135987 0.510987
vt 0.162512 0.500000
vt 0.162512 0.750000
vt 0.135987 0.739013
s 1
usemtl マテリアル.002
f 7/1/1 18/2/1 20/3/1
f 3/4/1 29/5/1 30/6/1
f 3/4/2 8/7/2 4/8/2
f 7/9/3 6/10/3 8/11/3
f 2/12/4 54/13/4 53/14/4
f 6/15/4 41/16/4 42/17/4
f 1/18/5 4/8/5 2/12/5
f 5/19/6 2/12/6 6/10/6
f 15/20/7 48/20/8 47/20/7
f 16/20/9 47/20/7 63/20/9
f 16/20/9 62/20/10 39/20/10
f 39/20/10 61/20/11 38/20/11
f 38/20/11 60/20/12 37/20/12
f 37/20/12 57/20/13 33/20/13
f 33/20/13 55/20/14 31/20/14
f 31/20/14 53/20/3 29/20/3
f 29/20/3 54/20/15 30/20/15
f 30/20/15 56/20/16 32/20/16
f 32/20/16 59/20/17 36/20/17
f 36/20/17 58/20/18 35/20/18
f 35/20/18 52/20/19 34/20/19
f 34/20/19 71/20/20 40/20/20
f 40/20/20 70/20/21 24/20/21
f 24/20/21 68/20/22 25/20/22
f 25/20/23 69/20/24 26/20/24
f 26/20/24 72/20/25 23/20/25
f 27/20/26 72/20/25 65/20/26
f 28/20/27 65/20/26 66/20/27
f 21/20/28 66/20/27 67/20/28
f 22/20/29 67/20/28 64/20/29
f 19/20/30 64/20/29 42/20/30
f 18/20/5 42/20/30 41/20/5
f 20/20/31 41/20/5 43/20/31
f 9/20/32 43/20/31 44/20/32
f 10/20/33 44/20/32 45/20/33
f 11/20/34 45/20/33 50/20/34
f 12/20/35 50/20/34 51/20/35
f 13/20/36 51/20/35 49/20/36
f 14/20/37 49/20/36 46/20/37
f 17/20/38 46/20/37 48/20/38
f 79/1/1 90/2/1 92/3/1
f 75/4/1 101/5/1 102/6/1
f 75/4/2 80/7/2 76/8/2
f 79/9/3 78/10/3 80/11/3
f 74/12/4 126/13/4 125/14/4
f 78/15/4 113/16/4 114/17/4
f 73/18/5 76/8/5 74/12/5
f 77/19/6 74/12/6 78/10/6
f 87/20/7 120/20/8 119/20/7
f 88/20/9 119/20/7 135/20/9
f 88/20/9 134/20/10 111/20/10
f 111/20/10 133/20/11 110/20/11
f 110/20/11 132/20/12 109/20/12
f 109/20/12 129/20/13 105/20/13
f 105/20/13 127/20/14 103/20/14
f 103/20/14 125/20/3 101/20/3
f 101/20/3 126/20/15 102/20/15
f 102/20/15 128/20/16 104/20/16
f 104/20/16 131/20/17 108/20/17
f 108/20/17 130/20/18 107/20/18
f 107/20/18 124/20/19 106/20/19
f 106/20/19 143/20/20 112/20/20
f 112/20/20 142/20/21 96/20/21
f 96/20/21 140/20/22 97/20/22
f 97/20/23 141/20/24 98/20/24
f 98/20/24 144/20/25 95/20/25
f 99/20/26 144/20/25 137/20/26
f 100/20/27 137/20/26 138/20/27
f 93/20/28 138/20/27 139/20/28
f 94/20/29 139/20/28 136/20/29
f 91/20/30 136/20/29 114/20/30
f 90/20/5 114/20/30 113/20/5
f 92/20/31 113/20/5 115/20/31
f 81/20/32 115/20/31 116/20/32
f 82/20/33 116/20/32 117/20/33
f 83/20/34 117/20/33 122/20/34
f 84/20/35 122/20/34 123/20/35
f 85/20/36 123/20/35 121/20/36
f 86/20/37 121/20/36 118/20/37
f 89/20/38 118/20/37 120/20/38
f 15/672/1 16/673/1 1/18/1
f 3/4/1 40/674/1 24/675/1
f 3/4/1 24/675/1 25/676/1
f 17/677/1 15/672/1 1/18/1
f 14/678/1 17/677/1 1/18/1
f 7/1/1 3/4/1 25/676/1
f 7/1/1 25/676/1 26/679/1
f 14/678/1 1/18/1 5/286/1
f 13/680/1 14/678/1 5/286/1
f 7/1/1 26/679/1 23/681/1
f 7/1/1 23/681/1 27/682/1
f 13/680/1 5/286/1 7/1/1
f 12/683/1 13/680/1 7/1/1
f 7/1/1 27/682/1 28/684/1
f 7/1/1 28/684/1 21/685/1
f 11/686/1 12/683/1 7/1/1
f 10/687/1 11/686/1 7/1/1
f 7/1/1 21/685/1 22/688/1
f 7/1/1 22/688/1 19/689/1
f 9/690/1 10/687/1 7/1/1
f 20/3/1 9/690/1 7/1/1
f 7/1/1 19/689/1 18/2/1
f 1/18/1 16/673/1 39/691/1
f 1/18/1 39/691/1 38/692/1
f 34/693/1 40/674/1 3/4/1
f 35/694/1 34/693/1 3/4/1
f 1/18/1 38/692/1 37/695/1
f 1/18/1 37/695/1 33/696/1
f 36/697/1 35/694/1 3/4/1
f 32/698/1 36/697/1 3/4/1
f 3/4/1 1/18/1 33/696/1
f 3/4/1 33/696/1 31/699/1
f 30/6/1 32/698/1 3/4/1
f 3/4/1 31/699/1 29/5/1
f 3/4/2 7/136/2 8/7/2
f 7/9/3 5/19/3 6/10/3
f 62/700/4 63/701/4 2/12/4
f 4/8/4 71/702/4 52/703/4
f 4/8/4 52/703/4 58/704/4
f 61/705/4 62/700/4 2/12/4
f 60/706/4 61/705/4 2/12/4
f 4/8/4 58/704/4 59/707/4
f 4/8/4 59/707/4 56/708/4
f 57/709/4 60/706/4 2/12/4
f 55/710/4 57/709/4 2/12/4
f 2/12/4 4/8/4 56/708/4
f 2/12/4 56/708/4 54/13/4
f 53/14/4 55/710/4 2/12/4
f 70/711/4 71/702/4 4/8/4
f 2/12/4 63/701/4 47/712/4
f 2/12/4 47/712/4 48/713/4
f 68/714/4 70/711/4 4/8/4
f 69/715/4 68/714/4 4/8/4
f 6/15/4 2/12/4 48/713/4
f 6/15/4 48/713/4 46/716/4
f 69/715/4 4/8/4 8/442/4
f 72/717/4 69/715/4 8/442/4
f 6/15/4 46/716/4 49/718/4
f 6/15/4 49/718/4 51/719/4
f 72/717/4 8/442/4 6/15/4
f 65/720/4 72/717/4 6/15/4
f 6/15/4 51/719/4 50/721/4
f 6/15/4 50/721/4 45/722/4
f 66/723/4 65/720/4 6/15/4
f 67/724/4 66/723/4 6/15/4
f 6/15/4 45/722/4 44/725/4
f 6/15/4 44/725/4 43/726/4
f 64/727/4 67/724/4 6/15/4
f 42/17/4 64/727/4 6/15/4
f 6/15/4 43/726/4 41/16/4
f 1/18/5 3/4/5 4/8/5
f 5/19/6 1/18/6 2/12/6
f 15/20/7 17/20/8 48/20/8
f 16/20/9 15/20/7 47/20/7
f 16/20/9 63/20/9 62/20/10
f 39/20/10 62/20/10 61/20/11
f 38/20/11 61/20/11 60/20/12
f 37/20/12 60/20/12 57/20/13
f 33/20/13 57/20/13 55/20/14
f 31/20/14 55/20/14 53/20/3
f 29/20/3 53/20/3 54/20/15
f 30/20/15 54/20/15 56/20/16
f 32/20/16 56/20/16 59/20/17
f 36/20/17 59/20/17 58/20/18
f 35/20/18 58/20/18 52/20/19
f 34/20/19 52/20/19 71/20/20
f 40/20/20 71/20/20 70/20/21
f 24/20/21 70/20/21 68/20/22
f 25/20/23 68/20/23 69/20/24
f 26/20/24 69/20/24 72/20/25
f 27/20/26 23/20/25 72/20/25
f 28/20/27 27/20/26 65/20/26
f 21/20/28 28/20/27 66/20/27
f 22/20/29 21/20/28 67/20/28
f 19/20/30 22/20/29 64/20/29
f 18/20/5 19/20/30 42/20/30
f 20/20/31 18/20/5 41/20/5
f 9/20/32 20/20/31 43/20/31
f 10/20/33 9/20/32 44/20/32
f 11/20/34 10/20/33 45/20/33
f 12/20/35 11/20/34 50/20/34
f 13/20/36 12/20/35 51/20/35
f 14/20/37 13/20/36 49/20/36
f 17/20/38 14/20/37 46/20/37
f 87/672/1 88/673/1 73/18/1
f 75/4/1 112/674/1 96/675/1
f 75/4/1 96/675/1 97/676/1
f 89/677/1 87/672/1 73/18/1
f 86/678/1 89/677/1 73/18/1
f 79/1/1 75/4/1 97/676/1
f 79/1/1 97/676/1 98/679/1
f 86/678/1 73/18/1 77/286/1
f 85/680/1 86/678/1 77/286/1
f 79/1/1 98/679/1 95/681/1
f 79/1/1 95/681/1 99/682/1
f 85/680/1 77/286/1 79/1/1
f 84/683/1 85/680/1 79/1/1
f 79/1/1 99/682/1 100/684/1
f 79/1/1 100/684/1 93/685/1
f 83/686/1 84/683/1 79/1/1
f 82/687/1 83/686/1 79/1/1
f 79/1/1 93/685/1 94/688/1
f 79/1/1 94/688/1 91/689/1
f 81/690/1 82/687/1 79/1/1
f 92/3/1 81/690/1 79/1/1
f 79/1/1 91/689/1 90/2/1
f 73/18/1 88/673/1 111/691/1
f 73/18/1 111/691/1 110/692/1
f 106/693/1 112/674/1 75/4/1
f 107/694/1 106/693/1 75/4/1
f 73/18/1 110/692/1 109/695/1
f 73/18/1 109/695/1 105/696/1
f 108/697/1 107/694/1 75/4/1
f 104/698/1 108/697/1 75/4/1
f 75/4/1 73/18/1 105/696/1
f 75/4/1 105/696/1 103/699/1
f 102/6/1 104/698/1 75/4/1
f 75/4/1 103/699/1 101/5/1
f 75/4/2 79/136/2 80/7/2
f 79/9/3 77/19/3 78/10/3
f 134/700/4 135/701/4 74/12/4
f 76/8/4 143/702/4 124/703/4
f 76/8/4 124/703/4 130/704/4
f 133/705/4 134/700/4 74/12/4
f 132/706/4 133/705/4 74/12/4
f 76/8/4 130/704/4 131/707/4
f 76/8/4 131/707/4 128/708/4
f 129/709/4 132/706/4 74/12/4
f 127/710/4 129/709/4 74/12/4
f 74/12/4 76/8/4 128/708/4
f 74/12/4 128/708/4 126/13/4
f 125/14/4 127/710/4 74/12/4
f 142/711/4 143/702/4 76/8/4
f 74/12/4 135/701/4 119/712/4
f 74/12/4 119/712/4 120/713/4
f 140/714/4 142/711/4 76/8/4
f 141/715/4 140/714/4 76/8/4
f 78/15/4 74/12/4 120/713/4
f 78/15/4 120/713/4 118/716/4
f 141/715/4 76/8/4 80/442/4
f 144/717/4 141/715/4 80/442/4
f 78/15/4 118/716/4 121/718/4
f 78/15/4 121/718/4 123/719/4
f 144/717/4 80/442/4 78/15/4
f 137/720/4 144/717/4 78/15/4
f 78/15/4 123/719/4 122/721/4
f 78/15/4 122/721/4 117/722/4
f 138/723/4 137/720/4 78/15/4
f 139/724/4 138/723/4 78/15/4
f 78/15/4 117/722/4 116/725/4
f 78/15/4 116/725/4 115/726/4
f 136/727/4 139/724/4 78/15/4
f 114/17/4 136/727/4 78/15/4
f 78/15/4 115/726/4 113/16/4
f 73/18/5 75/4/5 76/8/5
f 77/19/6 73/18/6 74/12/6
f 87/20/7 89/20/8 120/20/8
f 88/20/9 87/20/7 119/20/7
f 88/20/9 135/20/9 134/20/10
f 111/20/10 134/20/10 133/20/11
f 110/20/11 133/20/11 132/20/12
f 109/20/12 132/20/12 129/20/13
f 105/20/13 129/20/13 127/20/14
f 103/20/14 127/20/14 125/20/3
f 101/20/3 125/20/3 126/20/15
f 102/20/15 126/20/15 128/20/16
f 104/20/16 128/20/16 131/20/17
f 108/20/17 131/20/17 130/20/18
f 107/20/18 130/20/18 124/20/19
f 106/20/19 124/20/19 143/20/20
f 112/20/20 143/20/20 142/20/21
f 96/20/21 142/20/21 140/20/22
f 97/20/23 140/20/23 141/20/24
f 98/20/24 141/20/24 144/20/25
f 99/20/26 95/20/25 144/20/25
f 100/20/27 99/20/26 137/20/26
f 93/20/28 100/20/27 138/20/27
f 94/20/29 93/20/28 139/20/28
f 91/20/30 94/20/29 136/20/29
f 90/20/5 91/20/30 114/20/30
f 92/20/31 90/20/5 113/20/5
f 81/20/32 92/20/31 115/20/31
f 82/20/33 81/20/32 116/20/32
f 83/20/34 82/20/33 117/20/33
f 84/20/35 83/20/34 122/20/34
f 85/20/36 84/20/35 123/20/35
f 86/20/37 85/20/36 121/20/36
f 89/20/38 86/20/37 118/20/37
usemtl マテリアル
f 149/21/39 147/22/40 145/23/39
f 150/24/41 146/25/41 147/22/41
f 164/26/42 168/7/42 166/27/42
f 165/9/43 167/28/44 168/11/43
f 155/29/45 153/30/45 151/31/45
f 156/32/46 152/33/47 153/30/46
f 161/34/48 159/19/48 157/35/48
f 162/10/49 158/36/50 159/19/49
f 157/35/6 148/37/6 161/34/6
f 145/23/39 154/38/47 149/21/39
f 157/39/1 165/40/1 152/33/1
f 148/37/4 156/32/4 167/41/4
f 151/31/2 166/27/2 155/29/2
f 163/42/44 160/43/50 167/28/44
f 181/44/51 170/45/52 169/46/52
f 182/47/53 171/48/54 170/45/55
f 183/49/56 172/50/57 171/48/54
f 184/51/58 173/52/59 172/50/57
f 185/53/60 174/54/61 173/52/59
f 186/55/62 175/56/63 174/54/63
f 175/57/64 188/58/65 176/59/64
f 176/59/66 189/60/67 177/61/68
f 177/61/68 190/62/69 178/63/70
f 178/63/70 191/64/71 179/65/72
f 179/65/72 192/66/73 180/67/74
f 180/67/75 181/44/76 169/46/75
f 193/68/77 182/47/78 181/44/51
f 194/69/79 183/49/56 182/47/53
f 195/70/80 184/51/58 183/49/56
f 196/71/81 185/53/60 184/51/58
f 197/72/82 186/55/83 185/53/60
f 198/73/84 187/74/85 186/55/62
f 187/75/86 200/76/87 188/58/65
f 188/58/88 201/77/89 189/60/67
f 189/60/67 202/78/90 190/62/69
f 190/62/69 203/79/91 191/64/71
f 191/64/71 204/80/92 192/66/73
f 192/66/93 193/68/77 181/44/76
f 205/81/94 194/69/79 193/68/77
f 206/82/95 195/70/80 194/69/79
f 207/83/96 196/71/81 195/70/80
f 208/84/97 197/72/82 196/71/81
f 209/85/98 198/73/84 197/72/82
f 210/86/99 199/87/100 198/73/84
f 199/88/100 212/89/101 200/76/87
f 200/76/87 213/90/102 201/77/89
f 201/77/89 214/91/103 202/78/90
f 202/78/90 215/92/104 203/79/91
f 203/79/91 216/93/105 204/80/92
f 204/80/92 205/81/94 193/68/77
f 217/94/106 206/82/95 205/81/94
f 218/95/107 207/83/108 206/82/95
f 219/96/109 208/84/110 207/83/96
f 220/97/111 209/85/112 208/84/97
f 221/98/113 210/86/99 209/85/98
f 222/99/114 211/100/115 210/86/99
f 211/101/115 224/102/116 212/89/101
f 212/89/101 225/103/117 213/90/102
f 213/90/118 226/104/119 214/91/103
f 214/91/120 227/105/121 215/92/104
f 215/92/122 228/106/123 216/93/105
f 216/93/105 217/94/106 205/81/94
f 229/107/124 218/95/107 217/94/106
f 230/108/125 219/96/126 218/95/107
f 231/109/127 220/97/128 219/96/109
f 232/110/129 221/98/130 220/97/111
f 233/111/131 222/99/114 221/98/113
f 234/112/132 223/113/133 222/99/114
f 223/114/133 236/115/134 224/102/116
f 224/102/116 237/116/135 225/103/117
f 225/103/136 238/117/137 226/104/119
f 226/104/138 239/118/139 227/105/121
f 227/105/140 240/119/141 228/106/123
f 228/106/123 229/107/124 217/94/106
f 241/18/142 230/108/125 229/107/124
f 242/120/143 231/109/144 230/108/125
f 243/121/145 232/110/146 231/109/127
f 244/4/147 233/111/148 232/110/129
f 245/122/149 234/112/132 233/111/131
f 246/123/150 235/124/151 234/112/132
f 235/125/151 248/126/152 236/115/134
f 236/115/134 249/127/153 237/116/135
f 237/116/154 250/19/155 238/117/137
f 238/117/156 251/128/157 239/118/139
f 239/118/158 252/129/159 240/119/141
f 240/119/141 241/18/142 229/107/124
f 253/130/160 242/120/143 241/18/142
f 254/131/161 243/121/162 242/120/143
f 255/132/163 244/4/164 243/121/145
f 256/133/165 245/122/166 244/4/147
f 257/134/167 246/123/150 245/122/149
f 258/135/168 247/136/169 246/123/150
f 247/137/169 260/138/170 248/126/152
f 248/126/152 261/139/171 249/127/153
f 249/127/172 262/140/173 250/19/155
f 250/19/174 263/141/175 251/128/157
f 251/128/176 264/142/177 252/129/159
f 252/129/159 253/130/160 241/18/142
f 265/143/178 254/131/161 253/130/160
f 266/144/179 255/132/180 254/131/161
f 267/145/181 256/133/182 255/132/163
f 268/146/183 257/134/184 256/133/165
f 269/147/185 258/135/168 257/134/167
f 270/148/186 259/149/187 258/135/168
f 259/150/187 272/151/188 260/138/170
f 260/138/170 273/152/189 261/139/171
f 261/139/190 274/153/191 262/140/173
f 262/140/192 275/154/193 263/141/175
f 263/141/194 276/155/195 264/142/177
f 264/142/177 265/143/178 253/130/160
f 277/156/196 266/144/179 265/143/178
f 278/157/197 267/145/198 266/144/179
f 279/158/199 268/146/200 267/145/181
f 280/159/201 269/147/202 268/146/183
f 281/160/203 270/148/186 269/147/185
f 282/161/204 271/162/205 270/148/186
f 271/163/205 284/164/206 272/151/188
f 272/151/188 285/165/207 273/152/189
f 273/152/208 286/166/209 274/153/191
f 274/153/210 287/167/211 275/154/193
f 275/154/212 288/168/213 276/155/195
f 276/155/195 277/156/196 265/143/178
f 289/169/214 278/157/197 277/156/196
f 290/170/215 279/158/216 278/157/197
f 291/171/217 280/159/218 279/158/199
f 292/172/219 281/160/220 280/159/201
f 293/173/221 282/161/204 281/160/203
f 294/174/222 283/175/223 282/161/204
f 283/176/223 296/177/224 284/164/206
f 284/164/206 297/178/225 285/165/207
f 285/165/226 298/179/227 286/166/209
f 286/166/228 299/180/229 287/167/211
f 287/167/230 300/181/231 288/168/213
f 288/168/213 289/169/214 277/156/196
f 301/182/232 290/170/215 289/169/214
f 302/183/233 291/171/234 290/170/215
f 303/184/235 292/172/236 291/171/217
f 304/185/237 293/173/238 292/172/219
f 305/186/239 294/174/222 293/173/221
f 306/187/240 295/188/241 294/174/222
f 295/189/241 308/190/242 296/177/224
f 296/177/224 309/191/243 297/178/225
f 297/178/244 310/192/245 298/179/227
f 298/179/246 311/193/247 299/180/229
f 299/180/248 312/194/249 300/181/231
f 300/181/231 301/182/232 289/169/214
f 313/195/5 302/183/233 301/182/232
f 314/196/250 303/184/251 302/183/233
f 315/197/252 304/185/253 303/184/235
f 316/198/254 305/186/255 304/185/237
f 317/199/256 306/187/240 305/186/239
f 318/200/257 307/201/258 306/187/240
f 307/202/258 320/203/259 308/190/242
f 308/190/242 321/204/260 309/191/243
f 309/191/261 322/205/262 310/192/245
f 310/192/263 323/206/264 311/193/247
f 311/193/265 324/207/266 312/194/249
f 312/194/249 313/195/5 301/182/232
f 313/195/5 326/208/267 314/196/250
f 314/196/250 327/209/268 315/197/269
f 315/197/252 328/210/270 316/198/252
f 316/198/254 329/211/271 317/199/254
f 317/199/256 330/212/272 318/200/257
f 318/200/257 331/213/273 319/214/3
f 331/215/273 320/203/259 319/216/3
f 332/217/274 321/204/260 320/203/259
f 333/218/275 322/205/262 321/204/262
f 334/219/276 323/206/264 322/205/264
f 335/220/277 324/207/266 323/206/278
f 336/221/279 313/195/5 324/207/266
f 325/222/280 338/223/281 326/208/267
f 326/208/267 339/224/282 327/209/268
f 327/209/283 340/225/284 328/210/270
f 328/210/285 341/226/286 329/211/271
f 329/211/287 342/227/288 330/212/272
f 330/212/272 343/228/289 331/213/273
f 343/229/289 332/217/274 331/215/273
f 344/230/290 333/218/291 332/217/274
f 345/231/292 334/219/293 333/218/275
f 346/232/294 335/220/295 334/219/276
f 347/233/296 336/221/279 335/220/277
f 348/234/297 325/222/280 336/221/279
f 337/235/298 350/236/299 338/223/281
f 338/223/281 351/237/300 339/224/282
f 339/224/301 352/238/302 340/225/284
f 340/225/303 353/239/304 341/226/286
f 341/226/305 354/240/306 342/227/288
f 342/227/288 355/241/307 343/228/289
f 355/242/307 344/230/290 343/229/289
f 356/243/308 345/231/309 344/230/290
f 357/244/310 346/232/311 345/231/292
f 358/245/312 347/233/313 346/232/294
f 359/246/314 348/234/297 347/233/296
f 360/247/315 337/235/298 348/234/297
f 349/248/316 362/249/317 350/236/299
f 350/236/299 363/250/318 351/237/300
f 351/237/319 364/251/320 352/238/302
f 352/238/321 365/252/322 353/239/304
f 353/239/323 366/253/324 354/240/306
f 354/240/306 367/254/325 355/241/307
f 367/255/325 356/243/308 355/242/307
f 368/256/326 357/244/327 356/243/308
f 369/257/328 358/245/329 357/244/310
f 370/258/330 359/246/331 358/245/312
f 371/259/332 360/247/315 359/246/314
f 372/260/333 349/248/316 360/247/315
f 361/261/334 374/262/335 362/249/317
f 362/249/317 375/263/336 363/250/318
f 363/250/337 376/264/338 364/251/320
f 364/251/339 377/265/340 365/252/322
f 365/252/341 378/266/342 366/253/324
f 366/253/324 379/267/343 367/254/325
f 379/268/343 368/256/326 367/255/325
f 380/269/344 369/257/345 368/256/326
f 381/270/346 370/258/347 369/257/328
f 382/271/348 371/259/349 370/258/330
f 383/272/350 372/260/333 371/259/332
f 384/273/351 361/261/334 372/260/333
f 373/274/352 386/275/353 374/262/335
f 374/262/335 387/276/354 375/263/336
f 375/263/355 388/1/356 376/264/338
f 376/264/357 389/277/358 377/265/340
f 377/265/359 390/278/360 378/266/342
f 378/266/342 391/279/361 379/267/343
f 391/280/361 380/269/344 379/268/343
f 392/281/362 381/270/363 380/269/344
f 393/282/364 382/271/365 381/270/346
f 394/283/366 383/272/367 382/271/348
f 395/284/368 384/273/351 383/272/350
f 396/285/369 373/274/352 384/273/351
f 385/286/370 398/287/371 386/275/353
f 386/275/353 399/288/372 387/276/354
f 387/276/373 400/289/374 388/1/356
f 388/1/375 401/290/376 389/277/358
f 389/277/377 402/291/378 390/278/360
f 390/278/360 403/292/379 391/279/361
f 403/293/379 392/281/362 391/280/361
f 404/294/380 393/282/381 392/281/362
f 405/295/382 394/283/383 393/282/364
f 406/296/384 395/284/385 394/283/366
f 407/297/386 396/285/369 395/284/368
f 408/298/387 385/286/370 396/285/369
f 397/299/388 410/300/389 398/287/371
f 398/287/371 411/301/390 399/288/372
f 399/288/391 412/302/392 400/289/374
f 400/289/393 413/303/394 401/290/376
f 401/290/395 414/304/396 402/291/378
f 402/291/378 415/305/397 403/292/379
f 415/306/397 404/294/380 403/293/379
f 416/307/398 405/295/399 404/294/380
f 417/308/400 406/296/401 405/295/382
f 418/309/402 407/297/403 406/296/384
f 419/310/404 408/298/387 407/297/386
f 420/311/405 397/299/388 408/298/387
f 409/312/406 422/313/407 410/300/389
f 410/300/389 423/314/408 411/301/390
f 411/301/409 424/315/410 412/302/392
f 412/302/411 425/316/412 413/303/394
f 413/303/413 426/317/414 414/304/396
f 414/304/396 427/318/415 415/305/397
f 427/319/415 416/307/398 415/306/397
f 428/320/416 417/308/417 416/307/398
f 429/321/418 418/309/419 417/308/400
f 430/322/420 419/310/421 418/309/402
f 431/323/422 420/311/405 419/310/404
f 432/324/423 409/312/406 420/311/405
f 421/325/424 434/326/425 422/313/407
f 422/313/407 435/327/426 423/314/408
f 423/314/427 436/328/428 424/315/410
f 424/315/429 437/329/430 425/316/412
f 425/316/431 438/330/432 426/317/414
f 426/317/414 439/331/433 427/318/415
f 439/332/433 428/320/416 427/319/415
f 440/333/434 429/321/435 428/320/416
f 441/334/436 430/322/437 429/321/418
f 442/335/438 431/323/439 430/322/420
f 443/336/440 432/324/423 431/323/422
f 444/337/441 421/325/424 432/324/423
f 433/338/442 446/339/443 434/326/425
f 434/326/425 447/340/444 435/327/426
f 435/327/426 448/341/445 436/328/428
f 436/328/428 449/342/446 437/329/430
f 437/329/430 450/343/447 438/330/432
f 438/330/432 451/344/448 439/331/433
f 451/345/449 440/333/434 439/332/433
f 452/346/450 441/334/436 440/333/434
f 453/347/451 442/335/438 441/334/436
f 454/348/452 443/336/440 442/335/438
f 455/349/453 444/337/441 443/336/440
f 456/350/454 433/338/442 444/337/441
f 445/351/455 458/352/456 446/339/443
f 446/339/457 459/353/458 447/340/444
f 447/340/444 460/354/459 448/341/445
f 448/341/445 461/355/460 449/342/446
f 449/342/446 462/356/55 450/343/447
f 450/343/461 463/357/462 451/344/448
f 463/358/463 452/346/464 451/345/449
f 464/359/74 453/347/451 452/346/450
f 465/360/465 454/348/452 453/347/451
f 466/361/466 455/349/453 454/348/452
f 467/362/467 456/350/468 455/349/453
f 468/363/469 445/351/470 456/350/454
f 469/364/62 458/365/63 457/366/63
f 470/367/471 459/368/458 458/365/61
f 471/369/472 460/370/459 459/368/458
f 472/371/473 461/372/460 460/370/459
f 473/373/474 462/374/55 461/372/460
f 474/375/51 463/376/52 462/374/52
f 463/377/75 476/378/76 464/379/75
f 464/379/74 477/380/475 465/381/465
f 465/381/465 478/382/476 466/383/466
f 466/383/466 479/384/477 467/385/467
f 467/385/467 480/386/478 468/387/66
f 468/387/64 469/364/65 457/366/64
f 481/388/479 470/367/85 469/364/62
f 482/389/480 471/369/472 470/367/471
f 483/390/481 472/371/473 471/369/472
f 484/391/482 473/373/474 472/371/473
f 485/392/483 474/375/484 473/373/474
f 486/393/485 475/394/78 474/375/51
f 475/395/93 488/396/486 476/378/76
f 476/378/487 489/397/488 477/380/475
f 477/380/475 490/398/489 478/382/476
f 478/382/476 491/399/490 479/384/477
f 479/384/477 492/400/491 480/386/478
f 480/386/86 481/388/479 469/364/65
f 493/401/492 482/389/480 481/388/479
f 494/402/493 483/390/481 482/389/480
f 495/403/97 484/391/482 483/390/481
f 496/404/96 485/392/483 484/391/482
f 497/405/494 486/393/485 485/392/483
f 498/406/495 487/407/496 486/393/485
f 487/408/496 500/409/497 488/396/486
f 488/396/486 501/410/498 489/397/488
f 489/397/488 502/411/104 490/398/489
f 490/398/489 503/412/103 491/399/490
f 491/399/490 504/413/499 492/400/491
f 492/400/491 493/401/492 481/388/479
f 505/414/500 494/402/493 493/401/492
f 506/415/501 495/403/502 494/402/493
f 507/416/111 496/404/112 495/403/97
f 508/417/109 497/405/110 496/404/96
f 509/418/503 498/406/495 497/405/494
f 510/419/504 499/420/505 498/406/495
f 499/421/505 512/422/506 500/409/497
f 500/409/497 513/423/507 501/410/498
f 501/410/120 514/424/121 502/411/104
f 502/411/118 515/425/119 503/412/103
f 503/412/508 516/426/509 504/413/499
f 504/413/499 505/414/500 493/401/492
f 517/427/510 506/415/501 505/414/500
f 518/428/511 507/416/512 506/415/501
f 519/429/129 508/417/130 507/416/111
f 520/430/127 509/418/128 508/417/109
f 521/431/513 510/419/504 509/418/503
f 522/432/514 511/433/515 510/419/504
f 511/434/515 524/435/516 512/422/506
f 512/422/506 525/436/517 513/423/507
f 513/423/138 526/437/139 514/424/121
f 514/424/136 527/438/137 515/425/119
f 515/425/518 528/439/519 516/426/509
f 516/426/509 517/427/510 505/414/500
f 529/15/520 518/428/511 517/427/510
f 530/440/521 519/429/522 518/428/511
f 531/441/147 520/430/148 519/429/129
f 532/442/145 521/431/146 520/430/127
f 533/443/523 522/432/514 521/431/513
f 534/444/524 523/445/525 522/432/514
f 523/446/525 536/447/526 524/435/516
f 524/435/516 537/448/527 525/436/517
f 525/436/156 538/449/157 526/437/139
f 526/437/154 539/450/155 527/438/137
f 527/438/528 540/451/529 528/439/519
f 528/439/519 529/15/520 517/427/510
f 541/452/530 530/440/521 529/15/520
f 542/453/531 531/441/532 530/440/521
f 543/454/165 532/442/166 531/441/147
f 544/455/163 533/443/164 532/442/145
f 545/456/533 534/444/524 533/443/523
f 546/457/534 535/458/535 534/444/524
f 535/459/535 548/460/536 536/447/526
f 536/447/526 549/461/537 537/448/527
f 537/448/174 550/462/175 538/449/157
f 538/449/172 551/463/173 539/450/155
f 539/450/538 552/464/539 540/451/529
f 540/451/529 541/452/530 529/15/520
f 553/465/540 542/453/531 541/452/530
f 554/466/541 543/454/542 542/453/531
f 555/467/183 544/455/184 543/454/165
f 556/468/181 545/456/182 544/455/163
f 557/469/543 546/457/534 545/456/533
f 558/470/544 547/471/545 546/457/534
f 547/472/545 560/473/546 548/460/536
f 548/460/536 561/474/547 549/461/537
f 549/461/192 562/475/193 550/462/175
f 550/462/190 563/476/191 551/463/173
f 551/463/548 564/477/549 552/464/539
f 552/464/539 553/465/540 541/452/530
f 565/478/550 554/466/541 553/465/540
f 566/479/551 555/467/552 554/466/541
f 567/480/201 556/468/202 555/467/183
f 568/481/199 557/469/200 556/468/181
f 569/482/553 558/470/544 557/469/543
f 570/483/554 559/484/555 558/470/544
f 559/485/555 572/486/556 560/473/546
f 560/473/546 573/487/557 561/474/547
f 561/474/210 574/488/211 562/475/193
f 562/475/208 575/489/209 563/476/191
f 563/476/558 576/490/559 564/477/549
f 564/477/549 565/478/550 553/465/540
f 577/491/560 566/479/551 565/478/550
f 578/492/561 567/480/562 566/479/551
f 579/493/219 568/481/220 567/480/201
f 580/494/217 569/482/218 568/481/199
f 581/495/563 570/483/554 569/482/553
f 582/496/564 571/497/565 570/483/554
f 571/498/565 584/499/566 572/486/556
f 572/486/556 585/500/567 573/487/557
f 573/487/228 586/501/229 574/488/211
f 574/488/226 587/502/227 575/489/209
f 575/489/568 588/503/569 576/490/559
f 576/490/559 577/491/560 565/478/550
f 589/504/570 578/492/561 577/491/560
f 590/505/571 579/493/572 578/492/561
f 591/506/237 580/494/238 579/493/219
f 592/507/235 581/495/236 580/494/217
f 593/508/573 582/496/564 581/495/563
f 594/509/574 583/510/575 582/496/564
f 583/511/575 596/512/576 584/499/566
f 584/499/566 597/513/577 585/500/567
f 585/500/246 598/514/247 586/501/229
f 586/501/244 599/515/245 587/502/227
f 587/502/578 600/516/579 588/503/569
f 588/503/569 589/504/570 577/491/560
f 601/517/3 590/505/571 589/504/570
f 602/518/580 591/506/581 590/505/571
f 603/519/254 592/507/255 591/506/237
f 604/520/252 593/508/253 592/507/235
f 605/521/269 594/509/574 593/508/573
f 606/522/582 595/523/583 594/509/574
f 595/524/583 608/525/584 596/512/576
f 596/512/576 609/526/278 597/513/577
f 597/513/263 610/527/264 598/514/247
f 598/514/261 611/528/262 599/515/245
f 599/515/585 612/529/586 600/516/579
f 600/516/579 601/517/3 589/504/570
f 601/517/3 614/530/587 602/518/580
f 602/518/580 615/531/588 603/519/256
f 603/519/254 616/532/271 604/520/254
f 604/520/252 617/533/270 605/521/252
f 605/521/269 618/534/589 606/522/582
f 606/522/582 619/535/590 607/536/5
f 619/537/590 608/525/584 607/538/5
f 620/539/591 609/526/278 608/525/584
f 621/540/276 610/527/264 609/526/264
f 622/541/275 611/528/262 610/527/262
f 623/542/592 612/529/586 611/528/260
f 624/543/593 601/517/3 612/529/586
f 613/544/594 626/545/595 614/530/587
f 614/530/587 627/546/596 615/531/588
f 615/531/285 628/547/286 616/532/271
f 616/532/283 629/548/284 617/533/270
f 617/533/597 630/549/598 618/534/589
f 618/534/589 631/550/599 619/535/590
f 631/551/599 620/539/591 619/537/590
f 632/552/600 621/540/601 620/539/591
f 633/553/294 622/541/295 621/540/276
f 634/554/292 623/542/293 622/541/275
f 635/555/602 624/543/593 623/542/592
f 636/556/603 613/544/594 624/543/593
f 625/557/604 638/558/605 626/545/595
f 626/545/595 639/559/606 627/546/596
f 627/546/303 640/560/304 628/547/286
f 628/547/301 641/561/302 629/548/284
f 629/548/607 642/562/608 630/549/598
f 630/549/598 643/563/609 631/550/599
f 643/564/609 632/552/600 631/551/599
f 644/565/610 633/553/611 632/552/600
f 645/566/312 634/554/313 633/553/294
f 646/567/310 635/555/311 634/554/292
f 647/568/612 636/556/603 635/555/602
f 648/569/613 625/557/604 636/556/603
f 637/570/614 650/571/615 638/558/605
f 638/558/605 651/572/616 639/559/606
f 639/559/321 652/573/322 640/560/304
f 640/560/319 653/574/320 641/561/302
f 641/561/617 654/575/618 642/562/608
f 642/562/608 655/576/619 643/563/609
f 655/577/619 644/565/610 643/564/609
f 656/578/620 645/566/621 644/565/610
f 657/579/330 646/567/331 645/566/312
f 658/580/328 647/568/329 646/567/310
f 659/581/622 648/569/613 647/568/612
f 660/582/623 637/570/614 648/569/613
f 649/583/624 662/584/625 650/571/615
f 650/571/615 663/585/626 651/572/616
f 651/572/339 664/586/340 652/573/322
f 652/573/337 665/587/338 653/574/320
f 653/574/627 666/588/628 654/575/618
f 654/575/618 667/589/629 655/576/619
f 667/590/629 656/578/620 655/577/619
f 668/591/630 657/579/631 656/578/620
f 669/592/348 658/580/349 657/579/330
f 670/593/346 659/581/347 658/580/328
f 671/594/632 660/582/623 659/581/622
f 672/595/633 649/583/624 660/582/623
f 661/596/634 674/597/635 662/584/625
f 662/584/625 675/598/636 663/585/626
f 663/585/357 676/8/358 664/586/340
f 664/586/355 677/599/356 665/587/338
f 665/587/637 678/600/638 666/588/628
f 666/588/628 679/7/639 667/589/629
f 679/601/639 668/591/630 667/590/629
f 680/602/640 669/592/641 668/591/630
f 681/603/366 670/593/367 669/592/348
f 682/10/364 671/594/365 670/593/346
f 683/604/642 672/595/633 671/594/632
f 684/605/643 661/596/634 672/595/633
f 673/12/644 686/606/645 674/597/635
f 674/597/635 687/607/646 675/598/636
f 675/598/375 688/608/376 676/8/358
f 676/8/373 689/609/374 677/599/356
f 677/599/647 690/610/648 678/600/638
f 678/600/638 691/611/649 679/7/639
f 691/612/649 680/602/640 679/601/639
f 692/613/650 681/603/651 680/602/640
f 693/614/384 682/10/385 681/603/366
f 694/615/382 683/604/383 682/10/364
f 695/616/652 684/605/643 683/604/642
f 696/617/653 673/12/644 684/605/643
f 685/618/654 698/619/655 686/606/645
f 686/606/645 699/620/656 687/607/646
f 687/607/393 700/621/394 688/608/376
f 688/608/391 701/622/392 689/609/374
f 689/609/657 702/623/658 690/610/648
f 690/610/648 703/624/659 691/611/649
f 703/625/659 692/613/650 691/612/649
f 704/626/660 693/614/661 692/613/650
f 705/627/402 694/615/403 693/614/384
f 706/628/400 695/616/401 694/615/382
f 707/629/662 696/617/653 695/616/652
f 708/630/663 685/618/654 696/617/653
f 697/631/664 710/632/665 698/619/655
f 698/619/655 711/633/666 699/620/656
f 699/620/411 712/634/412 700/621/394
f 700/621/409 713/635/410 701/622/392
f 701/622/667 714/636/668 702/623/658
f 702/623/658 715/637/669 703/624/659
f 715/638/669 704/626/660 703/625/659
f 716/639/670 705/627/671 704/626/660
f 717/640/420 706/628/421 705/627/402
f 718/641/418 707/629/419 706/628/400
f 719/642/672 708/630/663 707/629/662
f 720/643/673 697/631/664 708/630/663
f 709/644/674 722/645/675 710/632/665
f 710/632/665 723/646/676 711/633/666
f 711/633/429 724/647/677 712/634/412
f 712/634/427 725/648/678 713/635/410
f 713/635/679 726/649/680 714/636/668
f 714/636/668 727/650/681 715/637/669
f 727/651/681 716/639/670 715/638/669
f 728/652/682 717/640/683 716/639/670
f 729/653/684 718/641/439 717/640/420
f 730/654/685 719/642/437 718/641/418
f 731/655/686 720/643/673 719/642/672
f 732/656/687 709/644/674 720/643/673
f 721/657/688 734/658/448 722/645/675
f 722/645/675 735/659/689 723/646/676
f 723/646/676 736/660/690 724/647/677
f 724/647/677 737/661/691 725/648/678
f 725/648/678 738/662/692 726/649/680
f 726/649/680 739/663/443 727/650/681
f 739/664/454 728/652/682 727/651/681
f 740/665/693 729/653/684 728/652/682
f 741/666/694 730/654/685 729/653/684
f 742/667/695 731/655/686 730/654/685
f 743/668/696 732/656/687 731/655/686
f 744/669/449 721/657/688 732/656/687
f 733/670/461 170/45/462 734/658/448
f 734/658/697 171/48/54 735/659/689
f 735/659/689 172/50/57 736/660/690
f 736/660/690 173/52/59 737/661/691
f 737/661/691 174/54/61 738/662/692
f 738/662/455 175/56/456 739/663/443
f 175/57/469 740/665/470 739/664/454
f 176/59/66 741/666/694 740/665/693
f 177/61/68 742/667/695 741/666/694
f 178/63/70 743/668/696 742/667/695
f 179/65/72 744/669/698 743/668/696
f 180/67/463 733/670/464 744/669/449
f 149/21/39 150/24/40 147/22/40
f 150/24/41 148/37/41 146/25/41
f 164/26/42 165/136/42 168/7/42
f 165/9/43 163/42/44 167/28/44
f 155/29/45 156/32/45 153/30/45
f 156/32/46 154/38/47 152/33/47
f 161/34/48 162/10/48 159/19/48
f 162/10/49 160/43/50 158/36/50
f 157/35/6 146/25/6 148/37/6
f 145/23/39 152/33/47 154/38/47
f 152/33/1 145/23/1 147/22/1
f 147/22/1 146/25/1 157/39/1
f 157/39/1 159/728/1 158/729/1
f 158/729/1 163/730/1 165/40/1
f 165/40/1 164/731/1 151/31/1
f 151/31/1 153/30/1 152/33/1
f 152/33/1 147/22/1 157/39/1
f 157/39/1 158/729/1 165/40/1
f 165/40/1 151/31/1 152/33/1
f 167/41/4 160/732/4 162/733/4
f 162/733/4 161/734/4 148/37/4
f 148/37/4 150/24/4 149/21/4
f 149/21/4 154/38/4 156/32/4
f 156/32/4 155/29/4 166/735/4
f 166/735/4 168/736/4 167/41/4
f 167/41/4 162/733/4 148/37/4
f 148/37/4 149/21/4 156/32/4
f 156/32/4 166/735/4 167/41/4
f 151/31/2 164/26/2 166/27/2
f 163/42/44 158/36/50 160/43/50
f 181/44/51 182/47/78 170/45/52
f 182/47/53 183/49/56 171/48/54
f 183/49/56 184/51/58 172/50/57
f 184/51/58 185/53/60 173/52/59
f 185/53/60 186/55/83 174/54/61
f 186/55/62 187/74/85 175/56/63
f 175/57/64 187/75/86 188/58/65
f 176/59/66 188/58/88 189/60/67
f 177/61/68 189/60/67 190/62/69
f 178/63/70 190/62/69 191/64/71
f 179/65/72 191/64/71 192/66/73
f 180/67/75 192/66/93 181/44/76
f 193/68/77 194/69/79 182/47/78
f 194/69/79 195/70/80 183/49/56
f 195/70/80 196/71/81 184/51/58
f 196/71/81 197/72/82 185/53/60
f 197/72/82 198/73/84 186/55/83
f 198/73/84 199/87/100 187/74/85
f 187/75/86 199/88/100 200/76/87
f 188/58/88 200/76/87 201/77/89
f 189/60/67 201/77/89 202/78/90
f 190/62/69 202/78/90 203/79/91
f 191/64/71 203/79/91 204/80/92
f 192/66/93 204/80/92 193/68/77
f 205/81/94 206/82/95 194/69/79
f 206/82/95 207/83/108 195/70/80
f 207/83/96 208/84/110 196/71/81
f 208/84/97 209/85/112 197/72/82
f 209/85/98 210/86/99 198/73/84
f 210/86/99 211/100/115 199/87/100
f 199/88/100 211/101/115 212/89/101
f 200/76/87 212/89/101 213/90/102
f 201/77/89 213/90/118 214/91/103
f 202/78/90 214/91/120 215/92/104
f 203/79/91 215/92/122 216/93/105
f 204/80/92 216/93/105 205/81/94
f 217/94/106 218/95/107 206/82/95
f 218/95/107 219/96/126 207/83/108
f 219/96/109 220/97/128 208/84/110
f 220/97/111 221/98/130 209/85/112
f 221/98/113 222/99/114 210/86/99
f 222/99/114 223/113/133 211/100/115
f 211/101/115 223/114/133 224/102/116
f 212/89/101 224/102/116 225/103/117
f 213/90/118 225/103/136 226/104/119
f 214/91/120 226/104/138 227/105/121
f 215/92/122 227/105/140 228/106/123
f 216/93/105 228/106/123 217/94/106
f 229/107/124 230/108/125 218/95/107
f 230/108/125 231/109/144 219/96/126
f 231/109/127 232/110/146 220/97/128
f 232/110/129 233/111/148 221/98/130
f 233/111/131 234/112/132 222/99/114
f 234/112/132 235/124/151 223/113/133
f 223/114/133 235/125/151 236/115/134
f 224/102/116 236/115/134 237/116/135
f 225/103/136 237/116/154 238/117/137
f 226/104/138 238/117/156 239/118/139
f 227/105/140 239/118/158 240/119/141
f 228/106/123 240/119/141 229/107/124
f 241/18/142 242/120/143 230/108/125
f 242/120/143 243/121/162 231/109/144
f 243/121/145 244/4/164 232/110/146
f 244/4/147 245/122/166 233/111/148
f 245/122/149 246/123/150 234/112/132
f 246/123/150 247/136/169 235/124/151
f 235/125/151 247/137/169 248/126/152
f 236/115/134 248/126/152 249/127/153
f 237/116/154 249/127/172 250/19/155
f 238/117/156 250/19/174 251/128/157
f 239/118/158 251/128/176 252/129/159
f 240/119/141 252/129/159 241/18/142
f 253/130/160 254/131/161 242/120/143
f 254/131/161 255/132/180 243/121/162
f 255/132/163 256/133/182 244/4/164
f 256/133/165 257/134/184 245/122/166
f 257/134/167 258/135/168 246/123/150
f 258/135/168 259/149/187 247/136/169
f 247/137/169 259/150/187 260/138/170
f 248/126/152 260/138/170 261/139/171
f 249/127/172 261/139/190 262/140/173
f 250/19/174 262/140/192 263/141/175
f 251/128/176 263/141/194 264/142/177
f 252/129/159 264/142/177 253/130/160
f 265/143/178 266/144/179 254/131/161
f 266/144/179 267/145/198 255/132/180
f 267/145/181 268/146/200 256/133/182
f 268/146/183 269/147/202 257/134/184
f 269/147/185 270/148/186 258/135/168
f 270/148/186 271/162/205 259/149/187
f 259/150/187 271/163/205 272/151/188
f 260/138/170 272/151/188 273/152/189
f 261/139/190 273/152/208 274/153/191
f 262/140/192 274/153/210 275/154/193
f 263/141/194 275/154/212 276/155/195
f 264/142/177 276/155/195 265/143/178
f 277/156/196 278/157/197 266/144/179
f 278/157/197 279/158/216 267/145/198
f 279/158/199 280/159/218 268/146/200
f 280/159/201 281/160/220 269/147/202
f 281/160/203 282/161/204 270/148/186
f 282/161/204 283/175/223 271/162/205
f 271/163/205 283/176/223 284/164/206
f 272/151/188 284/164/206 285/165/207
f 273/152/208 285/165/226 286/166/209
f 274/153/210 286/166/228 287/167/211
f 275/154/212 287/167/230 288/168/213
f 276/155/195 288/168/213 277/156/196
f 289/169/214 290/170/215 278/157/197
f 290/170/215 291/171/234 279/158/216
f 291/171/217 292/172/236 280/159/218
f 292/172/219 293/173/238 281/160/220
f 293/173/221 294/174/222 282/161/204
f 294/174/222 295/188/241 283/175/223
f 283/176/223 295/189/241 296/177/224
f 284/164/206 296/177/224 297/178/225
f 285/165/226 297/178/244 298/179/227
f 286/166/228 298/179/246 299/180/229
f 287/167/230 299/180/248 300/181/231
f 288/168/213 300/181/231 289/169/214
f 301/182/232 302/183/233 290/170/215
f 302/183/233 303/184/251 291/171/234
f 303/184/235 304/185/253 292/172/236
f 304/185/237 305/186/255 293/173/238
f 305/186/239 306/187/240 294/174/222
f 306/187/240 307/201/258 295/188/241
f 295/189/241 307/202/258 308/190/242
f 296/177/224 308/190/242 309/191/243
f 297/178/244 309/191/261 310/192/245
f 298/179/246 310/192/263 311/193/247
f 299/180/248 311/193/265 312/194/249
f 300/181/231 312/194/249 301/182/232
f 313/195/5 314/196/250 302/183/233
f 314/196/250 315/197/269 303/184/251
f 315/197/252 316/198/252 304/185/253
f 316/198/254 317/199/254 305/186/255
f 317/199/256 318/200/257 306/187/240
f 318/200/257 319/214/3 307/201/258
f 307/202/258 319/216/3 320/203/259
f 308/190/242 320/203/259 321/204/260
f 309/191/261 321/204/262 322/205/262
f 310/192/263 322/205/264 323/206/264
f 311/193/265 323/206/278 324/207/266
f 312/194/249 324/207/266 313/195/5
f 313/195/5 325/222/280 326/208/267
f 314/196/250 326/208/267 327/209/268
f 315/197/252 327/209/283 328/210/270
f 316/198/254 328/210/285 329/211/271
f 317/199/256 329/211/287 330/212/272
f 318/200/257 330/212/272 331/213/273
f 331/215/273 332/217/274 320/203/259
f 332/217/274 333/218/291 321/204/260
f 333/218/275 334/219/293 322/205/262
f 334/219/276 335/220/295 323/206/264
f 335/220/277 336/221/279 324/207/266
f 336/221/279 325/222/280 313/195/5
f 325/222/280 337/235/298 338/223/281
f 326/208/267 338/223/281 339/224/282
f 327/209/283 339/224/301 340/225/284
f 328/210/285 340/225/303 341/226/286
f 329/211/287 341/226/305 342/227/288
f 330/212/272 342/227/288 343/228/289
f 343/229/289 344/230/290 332/217/274
f 344/230/290 345/231/309 333/218/291
f 345/231/292 346/232/311 334/219/293
f 346/232/294 347/233/313 335/220/295
f 347/233/296 348/234/297 336/221/279
f 348/234/297 337/235/298 325/222/280
f 337/235/298 349/248/316 350/236/299
f 338/223/281 350/236/299 351/237/300
f 339/224/301 351/237/319 352/238/302
f 340/225/303 352/238/321 353/239/304
f 341/226/305 353/239/323 354/240/306
f 342/227/288 354/240/306 355/241/307
f 355/242/307 356/243/308 344/230/290
f 356/243/308 357/244/327 345/231/309
f 357/244/310 358/245/329 346/232/311
f 358/245/312 359/246/331 347/233/313
f 359/246/314 360/247/315 348/234/297
f 360/247/315 349/248/316 337/235/298
f 349/248/316 361/261/334 362/249/317
f 350/236/299 362/249/317 363/250/318
f 351/237/319 363/250/337 364/251/320
f 352/238/321 364/251/339 365/252/322
f 353/239/323 365/252/341 366/253/324
f 354/240/306 366/253/324 367/254/325
f 367/255/325 368/256/326 356/243/308
f 368/256/326 369/257/345 357/244/327
f 369/257/328 370/258/347 358/245/329
f 370/258/330 371/259/349 359/246/331
f 371/259/332 372/260/333 360/247/315
f 372/260/333 361/261/334 349/248/316
f 361/261/334 373/274/352 374/262/335
f 362/249/317 374/262/335 375/263/336
f 363/250/337 375/263/355 376/264/338
f 364/251/339 376/264/357 377/265/340
f 365/252/341 377/265/359 378/266/342
f 366/253/324 378/266/342 379/267/343
f 379/268/343 380/269/344 368/256/326
f 380/269/344 381/270/363 369/257/345
f 381/270/346 382/271/365 370/258/347
f 382/271/348 383/272/367 371/259/349
f 383/272/350 384/273/351 372/260/333
f 384/273/351 373/274/352 361/261/334
f 373/274/352 385/286/370 386/275/353
f 374/262/335 386/275/353 387/276/354
f 375/263/355 387/276/373 388/1/356
f 376/264/357 388/1/375 389/277/358
f 377/265/359 389/277/377 390/278/360
f 378/266/342 390/278/360 391/279/361
f 391/280/361 392/281/362 380/269/344
f 392/281/362 393/282/381 381/270/363
f 393/282/364 394/283/383 382/271/365
f 394/283/366 395/284/385 383/272/367
f 395/284/368 396/285/369 384/273/351
f 396/285/369 385/286/370 373/274/352
f 385/286/370 397/299/388 398/287/371
f 386/275/353 398/287/371 399/288/372
f 387/276/373 399/288/391 400/289/374
f 388/1/375 400/289/393 401/290/376
f 389/277/377 401/290/395 402/291/378
f 390/278/360 402/291/378 403/292/379
f 403/293/379 404/294/380 392/281/362
f 404/294/380 405/295/399 393/282/381
f 405/295/382 406/296/401 394/283/383
f 406/296/384 407/297/403 395/284/385
f 407/297/386 408/298/387 396/285/369
f 408/298/387 397/299/388 385/286/370
f 397/299/388 409/312/406 410/300/389
f 398/287/371 410/300/389 411/301/390
f 399/288/391 411/301/409 412/302/392
f 400/289/393 412/302/411 413/303/394
f 401/290/395 413/303/413 414/304/396
f 402/291/378 414/304/396 415/305/397
f 415/306/397 416/307/398 404/294/380
f 416/307/398 417/308/417 405/295/399
f 417/308/400 418/309/419 406/296/401
f 418/309/402 419/310/421 407/297/403
f 419/310/404 420/311/405 408/298/387
f 420/311/405 409/312/406 397/299/388
f 409/312/406 421/325/424 422/313/407
f 410/300/389 422/313/407 423/314/408
f 411/301/409 423/314/427 424/315/410
f 412/302/411 424/315/429 425/316/412
f 413/303/413 425/316/431 426/317/414
f 414/304/396 426/317/414 427/318/415
f 427/319/415 428/320/416 416/307/398
f 428/320/416 429/321/435 417/308/417
f 429/321/418 430/322/437 418/309/419
f 430/322/420 431/323/439 419/310/421
f 431/323/422 432/324/423 420/311/405
f 432/324/423 421/325/424 409/312/406
f 421/325/424 433/338/442 434/326/425
f 422/313/407 434/326/425 435/327/426
f 423/314/427 435/327/426 436/328/428
f 424/315/429 436/328/428 437/329/430
f 425/316/431 437/329/430 438/330/432
f 426/317/414 438/330/432 439/331/433
f 439/332/433 440/333/434 428/320/416
f 440/333/434 441/334/436 429/321/435
f 441/334/436 442/335/438 430/322/437
f 442/335/438 443/336/440 431/323/439
f 443/336/440 444/337/441 432/324/423
f 444/337/441 433/338/442 421/325/424
f 433/338/442 445/351/455 446/339/443
f 434/326/425 446/339/457 447/340/444
f 435/327/426 447/340/444 448/341/445
f 436/328/428 448/341/445 449/342/446
f 437/329/430 449/342/446 450/343/447
f 438/330/432 450/343/461 451/344/448
f 451/345/449 452/346/464 440/333/434
f 452/346/450 453/347/451 441/334/436
f 453/347/451 454/348/452 442/335/438
f 454/348/452 455/349/453 443/336/440
f 455/349/453 456/350/468 444/337/441
f 456/350/454 445/351/470 433/338/442
f 445/351/455 457/671/456 458/352/456
f 446/339/457 458/352/61 459/353/458
f 447/340/444 459/353/458 460/354/459
f 448/341/445 460/354/459 461/355/460
f 449/342/446 461/355/460 462/356/55
f 450/343/461 462/356/462 463/357/462
f 463/358/463 464/359/463 452/346/464
f 464/359/74 465/360/465 453/347/451
f 465/360/465 466/361/466 454/348/452
f 466/361/466 467/362/467 455/349/453
f 467/362/467 468/363/66 456/350/468
f 468/363/469 457/671/469 445/351/470
f 469/364/62 470/367/85 458/365/63
f 470/367/471 471/369/472 459/368/458
f 471/369/472 472/371/473 460/370/459
f 472/371/473 473/373/474 461/372/460
f 473/373/474 474/375/484 462/374/55
f 474/375/51 475/394/78 463/376/52
f 463/377/75 475/395/93 476/378/76
f 464/379/74 476/378/487 477/380/475
f 465/381/465 477/380/475 478/382/476
f 466/383/466 478/382/476 479/384/477
f 467/385/467 479/384/477 480/386/478
f 468/387/64 480/386/86 469/364/65
f 481/388/479 482/389/480 470/367/85
f 482/389/480 483/390/481 471/369/472
f 483/390/481 484/391/482 472/371/473
f 484/391/482 485/392/483 473/373/474
f 485/392/483 486/393/485 474/375/484
f 486/393/485 487/407/496 475/394/78
f 475/395/93 487/408/496 488/396/486
f 476/378/487 488/396/486 489/397/488
f 477/380/475 489/397/488 490/398/489
f 478/382/476 490/398/489 491/399/490
f 479/384/477 491/399/490 492/400/491
f 480/386/86 492/400/491 481/388/479
f 493/401/492 494/402/493 482/389/480
f 494/402/493 495/403/502 483/390/481
f 495/403/97 496/404/112 484/391/482
f 496/404/96 497/405/110 485/392/483
f 497/405/494 498/406/495 486/393/485
f 498/406/495 499/420/505 487/407/496
f 487/408/496 499/421/505 500/409/497
f 488/396/486 500/409/497 501/410/498
f 489/397/488 501/410/120 502/411/104
f 490/398/489 502/411/118 503/412/103
f 491/399/490 503/412/508 504/413/499
f 492/400/491 504/413/499 493/401/492
f 505/414/500 506/415/501 494/402/493
f 506/415/501 507/416/512 495/403/502
f 507/416/111 508/417/130 496/404/112
f 508/417/109 509/418/128 497/405/110
f 509/418/503 510/419/504 498/406/495
f 510/419/504 511/433/515 499/420/505
f 499/421/505 511/434/515 512/422/506
f 500/409/497 512/422/506 513/423/507
f 501/410/120 513/423/138 514/424/121
f 502/411/118 514/424/136 515/425/119
f 503/412/508 515/425/518 516/426/509
f 504/413/499 516/426/509 505/414/500
f 517/427/510 518/428/511 506/415/501
f 518/428/511 519/429/522 507/416/512
f 519/429/129 520/430/148 508/417/130
f 520/430/127 521/431/146 509/418/128
f 521/431/513 522/432/514 510/419/504
f 522/432/514 523/445/525 511/433/515
f 511/434/515 523/446/525 524/435/516
f 512/422/506 524/435/516 525/436/517
f 513/423/138 525/436/156 526/437/139
f 514/424/136 526/437/154 527/438/137
f 515/425/518 527/438/528 528/439/519
f 516/426/509 528/439/519 517/427/510
f 529/15/520 530/440/521 518/428/511
f 530/440/521 531/441/532 519/429/522
f 531/441/147 532/442/166 520/430/148
f 532/442/145 533/443/164 521/431/146
f 533/443/523 534/444/524 522/432/514
f 534/444/524 535/458/535 523/445/525
f 523/446/525 535/459/535 536/447/526
f 524/435/516 536/447/526 537/448/527
f 525/436/156 537/448/174 538/449/157
f 526/437/154 538/449/172 539/450/155
f 527/438/528 539/450/538 540/451/529
f 528/439/519 540/451/529 529/15/520
f 541/452/530 542/453/531 530/440/521
f 542/453/531 543/454/542 531/441/532
f 543/454/165 544/455/184 532/442/166
f 544/455/163 545/456/182 533/443/164
f 545/456/533 546/457/534 534/444/524
f 546/457/534 547/471/545 535/458/535
f 535/459/535 547/472/545 548/460/536
f 536/447/526 548/460/536 549/461/537
f 537/448/174 549/461/192 550/462/175
f 538/449/172 550/462/190 551/463/173
f 539/450/538 551/463/548 552/464/539
f 540/451/529 552/464/539 541/452/530
f 553/465/540 554/466/541 542/453/531
f 554/466/541 555/467/552 543/454/542
f 555/467/183 556/468/202 544/455/184
f 556/468/181 557/469/200 545/456/182
f 557/469/543 558/470/544 546/457/534
f 558/470/544 559/484/555 547/471/545
f 547/472/545 559/485/555 560/473/546
f 548/460/536 560/473/546 561/474/547
f 549/461/192 561/474/210 562/475/193
f 550/462/190 562/475/208 563/476/191
f 551/463/548 563/476/558 564/477/549
f 552/464/539 564/477/549 553/465/540
f 565/478/550 566/479/551 554/466/541
f 566/479/551 567/480/562 555/467/552
f 567/480/201 568/481/220 556/468/202
f 568/481/199 569/482/218 557/469/200
f 569/482/553 570/483/554 558/470/544
f 570/483/554 571/497/565 559/484/555
f 559/485/555 571/498/565 572/486/556
f 560/473/546 572/486/556 573/487/557
f 561/474/210 573/487/228 574/488/211
f 562/475/208 574/488/226 575/489/209
f 563/476/558 575/489/568 576/490/559
f 564/477/549 576/490/559 565/478/550
f 577/491/560 578/492/561 566/479/551
f 578/492/561 579/493/572 567/480/562
f 579/493/219 580/494/238 568/481/220
f 580/494/217 581/495/236 569/482/218
f 581/495/563 582/496/564 570/483/554
f 582/496/564 583/510/575 571/497/565
f 571/498/565 583/511/575 584/499/566
f 572/486/556 584/499/566 585/500/567
f 573/487/228 585/500/246 586/501/229
f 574/488/226 586/501/244 587/502/227
f 575/489/568 587/502/578 588/503/569
f 576/490/559 588/503/569 577/491/560
f 589/504/570 590/505/571 578/492/561
f 590/505/571 591/506/581 579/493/572
f 591/506/237 592/507/255 580/494/238
f 592/507/235 593/508/253 581/495/236
f 593/508/573 594/509/574 582/496/564
f 594/509/574 595/523/583 583/510/575
f 583/511/575 595/524/583 596/512/576
f 584/499/566 596/512/576 597/513/577
f 585/500/246 597/513/263 598/514/247
f 586/501/244 598/514/261 599/515/245
f 587/502/578 599/515/585 600/516/579
f 588/503/569 600/516/579 589/504/570
f 601/517/3 602/518/580 590/505/571
f 602/518/580 603/519/256 591/506/581
f 603/519/254 604/520/254 592/507/255
f 604/520/252 605/521/252 593/508/253
f 605/521/269 606/522/582 594/509/574
f 606/522/582 607/536/5 595/523/583
f 595/524/583 607/538/5 608/525/584
f 596/512/576 608/525/584 609/526/278
f 597/513/263 609/526/264 610/527/264
f 598/514/261 610/527/262 611/528/262
f 599/515/585 611/528/260 612/529/586
f 600/516/579 612/529/586 601/517/3
f 601/517/3 613/544/594 614/530/587
f 602/518/580 614/530/587 615/531/588
f 603/519/254 615/531/285 616/532/271
f 604/520/252 616/532/283 617/533/270
f 605/521/269 617/533/597 618/534/589
f 606/522/582 618/534/589 619/535/590
f 619/537/590 620/539/591 608/525/584
f 620/539/591 621/540/601 609/526/278
f 621/540/276 622/541/295 610/527/264
f 622/541/275 623/542/293 611/528/262
f 623/542/592 624/543/593 612/529/586
f 624/543/593 613/544/594 601/517/3
f 613/544/594 625/557/604 626/545/595
f 614/530/587 626/545/595 627/546/596
f 615/531/285 627/546/303 628/547/286
f 616/532/283 628/547/301 629/548/284
f 617/533/597 629/548/607 630/549/598
f 618/534/589 630/549/598 631/550/599
f 631/551/599 632/552/600 620/539/591
f 632/552/600 633/553/611 621/540/601
f 633/553/294 634/554/313 622/541/295
f 634/554/292 635/555/311 623/542/293
f 635/555/602 636/556/603 624/543/593
f 636/556/603 625/557/604 613/544/594
f 625/557/604 637/570/614 638/558/605
f 626/545/595 638/558/605 639/559/606
f 627/546/303 639/559/321 640/560/304
f 628/547/301 640/560/319 641/561/302
f 629/548/607 641/561/617 642/562/608
f 630/549/598 642/562/608 643/563/609
f 643/564/609 644/565/610 632/552/600
f 644/565/610 645/566/621 633/553/611
f 645/566/312 646/567/331 634/554/313
f 646/567/310 647/568/329 635/555/311
f 647/568/612 648/569/613 636/556/603
f 648/569/613 637/570/614 625/557/604
f 637/570/614 649/583/624 650/571/615
f 638/558/605 650/571/615 651/572/616
f 639/559/321 651/572/339 652/573/322
f 640/560/319 652/573/337 653/574/320
f 641/561/617 653/574/627 654/575/618
f 642/562/608 654/575/618 655/576/619
f 655/577/619 656/578/620 644/565/610
f 656/578/620 657/579/631 645/566/621
f 657/579/330 658/580/349 646/567/331
f 658/580/328 659/581/347 647/568/329
f 659/581/622 660/582/623 648/569/613
f 660/582/623 649/583/624 637/570/614
f 649/583/624 661/596/634 662/584/625
f 650/571/615 662/584/625 663/585/626
f 651/572/339 663/585/357 664/586/340
f 652/573/337 664/586/355 665/587/338
f 653/574/627 665/587/637 666/588/628
f 654/575/618 666/588/628 667/589/629
f 667/590/629 668/591/630 656/578/620
f 668/591/630 669/592/641 657/579/631
f 669/592/348 670/593/367 658/580/349
f 670/593/346 671/594/365 659/581/347
f 671/594/632 672/595/633 660/582/623
f 672/595/633 661/596/634 649/583/624
f 661/596/634 673/12/644 674/597/635
f 662/584/625 674/597/635 675/598/636
f 663/585/357 675/598/375 676/8/358
f 664/586/355 676/8/373 677/599/356
f 665/587/637 677/599/647 678/600/638
f 666/588/628 678/600/638 679/7/639
f 679/601/639 680/602/640 668/591/630
f 680/602/640 681/603/651 669/592/641
f 681/603/366 682/10/385 670/593/367
f 682/10/364 683/604/383 671/594/365
f 683/604/642 684/605/643 672/595/633
f 684/605/643 673/12/644 661/596/634
f 673/12/644 685/618/654 686/606/645
f 674/597/635 686/606/645 687/607/646
f 675/598/375 687/607/393 688/608/376
f 676/8/373 688/608/391 689/609/374
f 677/599/647 689/609/657 690/610/648
f 678/600/638 690/610/648 691/611/649
f 691/612/649 692/613/650 680/602/640
f 692/613/650 693/614/661 681/603/651
f 693/614/384 694/615/403 682/10/385
f 694/615/382 695/616/401 683/604/383
f 695/616/652 696/617/653 684/605/643
f 696/617/653 685/618/654 673/12/644
f 685/618/654 697/631/664 698/619/655
f 686/606/645 698/619/655 699/620/656
f 687/607/393 699/620/411 700/621/394
f 688/608/391 700/621/409 701/622/392
f 689/609/657 701/622/667 702/623/658
f 690/610/648 702/623/658 703/624/659
f 703/625/659 704/626/660 692/613/650
f 704/626/660 705/627/671 693/614/661
f 705/627/402 706/628/421 694/615/403
f 706/628/400 707/629/419 695/616/401
f 707/629/662 708/630/663 696/617/653
f 708/630/663 697/631/664 685/618/654
f 697/631/664 709/644/674 710/632/665
f 698/619/655 710/632/665 711/633/666
f 699/620/411 711/633/429 712/634/412
f 700/621/409 712/634/427 713/635/410
f 701/622/667 713/635/679 714/636/668
f 702/623/658 714/636/668 715/637/669
f 715/638/669 716/639/670 704/626/660
f 716/639/670 717/640/683 705/627/671
f 717/640/420 718/641/439 706/628/421
f 718/641/418 719/642/437 707/629/419
f 719/642/672 720/643/673 708/630/663
f 720/643/673 709/644/674 697/631/664
f 709/644/674 721/657/688 722/645/675
f 710/632/665 722/645/675 723/646/676
f 711/633/429 723/646/676 724/647/677
f 712/634/427 724/647/677 725/648/678
f 713/635/679 725/648/678 726/649/680
f 714/636/668 726/649/680 727/650/681
f 727/651/681 728/652/682 716/639/670
f 728/652/682 729/653/684 717/640/683
f 729/653/684 730/654/685 718/641/439
f 730/654/685 731/655/686 719/642/437
f 731/655/686 732/656/687 720/643/673
f 732/656/687 721/657/688 709/644/674
f 721/657/688 733/670/461 734/658/448
f 722/645/675 734/658/697 735/659/689
f 723/646/676 735/659/689 736/660/690
f 724/647/677 736/660/690 737/661/691
f 725/648/678 737/661/691 738/662/692
f 726/649/680 738/662/455 739/663/443
f 739/664/454 740/665/470 728/652/682
f 740/665/693 741/666/694 729/653/684
f 741/666/694 742/667/695 730/654/685
f 742/667/695 743/668/696 731/655/686
f 743/668/696 744/669/698 732/656/687
f 744/669/449 733/670/464 721/657/688
f 733/670/461 169/46/462 170/45/462
f 734/658/697 170/45/55 171/48/54
f 735/659/689 171/48/54 172/50/57
f 736/660/690 172/50/57 173/52/59
f 737/661/691 173/52/59 174/54/61
f 738/662/455 174/54/456 175/56/456
f 175/57/469 176/59/469 740/665/470
f 176/59/66 177/61/68 741/666/694
f 177/61/68 178/63/70 742/667/695
f 178/63/70 179/65/72 743/668/696
f 179/65/72 180/67/74 744/669/698
f 180/67/463 169/46/463 733/670/464
usemtl マテリアル.001
f 745/46/5 758/47/699 746/45/700
f 746/45/700 759/49/701 747/48/702
f 747/48/702 760/51/703 748/50/704
f 748/50/705 761/53/706 749/52/707
f 749/52/707 762/55/708 750/54/709
f 750/54/709 763/74/710 751/56/3
f 763/75/710 752/59/711 751/57/3
f 764/58/712 753/61/713 752/59/711
f 765/60/714 754/63/715 753/61/713
f 766/62/716 755/65/717 754/63/718
f 767/64/719 756/67/720 755/65/717
f 768/66/721 745/46/5 756/67/720
f 757/44/722 770/69/723 758/47/699
f 758/47/699 771/70/724 759/49/701
f 759/49/701 772/71/725 760/51/703
f 760/51/726 773/72/727 761/53/706
f 761/53/706 774/73/728 762/55/708
f 762/55/708 775/87/729 763/74/710
f 775/88/729 764/58/712 763/75/710
f 776/76/730 765/60/714 764/58/712
f 777/77/731 766/62/732 765/60/714
f 778/78/733 767/64/719 766/62/716
f 779/79/734 768/66/721 767/64/719
f 780/80/735 757/44/722 768/66/721
f 769/68/736 782/82/737 770/69/723
f 770/69/723 783/83/738 771/70/724
f 771/70/724 784/84/739 772/71/725
f 772/71/740 785/85/741 773/72/727
f 773/72/727 786/86/742 774/73/728
f 774/73/728 787/100/743 775/87/729
f 787/101/743 776/76/730 775/88/729
f 788/89/744 777/77/731 776/76/730
f 789/90/745 778/78/746 777/77/731
f 790/91/747 779/79/734 778/78/733
f 791/92/748 780/80/735 779/79/734
f 792/93/749 769/68/736 780/80/735
f 781/81/750 794/95/751 782/82/737
f 782/82/737 795/96/752 783/83/738
f 783/83/738 796/97/753 784/84/739
f 784/84/754 797/98/755 785/85/741
f 785/85/741 798/99/756 786/86/742
f 786/86/742 799/113/757 787/100/743
f 799/114/757 788/89/744 787/101/743
f 800/102/758 789/90/745 788/89/744
f 801/103/759 790/91/760 789/90/745
f 802/104/761 791/92/748 790/91/747
f 803/105/762 792/93/749 791/92/748
f 804/106/763 781/81/750 792/93/749
f 793/94/764 806/108/765 794/95/751
f 794/95/751 807/109/766 795/96/752
f 795/96/752 808/110/767 796/97/753
f 796/97/768 809/111/769 797/98/755
f 797/98/755 810/112/770 798/99/756
f 798/99/756 811/124/771 799/113/757
f 811/125/771 800/102/758 799/114/757
f 812/115/772 801/103/759 800/102/758
f 813/116/773 802/104/774 801/103/759
f 814/117/775 803/105/762 802/104/761
f 815/118/776 804/106/763 803/105/762
f 816/119/777 793/94/764 804/106/763
f 805/107/778 818/120/779 806/108/765
f 806/108/765 819/121/780 807/109/766
f 807/109/766 820/4/781 808/110/767
f 808/110/782 821/122/783 809/111/769
f 809/111/769 822/123/784 810/112/770
f 810/112/770 823/136/785 811/124/771
f 823/137/785 812/115/772 811/125/771
f 824/126/786 813/116/773 812/115/772
f 825/127/787 814/117/788 813/116/773
f 826/19/789 815/118/776 814/117/775
f 827/128/790 816/119/777 815/118/776
f 828/129/791 805/107/778 816/119/777
f 817/18/792 830/131/793 818/120/779
f 818/120/779 831/132/794 819/121/780
f 819/121/780 832/133/795 820/4/781
f 820/4/796 833/134/797 821/122/783
f 821/122/783 834/135/798 822/123/784
f 822/123/784 835/149/799 823/136/785
f 835/150/799 824/126/786 823/137/785
f 836/138/800 825/127/787 824/126/786
f 837/139/801 826/19/802 825/127/787
f 838/140/803 827/128/790 826/19/789
f 839/141/804 828/129/791 827/128/790
f 840/142/805 817/18/792 828/129/791
f 829/130/806 842/144/807 830/131/793
f 830/131/793 843/145/808 831/132/794
f 831/132/794 844/146/809 832/133/795
f 832/133/810 845/147/811 833/134/797
f 833/134/797 846/148/812 834/135/798
f 834/135/798 847/162/813 835/149/799
f 847/163/813 836/138/800 835/150/799
f 848/151/814 837/139/801 836/138/800
f 849/152/815 838/140/816 837/139/801
f 850/153/817 839/141/804 838/140/803
f 851/154/818 840/142/805 839/141/804
f 852/155/819 829/130/806 840/142/805
f 841/143/820 854/157/821 842/144/807
f 842/144/807 855/158/822 843/145/808
f 843/145/808 856/159/823 844/146/809
f 844/146/824 857/160/825 845/147/811
f 845/147/811 858/161/826 846/148/812
f 846/148/812 859/175/827 847/162/813
f 859/176/827 848/151/814 847/163/813
f 860/164/828 849/152/815 848/151/814
f 861/165/829 850/153/830 849/152/815
f 862/166/831 851/154/818 850/153/817
f 863/167/832 852/155/819 851/154/818
f 864/168/833 841/143/820 852/155/819
f 853/156/834 866/170/835 854/157/821
f 854/157/821 867/171/836 855/158/822
f 855/158/822 868/172/837 856/159/823
f 856/159/838 869/173/839 857/160/825
f 857/160/825 870/174/840 858/161/826
f 858/161/826 871/188/841 859/175/827
f 871/189/841 860/164/828 859/176/827
f 872/177/842 861/165/829 860/164/828
f 873/178/843 862/166/844 861/165/829
f 874/179/845 863/167/832 862/166/831
f 875/180/846 864/168/833 863/167/832
f 876/181/847 853/156/834 864/168/833
f 865/169/848 878/183/849 866/170/835
f 866/170/835 879/184/850 867/171/836
f 867/171/851 880/185/852 868/172/837
f 868/172/853 881/186/854 869/173/839
f 869/173/855 882/187/856 870/174/840
f 870/174/840 883/201/857 871/188/841
f 883/202/857 872/177/842 871/189/841
f 884/190/858 873/178/859 872/177/842
f 885/191/860 874/179/861 873/178/843
f 886/192/862 875/180/863 874/179/845
f 887/193/864 876/181/847 875/180/846
f 888/194/865 865/169/848 876/181/847
f 877/182/866 890/196/867 878/183/849
f 878/183/849 891/197/868 879/184/850
f 879/184/869 892/198/870 880/185/852
f 880/185/871 893/199/872 881/186/854
f 881/186/873 894/200/874 882/187/856
f 882/187/856 895/214/2 883/201/857
f 895/216/2 884/190/858 883/202/857
f 896/203/875 885/191/876 884/190/858
f 897/204/877 886/192/878 885/191/860
f 898/205/879 887/193/880 886/192/862
f 899/206/881 888/194/865 887/193/864
f 900/207/882 877/182/866 888/194/865
f 901/222/883 890/196/867 889/195/6
f 902/208/884 891/197/868 890/196/867
f 903/209/885 892/198/870 891/197/870
f 904/210/886 893/199/872 892/198/872
f 905/211/887 894/200/874 893/199/888
f 906/212/889 895/214/2 894/200/874
f 895/216/2 908/217/890 896/203/875
f 896/203/875 909/218/891 897/204/892
f 897/204/877 910/219/893 898/205/877
f 898/205/879 911/220/894 899/206/879
f 899/206/881 912/221/895 900/207/882
f 900/207/882 901/222/883 889/195/6
f 913/235/896 902/208/884 901/222/883
f 914/223/897 903/209/898 902/208/884
f 915/224/899 904/210/900 903/209/885
f 916/225/901 905/211/902 904/210/886
f 917/226/903 906/212/889 905/211/887
f 918/227/904 907/213/905 906/212/889
f 907/215/905 920/230/906 908/217/890
f 908/217/890 921/231/907 909/218/891
f 909/218/908 922/232/909 910/219/893
f 910/219/910 923/233/911 911/220/894
f 911/220/912 924/234/913 912/221/895
f 912/221/895 913/235/896 901/222/883
f 925/248/914 914/223/897 913/235/896
f 926/236/915 915/224/916 914/223/897
f 927/237/917 916/225/918 915/224/899
f 928/238/919 917/226/920 916/225/901
f 929/239/921 918/227/904 917/226/903
f 930/240/922 919/228/923 918/227/904
f 919/229/923 932/243/924 920/230/906
f 920/230/906 933/244/925 921/231/907
f 921/231/926 934/245/927 922/232/909
f 922/232/928 935/246/929 923/233/911
f 923/233/930 936/247/931 924/234/913
f 924/234/913 925/248/914 913/235/896
f 937/261/932 926/236/915 925/248/914
f 938/249/933 927/237/917 926/236/915
f 939/250/934 928/238/935 927/237/917
f 940/251/936 929/239/921 928/238/919
f 941/252/937 930/240/922 929/239/921
f 942/253/938 931/241/939 930/240/922
f 931/242/939 944/256/940 932/243/924
f 932/243/924 945/257/941 933/244/925
f 933/244/925 946/258/942 934/245/927
f 934/245/943 947/259/944 935/246/929
f 935/246/929 948/260/945 936/247/931
f 936/247/931 937/261/932 925/248/914
f 949/274/946 938/249/933 937/261/932
f 950/262/947 939/250/934 938/249/933
f 951/263/948 940/251/949 939/250/934
f 952/264/950 941/252/937 940/251/936
f 953/265/951 942/253/938 941/252/937
f 954/266/952 943/254/953 942/253/938
f 943/255/953 956/269/954 944/256/940
f 944/256/940 957/270/955 945/257/941
f 945/257/941 958/271/956 946/258/942
f 946/258/957 959/272/958 947/259/944
f 947/259/944 960/273/959 948/260/945
f 948/260/945 949/274/946 937/261/932
f 961/286/960 950/262/947 949/274/946
f 962/275/961 951/263/948 950/262/947
f 963/276/962 952/264/963 951/263/948
f 964/1/964 953/265/951 952/264/950
f 965/277/965 954/266/952 953/265/951
f 966/278/966 955/267/967 954/266/952
f 955/268/967 968/281/968 956/269/954
f 956/269/954 969/282/969 957/270/955
f 957/270/955 970/283/970 958/271/956
f 958/271/971 971/284/972 959/272/958
f 959/272/958 972/285/973 960/273/959
f 960/273/959 961/286/960 949/274/946
f 973/299/974 962/275/961 961/286/960
f 974/287/975 963/276/962 962/275/961
f 975/288/976 964/1/977 963/276/962
f 976/289/978 965/277/965 964/1/964
f 977/290/979 966/278/966 965/277/965
f 978/291/980 967/279/981 966/278/966
f 967/280/981 980/294/982 968/281/968
f 968/281/968 981/295/983 969/282/969
f 969/282/969 982/296/984 970/283/970
f 970/283/985 983/297/986 971/284/972
f 971/284/972 984/298/987 972/285/973
f 972/285/973 973/299/974 961/286/960
f 985/312/988 974/287/975 973/299/974
f 986/300/989 975/288/976 974/287/975
f 987/301/990 976/289/991 975/288/976
f 988/302/992 977/290/979 976/289/978
f 989/303/993 978/291/980 977/290/979
f 990/304/994 979/292/995 978/291/980
f 979/293/995 992/307/996 980/294/982
f 980/294/982 993/308/997 981/295/983
f 981/295/983 994/309/998 982/296/984
f 982/296/999 995/310/1000 983/297/986
f 983/297/986 996/311/1001 984/298/987
f 984/298/987 985/312/988 973/299/974
f 997/325/1002 986/300/989 985/312/988
f 998/313/1003 987/301/990 986/300/989
f 999/314/1004 988/302/1005 987/301/990
f 1000/315/1006 989/303/993 988/302/992
f 1001/316/1007 990/304/994 989/303/993
f 1002/317/1008 991/305/1009 990/304/994
f 991/306/1009 1004/320/1010 992/307/996
f 992/307/996 1005/321/1011 993/308/997
f 993/308/997 1006/322/1012 994/309/998
f 994/309/1013 1007/323/1014 995/310/1000
f 995/310/1000 1008/324/1015 996/311/1001
f 996/311/1001 997/325/1002 985/312/988
f 1009/338/1016 998/313/1003 997/325/1002
f 1010/326/1017 999/314/1004 998/313/1003
f 1011/327/1018 1000/315/1019 999/314/1004
f 1012/328/1020 1001/316/1007 1000/315/1006
f 1013/329/1021 1002/317/1008 1001/316/1007
f 1014/330/1022 1003/318/46 1002/317/1008
f 1003/319/46 1016/333/1023 1004/320/1010
f 1004/320/1010 1017/334/1024 1005/321/1011
f 1005/321/1011 1018/335/1025 1006/322/1012
f 1006/322/1026 1019/336/1027 1007/323/1014
f 1007/323/1014 1020/337/1028 1008/324/1015
f 1008/324/1015 1009/338/1016 997/325/1002
f 1021/351/1029 1010/326/1017 1009/338/1016
f 1022/339/1030 1011/327/1018 1010/326/1017
f 1023/340/1031 1012/328/1032 1011/327/1018
f 1024/341/1033 1013/329/1021 1012/328/1020
f 1025/342/1034 1014/330/1022 1013/329/1021
f 1026/343/1035 1015/331/1036 1014/330/1022
f 1015/332/1036 1028/346/1037 1016/333/1023
f 1016/333/1023 1029/347/1038 1017/334/1024
f 1017/334/1024 1030/348/1039 1018/335/1025
f 1018/335/1040 1031/349/1041 1019/336/1027
f 1019/336/1027 1032/350/1042 1020/337/1028
f 1020/337/1028 1021/351/1029 1009/338/1016
f 1033/671/3 1022/339/1030 1021/351/1029
f 1034/352/1043 1023/340/1031 1022/339/1030
f 1035/353/1044 1024/341/1045 1023/340/1031
f 1036/354/704 1025/342/1034 1024/341/1033
f 1037/355/1046 1026/343/1035 1025/342/1034
f 1038/356/1047 1027/344/1048 1026/343/1035
f 1027/345/1048 1040/359/1049 1028/346/1037
f 1028/346/1037 1041/360/1050 1029/347/1038
f 1029/347/1038 1042/361/718 1030/348/1039
f 1030/348/1051 1043/362/1052 1031/349/1041
f 1031/349/1041 1044/363/1053 1032/350/1042
f 1032/350/1042 1033/671/3 1021/351/1029
f 1033/366/3 1046/367/1054 1034/365/1043
f 1034/365/1043 1047/369/1055 1035/368/1044
f 1035/368/1044 1048/371/1056 1036/370/705
f 1036/370/704 1049/373/1057 1037/372/1046
f 1037/372/1046 1050/375/1058 1038/374/1047
f 1038/374/1047 1051/394/1059 1039/376/5
f 1051/395/1059 1040/379/1049 1039/377/5
f 1052/378/1060 1041/381/1050 1040/379/1049
f 1053/380/1061 1042/383/718 1041/381/1050
f 1054/382/1062 1043/385/1052 1042/383/715
f 1055/384/1063 1044/387/1053 1043/385/1052
f 1056/386/1064 1033/366/3 1044/387/1053
f 1045/364/1065 1058/389/1066 1046/367/1054
f 1046/367/1054 1059/390/1067 1047/369/1055
f 1047/369/1055 1060/391/1068 1048/371/1056
f 1048/371/1069 1061/392/1070 1049/373/1057
f 1049/373/1057 1062/393/1071 1050/375/1058
f 1050/375/1058 1063/407/1072 1051/394/1059
f 1063/408/1072 1052/378/1060 1051/395/1059
f 1064/396/1073 1053/380/1061 1052/378/1060
f 1065/397/1074 1054/382/1075 1053/380/1061
f 1066/398/1076 1055/384/1063 1054/382/1062
f 1067/399/1077 1056/386/1064 1055/384/1063
f 1068/400/1078 1045/364/1065 1056/386/1064
f 1057/388/1079 1070/402/1080 1058/389/1066
f 1058/389/1066 1071/403/1081 1059/390/1067
f 1059/390/1067 1072/404/1082 1060/391/1068
f 1060/391/1083 1073/405/1084 1061/392/1070
f 1061/392/1070 1074/406/1085 1062/393/1071
f 1062/393/1071 1075/420/40 1063/407/1072
f 1075/421/40 1064/396/1073 1063/408/1072
f 1076/409/1086 1065/397/1074 1064/396/1073
f 1077/410/1087 1066/398/1088 1065/397/1074
f 1078/411/1089 1067/399/1077 1066/398/1076
f 1079/412/1090 1068/400/1078 1067/399/1077
f 1080/413/1091 1057/388/1079 1068/400/1078
f 1069/401/1092 1082/415/1093 1070/402/1080
f 1070/402/1080 1083/416/1094 1071/403/1081
f 1071/403/1081 1084/417/1095 1072/404/1082
f 1072/404/1096 1085/418/1097 1073/405/1084
f 1073/405/1084 1086/419/1098 1074/406/1085
f 1074/406/1085 1087/433/1099 1075/420/40
f 1087/434/1099 1076/409/1086 1075/421/40
f 1088/422/1100 1077/410/1087 1076/409/1086
f 1089/423/1101 1078/411/1102 1077/410/1087
f 1090/424/1103 1079/412/1090 1078/411/1089
f 1091/425/1104 1080/413/1091 1079/412/1090
f 1092/426/1105 1069/401/1092 1080/413/1091
f 1081/414/1106 1094/428/1107 1082/415/1093
f 1082/415/1093 1095/429/1108 1083/416/1094
f 1083/416/1094 1096/430/1109 1084/417/1095
f 1084/417/1110 1097/431/1111 1085/418/1097
f 1085/418/1097 1098/432/1112 1086/419/1098
f 1086/419/1098 1099/445/1113 1087/433/1099
f 1099/446/1113 1088/422/1100 1087/434/1099
f 1100/435/1114 1089/423/1101 1088/422/1100
f 1101/436/1115 1090/424/1116 1089/423/1101
f 1102/437/1117 1091/425/1104 1090/424/1103
f 1103/438/1118 1092/426/1105 1091/425/1104
f 1104/439/1119 1081/414/1106 1092/426/1105
f 1093/427/1120 1106/440/1121 1094/428/1107
f 1094/428/1107 1107/441/1122 1095/429/1108
f 1095/429/1108 1108/442/1123 1096/430/1109
f 1096/430/1124 1109/443/1125 1097/431/1111
f 1097/431/1111 1110/444/1126 1098/432/1112
f 1098/432/1112 1111/458/1127 1099/445/1113
f 1111/459/1127 1100/435/1114 1099/446/1113
f 1112/447/1128 1101/436/1115 1100/435/1114
f 1113/448/1129 1102/437/1130 1101/436/1115
f 1114/449/1131 1103/438/1118 1102/437/1117
f 1115/450/1132 1104/439/1119 1103/438/1118
f 1116/451/1133 1093/427/1120 1104/439/1119
f 1105/15/1134 1118/453/1135 1106/440/1121
f 1106/440/1121 1119/454/1136 1107/441/1122
f 1107/441/1122 1120/455/1137 1108/442/1123
f 1108/442/1138 1121/456/1139 1109/443/1125
f 1109/443/1125 1122/457/1140 1110/444/1126
f 1110/444/1126 1123/471/1141 1111/458/1127
f 1123/472/1141 1112/447/1128 1111/459/1127
f 1124/460/1142 1113/448/1129 1112/447/1128
f 1125/461/1143 1114/449/1144 1113/448/1129
f 1126/462/1145 1115/450/1132 1114/449/1131
f 1127/463/1146 1116/451/1133 1115/450/1132
f 1128/464/1147 1105/15/1134 1116/451/1133
f 1117/452/1148 1130/466/1149 1118/453/1135
f 1118/453/1135 1131/467/1150 1119/454/1136
f 1119/454/1136 1132/468/1151 1120/455/1137
f 1120/455/1152 1133/469/1153 1121/456/1139
f 1121/456/1139 1134/470/1154 1122/457/1140
f 1122/457/1140 1135/484/1155 1123/471/1141
f 1135/485/1155 1124/460/1142 1123/472/1141
f 1136/473/1156 1125/461/1143 1124/460/1142
f 1137/474/1157 1126/462/1158 1125/461/1143
f 1138/475/1159 1127/463/1146 1126/462/1145
f 1139/476/1160 1128/464/1147 1127/463/1146
f 1140/477/1161 1117/452/1148 1128/464/1147
f 1129/465/1162 1142/479/1163 1130/466/1149
f 1130/466/1149 1143/480/1164 1131/467/1150
f 1131/467/1150 1144/481/1165 1132/468/1151
f 1132/468/1166 1145/482/1167 1133/469/1153
f 1133/469/1153 1146/483/1168 1134/470/1154
f 1134/470/1154 1147/497/1169 1135/484/1155
f 1147/498/1169 1136/473/1156 1135/485/1155
f 1148/486/1170 1137/474/1157 1136/473/1156
f 1149/487/1171 1138/475/1172 1137/474/1157
f 1150/488/1173 1139/476/1160 1138/475/1159
f 1151/489/1174 1140/477/1161 1139/476/1160
f 1152/490/1175 1129/465/1162 1140/477/1161
f 1141/478/1176 1154/492/1177 1142/479/1163
f 1142/479/1163 1155/493/1178 1143/480/1164
f 1143/480/1164 1156/494/839 1144/481/1165
f 1144/481/1179 1157/495/837 1145/482/1167
f 1145/482/1167 1158/496/1180 1146/483/1168
f 1146/483/1168 1159/510/1181 1147/497/1169
f 1159/511/1181 1148/486/1170 1147/498/1169
f 1160/499/1182 1149/487/1171 1148/486/1170
f 1161/500/845 1150/488/1183 1149/487/1171
f 1162/501/843 1151/489/1174 1150/488/1173
f 1163/502/1184 1152/490/1175 1151/489/1174
f 1164/503/1185 1141/478/1176 1152/490/1175
f 1153/491/1186 1166/505/1187 1154/492/1177
f 1154/492/1177 1167/506/1188 1155/493/1178
f 1155/493/853 1168/507/854 1156/494/839
f 1156/494/851 1169/508/852 1157/495/837
f 1157/495/1189 1170/509/1190 1158/496/1180
f 1158/496/1180 1171/523/1191 1159/510/1181
f 1171/524/1191 1160/499/1182 1159/511/1181
f 1172/512/1192 1161/500/1193 1160/499/1182
f 1173/513/862 1162/501/863 1161/500/845
f 1174/514/860 1163/502/861 1162/501/843
f 1175/515/1194 1164/503/1185 1163/502/1184
f 1176/516/1195 1153/491/1186 1164/503/1185
f 1165/504/1196 1178/518/1197 1166/505/1187
f 1166/505/1187 1179/519/888 1167/506/1188
f 1167/506/871 1180/520/872 1168/507/854
f 1168/507/869 1181/521/870 1169/508/852
f 1169/508/1198 1182/522/1199 1170/509/1190
f 1170/509/1190 1183/536/6 1171/523/1191
f 1183/538/6 1172/512/1192 1171/524/1191
f 1184/525/1200 1173/513/1201 1172/512/1192
f 1185/526/879 1174/514/880 1173/513/862
f 1186/527/877 1175/515/878 1174/514/860
f 1187/528/892 1176/516/1195 1175/515/1194
f 1188/529/1202 1165/504/1196 1176/516/1195
f 1189/544/1203 1178/518/1197 1177/517/2
f 1190/530/1204 1179/519/888 1178/518/1197
f 1191/531/886 1180/520/872 1179/519/872
f 1192/532/885 1181/521/870 1180/520/870
f 1193/533/1205 1182/522/1199 1181/521/868
f 1194/534/1206 1183/536/6 1182/522/1199
f 1183/538/6 1196/539/1207 1184/525/1200
f 1184/525/1200 1197/540/1208 1185/526/881
f 1185/526/879 1198/541/894 1186/527/879
f 1186/527/877 1199/542/893 1187/528/877
f 1187/528/892 1200/543/1209 1188/529/1202
f 1188/529/1202 1189/544/1203 1177/517/2
f 1201/557/1210 1190/530/1204 1189/544/1203
f 1202/545/1211 1191/531/1212 1190/530/1204
f 1203/546/901 1192/532/902 1191/531/886
f 1204/547/899 1193/533/900 1192/532/885
f 1205/548/1213 1194/534/1206 1193/533/1205
f 1206/549/1214 1195/535/1215 1194/534/1206
f 1195/537/1215 1208/552/1216 1196/539/1207
f 1196/539/1207 1209/553/1217 1197/540/1208
f 1197/540/910 1210/554/911 1198/541/894
f 1198/541/908 1211/555/909 1199/542/893
f 1199/542/1218 1212/556/1219 1200/543/1209
f 1200/543/1209 1201/557/1210 1189/544/1203
f 1213/570/1220 1202/545/1211 1201/557/1210
f 1214/558/1221 1203/546/1222 1202/545/1211
f 1215/559/1223 1204/547/920 1203/546/901
f 1216/560/1224 1205/548/918 1204/547/899
f 1217/561/1225 1206/549/1214 1205/548/1213
f 1218/562/1226 1207/550/1227 1206/549/1214
f 1207/551/1227 1220/565/1228 1208/552/1216
f 1208/552/1216 1221/566/1229 1209/553/1217
f 1209/553/928 1222/567/1230 1210/554/911
f 1210/554/926 1223/568/1231 1211/555/909
f 1211/555/1232 1224/569/1233 1212/556/1219
f 1212/556/1219 1213/570/1220 1201/557/1210
f 1225/583/1234 1214/558/1221 1213/570/1220
f 1226/571/1235 1215/559/1223 1214/558/1221
f 1227/572/1236 1216/560/1237 1215/559/1223
f 1228/573/1238 1217/561/1225 1216/560/1224
f 1229/574/1239 1218/562/1226 1217/561/1225
f 1230/575/1240 1219/563/1241 1218/562/1226
f 1219/564/1241 1232/578/1242 1220/565/1228
f 1220/565/1228 1233/579/1243 1221/566/1229
f 1221/566/1229 1234/580/1244 1222/567/1230
f 1222/567/1245 1235/581/1246 1223/568/1231
f 1223/568/1231 1236/582/1247 1224/569/1233
f 1224/569/1233 1225/583/1234 1213/570/1220
f 1237/596/1248 1226/571/1235 1225/583/1234
f 1238/584/1249 1227/572/1236 1226/571/1235
f 1239/585/1250 1228/573/1251 1227/572/1236
f 1240/586/1252 1229/574/1239 1228/573/1238
f 1241/587/1253 1230/575/1240 1229/574/1239
f 1242/588/1254 1231/576/1255 1230/575/1240
f 1231/577/1255 1244/591/1256 1232/578/1242
f 1232/578/1242 1245/592/1257 1233/579/1243
f 1233/579/1243 1246/593/1258 1234/580/1244
f 1234/580/1259 1247/594/1260 1235/581/1246
f 1235/581/1246 1248/595/1261 1236/582/1247
f 1236/582/1247 1237/596/1248 1225/583/1234
f 1249/12/1262 1238/584/1249 1237/596/1248
f 1250/597/1263 1239/585/1250 1238/584/1249
f 1251/598/1264 1240/586/1265 1239/585/1250
f 1252/8/1266 1241/587/1253 1240/586/1252
f 1253/599/1267 1242/588/1254 1241/587/1253
f 1254/600/1268 1243/589/1269 1242/588/1254
f 1243/590/1269 1256/602/1270 1244/591/1256
f 1244/591/1256 1257/603/1271 1245/592/1257
f 1245/592/1257 1258/10/1272 1246/593/1258
f 1246/593/1273 1259/604/1274 1247/594/1260
f 1247/594/1260 1260/605/1275 1248/595/1261
f 1248/595/1261 1249/12/1262 1237/596/1248
f 1261/618/1276 1250/597/1263 1249/12/1262
f 1262/606/1277 1251/598/1264 1250/597/1263
f 1263/607/1278 1252/8/1279 1251/598/1264
f 1264/608/1280 1253/599/1267 1252/8/1266
f 1265/609/1281 1254/600/1268 1253/599/1267
f 1266/610/1282 1255/7/1283 1254/600/1268
f 1255/601/1283 1268/613/1284 1256/602/1270
f 1256/602/1270 1269/614/1285 1257/603/1271
f 1257/603/1271 1270/615/1286 1258/10/1272
f 1258/10/1287 1271/616/1288 1259/604/1274
f 1259/604/1274 1272/617/1289 1260/605/1275
f 1260/605/1275 1261/618/1276 1249/12/1262
f 1273/631/1290 1262/606/1277 1261/618/1276
f 1274/619/1291 1263/607/1278 1262/606/1277
f 1275/620/1292 1264/608/1293 1263/607/1278
f 1276/621/1294 1265/609/1281 1264/608/1280
f 1277/622/1295 1266/610/1282 1265/609/1281
f 1278/623/1296 1267/611/1297 1266/610/1282
f 1267/612/1297 1280/626/1298 1268/613/1284
f 1268/613/1284 1281/627/1299 1269/614/1285
f 1269/614/1285 1282/628/1300 1270/615/1286
f 1270/615/1301 1283/629/1302 1271/616/1288
f 1271/616/1288 1284/630/1303 1272/617/1289
f 1272/617/1289 1273/631/1290 1261/618/1276
f 1285/644/1304 1274/619/1291 1273/631/1290
f 1286/632/1305 1275/620/1292 1274/619/1291
f 1287/633/1306 1276/621/1307 1275/620/1292
f 1288/634/1308 1277/622/1295 1276/621/1294
f 1289/635/1309 1278/623/1296 1277/622/1295
f 1290/636/1310 1279/624/1311 1278/623/1296
f 1279/625/1311 1292/639/1312 1280/626/1298
f 1280/626/1298 1293/640/1313 1281/627/1299
f 1281/627/1299 1294/641/1314 1282/628/1300
f 1282/628/1315 1295/642/1316 1283/629/1302
f 1283/629/1302 1296/643/1317 1284/630/1303
f 1284/630/1303 1285/644/1304 1273/631/1290
f 1297/657/1318 1286/632/1305 1285/644/1304
f 1298/645/1319 1287/633/1306 1286/632/1305
f 1299/646/1320 1288/634/1321 1287/633/1306
f 1300/647/1322 1289/635/1309 1288/634/1308
f 1301/648/1323 1290/636/1310 1289/635/1309
f 1302/649/1324 1291/637/1325 1290/636/1310
f 1291/638/1325 1304/652/1326 1292/639/1312
f 1292/639/1312 1305/653/1327 1293/640/1313
f 1293/640/1313 1306/654/1328 1294/641/1314
f 1294/641/1329 1307/655/1330 1295/642/1316
f 1295/642/1316 1308/656/1331 1296/643/1317
f 1296/643/1317 1297/657/1318 1285/644/1304
f 1309/670/1332 1298/645/1319 1297/657/1318
f 1310/658/1333 1299/646/1320 1298/645/1319
f 1311/659/1334 1300/647/1335 1299/646/1320
f 1312/660/1336 1301/648/1323 1300/647/1322
f 1313/661/1337 1302/649/1324 1301/648/1323
f 1314/662/1338 1303/650/1339 1302/649/1324
f 1303/651/1339 1316/665/1340 1304/652/1326
f 1304/652/1326 1317/666/1341 1305/653/1327
f 1305/653/1327 1318/667/1342 1306/654/1328
f 1306/654/1343 1319/668/1344 1307/655/1330
f 1307/655/1330 1320/669/1345 1308/656/1331
f 1308/656/1331 1309/670/1332 1297/657/1318
f 745/46/5 1310/658/1333 1309/670/1332
f 746/45/700 1311/659/1334 1310/658/1333
f 747/48/702 1312/660/1346 1311/659/1334
f 748/50/705 1313/661/1337 1312/660/1336
f 749/52/707 1314/662/1338 1313/661/1337
f 750/54/709 1315/663/1347 1314/662/1338
f 1315/664/1347 752/59/711 1316/665/1340
f 1316/665/1340 753/61/713 1317/666/1341
f 1317/666/1341 754/63/715 1318/667/1342
f 1318/667/1348 755/65/717 1319/668/1344
f 1319/668/1344 756/67/720 1320/669/1345
f 1320/669/1345 745/46/5 1309/670/1332
f 1321/46/5 1334/47/699 1322/45/700
f 1322/45/700 1335/49/701 1323/48/702
f 1323/48/702 1336/51/703 1324/50/704
f 1324/50/705 1337/53/706 1325/52/707
f 1325/52/707 1338/55/708 1326/54/709
f 1326/54/709 1339/74/710 1327/56/3
f 1339/75/710 1328/59/711 1327/57/3
f 1340/58/712 1329/61/713 1328/59/711
f 1341/60/714 1330/63/715 1329/61/713
f 1342/62/716 1331/65/717 1330/63/718
f 1343/64/719 1332/67/720 1331/65/717
f 1344/66/721 1321/46/5 1332/67/720
f 1333/44/722 1346/69/723 1334/47/699
f 1334/47/699 1347/70/724 1335/49/701
f 1335/49/701 1348/71/725 1336/51/703
f 1336/51/726 1349/72/727 1337/53/706
f 1337/53/706 1350/73/728 1338/55/708
f 1338/55/708 1351/87/729 1339/74/710
f 1351/88/729 1340/58/712 1339/75/710
f 1352/76/730 1341/60/714 1340/58/712
f 1353/77/731 1342/62/732 1341/60/714
f 1354/78/733 1343/64/719 1342/62/716
f 1355/79/734 1344/66/721 1343/64/719
f 1356/80/735 1333/44/722 1344/66/721
f 1345/68/736 1358/82/737 1346/69/723
f 1346/69/723 1359/83/738 1347/70/724
f 1347/70/724 1360/84/739 1348/71/725
f 1348/71/740 1361/85/741 1349/72/727
f 1349/72/727 1362/86/742 1350/73/728
f 1350/73/728 1363/100/743 1351/87/729
f 1363/101/743 1352/76/730 1351/88/729
f 1364/89/744 1353/77/731 1352/76/730
f 1365/90/745 1354/78/1349 1353/77/731
f 1366/91/747 1355/79/734 1354/78/733
f 1367/92/748 1356/80/735 1355/79/734
f 1368/93/749 1345/68/736 1356/80/735
f 1357/81/750 1370/95/751 1358/82/737
f 1358/82/737 1371/96/752 1359/83/738
f 1359/83/738 1372/97/753 1360/84/739
f 1360/84/754 1373/98/755 1361/85/741
f 1361/85/741 1374/99/756 1362/86/742
f 1362/86/742 1375/113/757 1363/100/743
f 1375/114/757 1364/89/744 1363/101/743
f 1376/102/758 1365/90/745 1364/89/744
f 1377/103/759 1366/91/760 1365/90/745
f 1378/104/761 1367/92/748 1366/91/747
f 1379/105/762 1368/93/749 1367/92/748
f 1380/106/763 1357/81/750 1368/93/749
f 1369/94/764 1382/108/765 1370/95/751
f 1370/95/751 1383/109/766 1371/96/752
f 1371/96/752 1384/110/767 1372/97/753
f 1372/97/1350 1385/111/769 1373/98/755
f 1373/98/755 1386/112/770 1374/99/756
f 1374/99/756 1387/124/771 1375/113/757
f 1387/125/771 1376/102/758 1375/114/757
f 1388/115/772 1377/103/759 1376/102/758
f 1389/116/773 1378/104/1351 1377/103/759
f 1390/117/775 1379/105/762 1378/104/761
f 1391/118/776 1380/106/763 1379/105/762
f 1392/119/777 1369/94/764 1380/106/763
f 1381/107/778 1394/120/779 1382/108/765
f 1382/108/765 1395/121/780 1383/109/766
f 1383/109/766 1396/4/781 1384/110/767
f 1384/110/782 1397/122/783 1385/111/769
f 1385/111/769 1398/123/784 1386/112/770
f 1386/112/770 1399/136/785 1387/124/771
f 1399/137/785 1388/115/772 1387/125/771
f 1400/126/786 1389/116/773 1388/115/772
f 1401/127/787 1390/117/788 1389/116/773
f 1402/19/789 1391/118/776 1390/117/775
f 1403/128/790 1392/119/777 1391/118/776
f 1404/129/791 1381/107/778 1392/119/777
f 1393/18/792 1406/131/793 1394/120/779
f 1394/120/779 1407/132/794 1395/121/780
f 1395/121/780 1408/133/795 1396/4/781
f 1396/4/796 1409/134/797 1397/122/783
f 1397/122/783 1410/135/798 1398/123/784
f 1398/123/784 1411/149/799 1399/136/785
f 1411/150/799 1400/126/786 1399/137/785
f 1412/138/800 1401/127/787 1400/126/786
f 1413/139/801 1402/19/802 1401/127/787
f 1414/140/803 1403/128/790 1402/19/789
f 1415/141/804 1404/129/791 1403/128/790
f 1416/142/805 1393/18/792 1404/129/791
f 1405/130/806 1418/144/807 1406/131/793
f 1406/131/793 1419/145/808 1407/132/794
f 1407/132/794 1420/146/809 1408/133/795
f 1408/133/810 1421/147/811 1409/134/797
f 1409/134/797 1422/148/812 1410/135/798
f 1410/135/798 1423/162/813 1411/149/799
f 1423/163/813 1412/138/800 1411/150/799
f 1424/151/814 1413/139/801 1412/138/800
f 1425/152/815 1414/140/816 1413/139/801
f 1426/153/817 1415/141/804 1414/140/803
f 1427/154/818 1416/142/805 1415/141/804
f 1428/155/819 1405/130/806 1416/142/805
f 1417/143/820 1430/157/821 1418/144/807
f 1418/144/807 1431/158/1352 1419/145/808
f 1419/145/808 1432/159/823 1420/146/809
f 1420/146/824 1433/160/825 1421/147/811
f 1421/147/811 1434/161/826 1422/148/812
f 1422/148/812 1435/175/827 1423/162/813
f 1435/176/827 1424/151/814 1423/163/813
f 1436/164/828 1425/152/815 1424/151/814
f 1437/165/829 1426/153/830 1425/152/815
f 1438/166/831 1427/154/818 1426/153/817
f 1439/167/1353 1428/155/819 1427/154/818
f 1440/168/833 1417/143/820 1428/155/819
f 1429/156/834 1442/170/835 1430/157/821
f 1430/157/821 1443/171/836 1431/158/1352
f 1431/158/1352 1444/172/837 1432/159/823
f 1432/159/838 1445/173/839 1433/160/825
f 1433/160/825 1446/174/840 1434/161/826
f 1434/161/826 1447/188/841 1435/175/827
f 1447/189/841 1436/164/828 1435/176/827
f 1448/177/842 1437/165/829 1436/164/828
f 1449/178/843 1438/166/844 1437/165/829
f 1450/179/845 1439/167/1353 1438/166/831
f 1451/180/846 1440/168/833 1439/167/1353
f 1452/181/847 1429/156/834 1440/168/833
f 1441/169/848 1454/183/849 1442/170/835
f 1442/170/835 1455/184/850 1443/171/836
f 1443/171/851 1456/185/852 1444/172/837
f 1444/172/853 1457/186/854 1445/173/839
f 1445/173/855 1458/187/856 1446/174/840
f 1446/174/840 1459/201/857 1447/188/841
f 1459/202/857 1448/177/842 1447/189/841
f 1460/190/858 1449/178/859 1448/177/842
f 1461/191/860 1450/179/861 1449/178/843
f 1462/192/862 1451/180/863 1450/179/845
f 1463/193/864 1452/181/847 1451/180/846
f 1464/194/865 1441/169/848 1452/181/847
f 1453/182/866 1466/196/867 1454/183/849
f 1454/183/849 1467/197/868 1455/184/850
f 1455/184/869 1468/198/870 1456/185/852
f 1456/185/871 1469/199/872 1457/186/854
f 1457/186/873 1470/200/874 1458/187/856
f 1458/187/856 1471/214/2 1459/201/857
f 1471/216/2 1460/190/858 1459/202/857
f 1472/203/875 1461/191/876 1460/190/858
f 1473/204/877 1462/192/878 1461/191/860
f 1474/205/879 1463/193/880 1462/192/862
f 1475/206/881 1464/194/865 1463/193/864
f 1476/207/882 1453/182/866 1464/194/865
f 1477/222/883 1466/196/867 1465/195/6
f 1478/208/884 1467/197/868 1466/196/867
f 1479/209/885 1468/198/870 1467/197/870
f 1480/210/886 1469/199/872 1468/198/872
f 1481/211/887 1470/200/874 1469/199/888
f 1482/212/889 1471/214/2 1470/200/874
f 1471/216/2 1484/217/890 1472/203/875
f 1472/203/875 1485/218/891 1473/204/892
f 1473/204/877 1486/219/893 1474/205/877
f 1474/205/879 1487/220/894 1475/206/879
f 1475/206/881 1488/221/895 1476/207/882
f 1476/207/882 1477/222/883 1465/195/6
f 1489/235/896 1478/208/884 1477/222/883
f 1490/223/897 1479/209/898 1478/208/884
f 1491/224/899 1480/210/900 1479/209/885
f 1492/225/901 1481/211/902 1480/210/886
f 1493/226/903 1482/212/889 1481/211/887
f 1494/227/904 1483/213/905 1482/212/889
f 1483/215/905 1496/230/906 1484/217/890
f 1484/217/890 1497/231/907 1485/218/891
f 1485/218/908 1498/232/909 1486/219/893
f 1486/219/910 1499/233/911 1487/220/894
f 1487/220/912 1500/234/913 1488/221/895
f 1488/221/895 1489/235/896 1477/222/883
f 1501/248/914 1490/223/897 1489/235/896
f 1502/236/915 1491/224/916 1490/223/897
f 1503/237/917 1492/225/918 1491/224/899
f 1504/238/919 1493/226/920 1492/225/901
f 1505/239/921 1494/227/904 1493/226/903
f 1506/240/922 1495/228/923 1494/227/904
f 1495/229/923 1508/243/924 1496/230/906
f 1496/230/906 1509/244/925 1497/231/907
f 1497/231/926 1510/245/927 1498/232/909
f 1498/232/928 1511/246/1354 1499/233/911
f 1499/233/930 1512/247/931 1500/234/913
f 1500/234/913 1501/248/914 1489/235/896
f 1513/261/932 1502/236/915 1501/248/914
f 1514/249/933 1503/237/917 1502/236/915
f 1515/250/934 1504/238/935 1503/237/917
f 1516/251/936 1505/239/921 1504/238/919
f 1517/252/937 1506/240/922 1505/239/921
f 1518/253/938 1507/241/939 1506/240/922
f 1507/242/939 1520/256/940 1508/243/924
f 1508/243/924 1521/257/941 1509/244/925
f 1509/244/925 1522/258/942 1510/245/927
f 1510/245/943 1523/259/944 1511/246/1354
f 1511/246/1354 1524/260/945 1512/247/931
f 1512/247/931 1513/261/932 1501/248/914
f 1525/274/946 1514/249/933 1513/261/932
f 1526/262/947 1515/250/934 1514/249/933
f 1527/263/948 1516/251/949 1515/250/934
f 1528/264/950 1517/252/937 1516/251/936
f 1529/265/951 1518/253/938 1517/252/937
f 1530/266/952 1519/254/953 1518/253/938
f 1519/255/953 1532/269/954 1520/256/940
f 1520/256/940 1533/270/955 1521/257/941
f 1521/257/941 1534/271/956 1522/258/942
f 1522/258/957 1535/272/958 1523/259/944
f 1523/259/944 1536/273/959 1524/260/945
f 1524/260/945 1525/274/946 1513/261/932
f 1537/286/960 1526/262/947 1525/274/946
f 1538/275/961 1527/263/948 1526/262/947
f 1539/276/962 1528/264/963 1527/263/948
f 1540/1/964 1529/265/951 1528/264/950
f 1541/277/965 1530/266/952 1529/265/951
f 1542/278/966 1531/267/967 1530/266/952
f 1531/268/967 1544/281/968 1532/269/954
f 1532/269/954 1545/282/969 1533/270/955
f 1533/270/955 1546/283/970 1534/271/956
f 1534/271/971 1547/284/972 1535/272/958
f 1535/272/958 1548/285/973 1536/273/959
f 1536/273/959 1537/286/960 1525/274/946
f 1549/299/974 1538/275/961 1537/286/960
f 1550/287/975 1539/276/962 1538/275/961
f 1551/288/976 1540/1/977 1539/276/962
f 1552/289/978 1541/277/965 1540/1/964
f 1553/290/979 1542/278/966 1541/277/965
f 1554/291/980 1543/279/981 1542/278/966
f 1543/280/981 1556/294/982 1544/281/968
f 1544/281/968 1557/295/983 1545/282/969
f 1545/282/969 1558/296/984 1546/283/970
f 1546/283/985 1559/297/986 1547/284/972
f 1547/284/972 1560/298/987 1548/285/973
f 1548/285/973 1549/299/974 1537/286/960
f 1561/312/988 1550/287/975 1549/299/974
f 1562/300/989 1551/288/976 1550/287/975
f 1563/301/990 1552/289/991 1551/288/976
f 1564/302/1355 1553/290/979 1552/289/978
f 1565/303/993 1554/291/980 1553/290/979
f 1566/304/994 1555/292/995 1554/291/980
f 1555/293/995 1568/307/996 1556/294/982
f 1556/294/982 1569/308/997 1557/295/983
f 1557/295/983 1570/309/1356 1558/296/984
f 1558/296/999 1571/310/1000 1559/297/986
f 1559/297/986 1572/311/1001 1560/298/987
f 1560/298/987 1561/312/988 1549/299/974
f 1573/325/1002 1562/300/989 1561/312/988
f 1574/313/1003 1563/301/990 1562/300/989
f 1575/314/1004 1564/302/1005 1563/301/990
f 1576/315/1006 1565/303/993 1564/302/1355
f 1577/316/1007 1566/304/994 1565/303/993
f 1578/317/1008 1567/305/1009 1566/304/994
f 1567/306/1009 1580/320/1010 1568/307/996
f 1568/307/996 1581/321/1011 1569/308/997
f 1569/308/997 1582/322/1012 1570/309/1356
f 1570/309/1013 1583/323/1014 1571/310/1000
f 1571/310/1000 1584/324/1015 1572/311/1001
f 1572/311/1001 1573/325/1002 1561/312/988
f 1585/338/1016 1574/313/1003 1573/325/1002
f 1586/326/1017 1575/314/1004 1574/313/1003
f 1587/327/1018 1576/315/1019 1575/314/1004
f 1588/328/1020 1577/316/1007 1576/315/1006
f 1589/329/1021 1578/317/1008 1577/316/1007
f 1590/330/1022 1579/318/1357 1578/317/1008
f 1579/319/1357 1592/333/1023 1580/320/1010
f 1580/320/1010 1593/334/1024 1581/321/1011
f 1581/321/1011 1594/335/1358 1582/322/1012
f 1582/322/1026 1595/336/1027 1583/323/1014
f 1583/323/1014 1596/337/1028 1584/324/1015
f 1584/324/1015 1585/338/1016 1573/325/1002
f 1597/351/1029 1586/326/1017 1585/338/1016
f 1598/339/1030 1587/327/1018 1586/326/1017
f 1599/340/1031 1588/328/1032 1587/327/1018
f 1600/341/1033 1589/329/1021 1588/328/1020
f 1601/342/1034 1590/330/1022 1589/329/1021
f 1602/343/1035 1591/331/1036 1590/330/1022
f 1591/332/1036 1604/346/1037 1592/333/1023
f 1592/333/1023 1605/347/1038 1593/334/1024
f 1593/334/1024 1606/348/1039 1594/335/1358
f 1594/335/1040 1607/349/1041 1595/336/1027
f 1595/336/1027 1608/350/1042 1596/337/1028
f 1596/337/1028 1597/351/1029 1585/338/1016
f 1609/671/3 1598/339/1030 1597/351/1029
f 1610/352/1043 1599/340/1031 1598/339/1030
f 1611/353/1044 1600/341/1045 1599/340/1031
f 1612/354/704 1601/342/1034 1600/341/1033
f 1613/355/1046 1602/343/1035 1601/342/1034
f 1614/356/1047 1603/344/1048 1602/343/1035
f 1603/345/1048 1616/359/1049 1604/346/1037
f 1604/346/1037 1617/360/1050 1605/347/1038
f 1605/347/1038 1618/361/718 1606/348/1039
f 1606/348/1051 1619/362/1052 1607/349/1041
f 1607/349/1041 1620/363/1053 1608/350/1042
f 1608/350/1042 1609/671/3 1597/351/1029
f 1609/366/3 1622/367/1054 1610/365/1043
f 1610/365/1043 1623/369/1055 1611/368/1044
f 1611/368/1044 1624/371/1056 1612/370/705
f 1612/370/704 1625/373/1057 1613/372/1046
f 1613/372/1046 1626/375/1058 1614/374/1047
f 1614/374/1047 1627/394/1059 1615/376/5
f 1627/395/1059 1616/379/1049 1615/377/5
f 1628/378/1060 1617/381/1050 1616/379/1049
f 1629/380/1061 1618/383/718 1617/381/1050
f 1630/382/1062 1619/385/1052 1618/383/715
f 1631/384/1063 1620/387/1053 1619/385/1052
f 1632/386/1064 1609/366/3 1620/387/1053
f 1621/364/1065 1634/389/1066 1622/367/1054
f 1622/367/1054 1635/390/1067 1623/369/1055
f 1623/369/1055 1636/391/1068 1624/371/1056
f 1624/371/1069 1637/392/1070 1625/373/1057
f 1625/373/1057 1638/393/1071 1626/375/1058
f 1626/375/1058 1639/407/1072 1627/394/1059
f 1639/408/1072 1628/378/1060 1627/395/1059
f 1640/396/1073 1629/380/1061 1628/378/1060
f 1641/397/1074 1630/382/1075 1629/380/1061
f 1642/398/1076 1631/384/1063 1630/382/1062
f 1643/399/1077 1632/386/1064 1631/384/1063
f 1644/400/1078 1621/364/1065 1632/386/1064
f 1633/388/1079 1646/402/1080 1634/389/1066
f 1634/389/1066 1647/403/1081 1635/390/1067
f 1635/390/1067 1648/404/1082 1636/391/1068
f 1636/391/1083 1649/405/1084 1637/392/1070
f 1637/392/1070 1650/406/1085 1638/393/1071
f 1638/393/1071 1651/420/1359 1639/407/1072
f 1651/421/1359 1640/396/1073 1639/408/1072
f 1652/409/1086 1641/397/1074 1640/396/1073
f 1653/410/1087 1642/398/1360 1641/397/1074
f 1654/411/1089 1643/399/1077 1642/398/1076
f 1655/412/1090 1644/400/1078 1643/399/1077
f 1656/413/1091 1633/388/1079 1644/400/1078
f 1645/401/1092 1658/415/1093 1646/402/1080
f 1646/402/1080 1659/416/1094 1647/403/1081
f 1647/403/1081 1660/417/1095 1648/404/1082
f 1648/404/1096 1661/418/1097 1649/405/1084
f 1649/405/1084 1662/419/1098 1650/406/1085
f 1650/406/1085 1663/433/1099 1651/420/1359
f 1663/434/1099 1652/409/1086 1651/421/1359
f 1664/422/1100 1653/410/1087 1652/409/1086
f 1665/423/1101 1654/411/1361 1653/410/1087
f 1666/424/1103 1655/412/1090 1654/411/1089
f 1667/425/1104 1656/413/1091 1655/412/1090
f 1668/426/1105 1645/401/1092 1656/413/1091
f 1657/414/1106 1670/428/1107 1658/415/1093
f 1658/415/1093 1671/429/1108 1659/416/1094
f 1659/416/1094 1672/430/1109 1660/417/1095
f 1660/417/1110 1673/431/1111 1661/418/1097
f 1661/418/1097 1674/432/1112 1662/419/1098
f 1662/419/1098 1675/445/1113 1663/433/1099
f 1675/446/1113 1664/422/1100 1663/434/1099
f 1676/435/1114 1665/423/1101 1664/422/1100
f 1677/436/1115 1666/424/1116 1665/423/1101
f 1678/437/1117 1667/425/1104 1666/424/1103
f 1679/438/1118 1668/426/1105 1667/425/1104
f 1680/439/1119 1657/414/1106 1668/426/1105
f 1669/427/1120 1682/440/1121 1670/428/1107
f 1670/428/1107 1683/441/1122 1671/429/1108
f 1671/429/1108 1684/442/1123 1672/430/1109
f 1672/430/1124 1685/443/1125 1673/431/1111
f 1673/431/1111 1686/444/1126 1674/432/1112
f 1674/432/1112 1687/458/1127 1675/445/1113
f 1687/459/1127 1676/435/1114 1675/446/1113
f 1688/447/1128 1677/436/1115 1676/435/1114
f 1689/448/1129 1678/437/1130 1677/436/1115
f 1690/449/1131 1679/438/1118 1678/437/1117
f 1691/450/1132 1680/439/1119 1679/438/1118
f 1692/451/1133 1669/427/1120 1680/439/1119
f 1681/15/1134 1694/453/1135 1682/440/1121
f 1682/440/1121 1695/454/1136 1683/441/1122
f 1683/441/1122 1696/455/1137 1684/442/1123
f 1684/442/1138 1697/456/1139 1685/443/1125
f 1685/443/1125 1698/457/1140 1686/444/1126
f 1686/444/1126 1699/471/1141 1687/458/1127
f 1699/472/1141 1688/447/1128 1687/459/1127
f 1700/460/1142 1689/448/1129 1688/447/1128
f 1701/461/1143 1690/449/1144 1689/448/1129
f 1702/462/1145 1691/450/1132 1690/449/1131
f 1703/463/1146 1692/451/1133 1691/450/1132
f 1704/464/1147 1681/15/1134 1692/451/1133
f 1693/452/1148 1706/466/1149 1694/453/1135
f 1694/453/1135 1707/467/1150 1695/454/1136
f 1695/454/1136 1708/468/1151 1696/455/1137
f 1696/455/1152 1709/469/1153 1697/456/1139
f 1697/456/1139 1710/470/1154 1698/457/1140
f 1698/457/1140 1711/484/1155 1699/471/1141
f 1711/485/1155 1700/460/1142 1699/472/1141
f 1712/473/1156 1701/461/1143 1700/460/1142
f 1713/474/1157 1702/462/1158 1701/461/1143
f 1714/475/1159 1703/463/1146 1702/462/1145
f 1715/476/1160 1704/464/1147 1703/463/1146
f 1716/477/1161 1693/452/1148 1704/464/1147
f 1705/465/1162 1718/479/1163 1706/466/1149
f 1706/466/1149 1719/480/1164 1707/467/1150
f 1707/467/1150 1720/481/1165 1708/468/1151
f 1708/468/1166 1721/482/1167 1709/469/1153
f 1709/469/1153 1722/483/1168 1710/470/1154
f 1710/470/1154 1723/497/1169 1711/484/1155
f 1723/498/1169 1712/473/1156 1711/485/1155
f 1724/486/1170 1713/474/1157 1712/473/1156
f 1725/487/1171 1714/475/1172 1713/474/1157
f 1726/488/1173 1715/476/1160 1714/475/1159
f 1727/489/1174 1716/477/1161 1715/476/1160
f 1728/490/1175 1705/465/1162 1716/477/1161
f 1717/478/1176 1730/492/1177 1718/479/1163
f 1718/479/1163 1731/493/1178 1719/480/1164
f 1719/480/1164 1732/494/839 1720/481/1165
f 1720/481/1179 1733/495/837 1721/482/1167
f 1721/482/1167 1734/496/1180 1722/483/1168
f 1722/483/1168 1735/510/1181 1723/497/1169
f 1735/511/1181 1724/486/1170 1723/498/1169
f 1736/499/1182 1725/487/1171 1724/486/1170
f 1737/500/845 1726/488/1183 1725/487/1171
f 1738/501/843 1727/489/1174 1726/488/1173
f 1739/502/1184 1728/490/1175 1727/489/1174
f 1740/503/1185 1717/478/1176 1728/490/1175
f 1729/491/1186 1742/505/1187 1730/492/1177
f 1730/492/1177 1743/506/1188 1731/493/1178
f 1731/493/853 1744/507/854 1732/494/839
f 1732/494/851 1745/508/852 1733/495/837
f 1733/495/1189 1746/509/1190 1734/496/1180
f 1734/496/1180 1747/523/1191 1735/510/1181
f 1747/524/1191 1736/499/1182 1735/511/1181
f 1748/512/1192 1737/500/1193 1736/499/1182
f 1749/513/862 1738/501/863 1737/500/845
f 1750/514/860 1739/502/861 1738/501/843
f 1751/515/1194 1740/503/1185 1739/502/1184
f 1752/516/1195 1729/491/1186 1740/503/1185
f 1741/504/1196 1754/518/1197 1742/505/1187
f 1742/505/1187 1755/519/888 1743/506/1188
f 1743/506/871 1756/520/872 1744/507/854
f 1744/507/869 1757/521/870 1745/508/852
f 1745/508/1198 1758/522/1199 1746/509/1190
f 1746/509/1190 1759/536/6 1747/523/1191
f 1759/538/6 1748/512/1192 1747/524/1191
f 1760/525/1200 1749/513/1201 1748/512/1192
f 1761/526/879 1750/514/880 1749/513/862
f 1762/527/877 1751/515/878 1750/514/860
f 1763/528/892 1752/516/1195 1751/515/1194
f 1764/529/1202 1741/504/1196 1752/516/1195
f 1765/544/1203 1754/518/1197 1753/517/2
f 1766/530/1204 1755/519/888 1754/518/1197
f 1767/531/886 1756/520/872 1755/519/872
f 1768/532/885 1757/521/870 1756/520/870
f 1769/533/1205 1758/522/1199 1757/521/868
f 1770/534/1206 1759/536/6 1758/522/1199
f 1759/538/6 1772/539/1207 1760/525/1200
f 1760/525/1200 1773/540/1208 1761/526/881
f 1761/526/879 1774/541/894 1762/527/879
f 1762/527/877 1775/542/893 1763/528/877
f 1763/528/892 1776/543/1209 1764/529/1202
f 1764/529/1202 1765/544/1203 1753/517/2
f 1777/557/1210 1766/530/1204 1765/544/1203
f 1778/545/1211 1767/531/1212 1766/530/1204
f 1779/546/1362 1768/532/902 1767/531/886
f 1780/547/899 1769/533/900 1768/532/885
f 1781/548/1213 1770/534/1206 1769/533/1205
f 1782/549/1214 1771/535/1215 1770/534/1206
f 1771/537/1215 1784/552/1216 1772/539/1207
f 1772/539/1207 1785/553/1217 1773/540/1208
f 1773/540/910 1786/554/911 1774/541/894
f 1774/541/908 1787/555/909 1775/542/893
f 1775/542/1218 1788/556/1219 1776/543/1209
f 1776/543/1209 1777/557/1210 1765/544/1203
f 1789/570/1220 1778/545/1211 1777/557/1210
f 1790/558/1221 1779/546/1222 1778/545/1211
f 1791/559/1223 1780/547/920 1779/546/1362
f 1792/560/1224 1781/548/918 1780/547/899
f 1793/561/1225 1782/549/1214 1781/548/1213
f 1794/562/1226 1783/550/1227 1782/549/1214
f 1783/551/1227 1796/565/1228 1784/552/1216
f 1784/552/1216 1797/566/1229 1785/553/1217
f 1785/553/928 1798/567/1230 1786/554/911
f 1786/554/926 1799/568/1231 1787/555/909
f 1787/555/1232 1800/569/1233 1788/556/1219
f 1788/556/1219 1789/570/1220 1777/557/1210
f 1801/583/1234 1790/558/1221 1789/570/1220
f 1802/571/1235 1791/559/1223 1790/558/1221
f 1803/572/1236 1792/560/1237 1791/559/1223
f 1804/573/1238 1793/561/1225 1792/560/1224
f 1805/574/1239 1794/562/1226 1793/561/1225
f 1806/575/1240 1795/563/1241 1794/562/1226
f 1795/564/1241 1808/578/1242 1796/565/1228
f 1796/565/1228 1809/579/1243 1797/566/1229
f 1797/566/1229 1810/580/1244 1798/567/1230
f 1798/567/1245 1811/581/1246 1799/568/1231
f 1799/568/1231 1812/582/1247 1800/569/1233
f 1800/569/1233 1801/583/1234 1789/570/1220
f 1813/596/1248 1802/571/1235 1801/583/1234
f 1814/584/1249 1803/572/1236 1802/571/1235
f 1815/585/1250 1804/573/1251 1803/572/1236
f 1816/586/1252 1805/574/1239 1804/573/1238
f 1817/587/1253 1806/575/1240 1805/574/1239
f 1818/588/1254 1807/576/1255 1806/575/1240
f 1807/577/1255 1820/591/1256 1808/578/1242
f 1808/578/1242 1821/592/1257 1809/579/1243
f 1809/579/1243 1822/593/1258 1810/580/1244
f 1810/580/1259 1823/594/1260 1811/581/1246
f 1811/581/1246 1824/595/1261 1812/582/1247
f 1812/582/1247 1813/596/1248 1801/583/1234
f 1825/12/1262 1814/584/1249 1813/596/1248
f 1826/597/1263 1815/585/1250 1814/584/1249
f 1827/598/1264 1816/586/1265 1815/585/1250
f 1828/8/1266 1817/587/1253 1816/586/1252
f 1829/599/1267 1818/588/1254 1817/587/1253
f 1830/600/1268 1819/589/1269 1818/588/1254
f 1819/590/1269 1832/602/1270 1820/591/1256
f 1820/591/1256 1833/603/1271 1821/592/1257
f 1821/592/1257 1834/10/1272 1822/593/1258
f 1822/593/1273 1835/604/1274 1823/594/1260
f 1823/594/1260 1836/605/1275 1824/595/1261
f 1824/595/1261 1825/12/1262 1813/596/1248
f 1837/618/1276 1826/597/1263 1825/12/1262
f 1838/606/1277 1827/598/1264 1826/597/1263
f 1839/607/1278 1828/8/1279 1827/598/1264
f 1840/608/1280 1829/599/1267 1828/8/1266
f 1841/609/1281 1830/600/1268 1829/599/1267
f 1842/610/1282 1831/7/1283 1830/600/1268
f 1831/601/1283 1844/613/1284 1832/602/1270
f 1832/602/1270 1845/614/1285 1833/603/1271
f 1833/603/1271 1846/615/1286 1834/10/1272
f 1834/10/1287 1847/616/1288 1835/604/1274
f 1835/604/1274 1848/617/1289 1836/605/1275
f 1836/605/1275 1837/618/1276 1825/12/1262
f 1849/631/1290 1838/606/1277 1837/618/1276
f 1850/619/1291 1839/607/1278 1838/606/1277
f 1851/620/1292 1840/608/1293 1839/607/1278
f 1852/621/1294 1841/609/1281 1840/608/1280
f 1853/622/1295 1842/610/1282 1841/609/1281
f 1854/623/1296 1843/611/1297 1842/610/1282
f 1843/612/1297 1856/626/1298 1844/613/1284
f 1844/613/1284 1857/627/1299 1845/614/1285
f 1845/614/1285 1858/628/1363 1846/615/1286
f 1846/615/1301 1859/629/1302 1847/616/1288
f 1847/616/1288 1860/630/1303 1848/617/1289
f 1848/617/1289 1849/631/1290 1837/618/1276
f 1861/644/1304 1850/619/1291 1849/631/1290
f 1862/632/1305 1851/620/1292 1850/619/1291
f 1863/633/1306 1852/621/1307 1851/620/1292
f 1864/634/1308 1853/622/1295 1852/621/1294
f 1865/635/1309 1854/623/1296 1853/622/1295
f 1866/636/1310 1855/624/1311 1854/623/1296
f 1855/625/1311 1868/639/1312 1856/626/1298
f 1856/626/1298 1869/640/1313 1857/627/1299
f 1857/627/1299 1870/641/1314 1858/628/1363
f 1858/628/1315 1871/642/1316 1859/629/1302
f 1859/629/1302 1872/643/1317 1860/630/1303
f 1860/630/1303 1861/644/1304 1849/631/1290
f 1873/657/1318 1862/632/1305 1861/644/1304
f 1874/645/1319 1863/633/1306 1862/632/1305
f 1875/646/1320 1864/634/1321 1863/633/1306
f 1876/647/1322 1865/635/1309 1864/634/1308
f 1877/648/1323 1866/636/1310 1865/635/1309
f 1878/649/1324 1867/637/1325 1866/636/1310
f 1867/638/1325 1880/652/1326 1868/639/1312
f 1868/639/1312 1881/653/1327 1869/640/1313
f 1869/640/1313 1882/654/1364 1870/641/1314
f 1870/641/1329 1883/655/1330 1871/642/1316
f 1871/642/1316 1884/656/1331 1872/643/1317
f 1872/643/1317 1873/657/1318 1861/644/1304
f 1885/670/1332 1874/645/1319 1873/657/1318
f 1886/658/1333 1875/646/1320 1874/645/1319
f 1887/659/1334 1876/647/1335 1875/646/1320
f 1888/660/1336 1877/648/1323 1876/647/1322
f 1889/661/1337 1878/649/1324 1877/648/1323
f 1890/662/1338 1879/650/1339 1878/649/1324
f 1879/651/1339 1892/665/1340 1880/652/1326
f 1880/652/1326 1893/666/1341 1881/653/1327
f 1881/653/1327 1894/667/1342 1882/654/1364
f 1882/654/1343 1895/668/1344 1883/655/1330
f 1883/655/1330 1896/669/1345 1884/656/1331
f 1884/656/1331 1885/670/1332 1873/657/1318
f 1321/46/5 1886/658/1333 1885/670/1332
f 1322/45/700 1887/659/1334 1886/658/1333
f 1323/48/702 1888/660/1346 1887/659/1334
f 1324/50/705 1889/661/1337 1888/660/1336
f 1325/52/707 1890/662/1338 1889/661/1337
f 1326/54/709 1891/663/1347 1890/662/1338
f 1891/664/1347 1328/59/711 1892/665/1340
f 1892/665/1340 1329/61/713 1893/666/1341
f 1893/666/1341 1330/63/715 1894/667/1342
f 1894/667/1348 1331/65/717 1895/668/1344
f 1895/668/1344 1332/67/720 1896/669/1345
f 1896/669/1345 1321/46/5 1885/670/1332
f 1897/46/5 1910/47/699 1898/45/700
f 1898/45/700 1911/49/701 1899/48/702
f 1899/48/702 1912/51/703 1900/50/704
f 1900/50/705 1913/53/706 1901/52/707
f 1901/52/707 1914/55/708 1902/54/709
f 1902/54/709 1915/74/710 1903/56/3
f 1915/75/710 1904/59/711 1903/57/3
f 1916/58/712 1905/61/713 1904/59/711
f 1917/60/714 1906/63/715 1905/61/713
f 1918/62/716 1907/65/717 1906/63/718
f 1919/64/719 1908/67/720 1907/65/717
f 1920/66/721 1897/46/5 1908/67/720
f 1909/44/722 1922/69/723 1910/47/699
f 1910/47/699 1923/70/724 1911/49/701
f 1911/49/701 1924/71/725 1912/51/703
f 1912/51/726 1925/72/727 1913/53/706
f 1913/53/706 1926/73/728 1914/55/708
f 1914/55/708 1927/87/729 1915/74/710
f 1927/88/729 1916/58/712 1915/75/710
f 1928/76/730 1917/60/714 1916/58/712
f 1929/77/731 1918/62/732 1917/60/714
f 1930/78/733 1919/64/719 1918/62/716
f 1931/79/734 1920/66/721 1919/64/719
f 1932/80/735 1909/44/722 1920/66/721
f 1921/68/736 1934/82/737 1922/69/723
f 1922/69/723 1935/83/738 1923/70/724
f 1923/70/724 1936/84/739 1924/71/725
f 1924/71/740 1937/85/741 1925/72/727
f 1925/72/727 1938/86/742 1926/73/728
f 1926/73/728 1939/100/743 1927/87/729
f 1939/101/743 1928/76/730 1927/88/729
f 1940/89/744 1929/77/731 1928/76/730
f 1941/90/745 1930/78/746 1929/77/731
f 1942/91/747 1931/79/734 1930/78/733
f 1943/92/748 1932/80/735 1931/79/734
f 1944/93/749 1921/68/736 1932/80/735
f 1933/81/750 1946/95/751 1934/82/737
f 1934/82/737 1947/96/752 1935/83/738
f 1935/83/738 1948/97/753 1936/84/739
f 1936/84/754 1949/98/755 1937/85/741
f 1937/85/741 1950/99/756 1938/86/742
f 1938/86/742 1951/113/757 1939/100/743
f 1951/114/757 1940/89/744 1939/101/743
f 1952/102/758 1941/90/745 1940/89/744
f 1953/103/759 1942/91/760 1941/90/745
f 1954/104/761 1943/92/748 1942/91/747
f 1955/105/762 1944/93/749 1943/92/748
f 1956/106/763 1933/81/750 1944/93/749
f 1945/94/764 1958/108/765 1946/95/751
f 1946/95/751 1959/109/766 1947/96/752
f 1947/96/752 1960/110/767 1948/97/753
f 1948/97/768 1961/111/769 1949/98/755
f 1949/98/755 1962/112/770 1950/99/756
f 1950/99/756 1963/124/771 1951/113/757
f 1963/125/771 1952/102/758 1951/114/757
f 1964/115/772 1953/103/759 1952/102/758
f 1965/116/773 1954/104/774 1953/103/759
f 1966/117/775 1955/105/762 1954/104/761
f 1967/118/776 1956/106/763 1955/105/762
f 1968/119/777 1945/94/764 1956/106/763
f 1957/107/778 1970/120/779 1958/108/765
f 1958/108/765 1971/121/780 1959/109/766
f 1959/109/766 1972/4/781 1960/110/767
f 1960/110/782 1973/122/783 1961/111/769
f 1961/111/769 1974/123/784 1962/112/770
f 1962/112/770 1975/136/785 1963/124/771
f 1975/137/785 1964/115/772 1963/125/771
f 1976/126/786 1965/116/773 1964/115/772
f 1977/127/787 1966/117/788 1965/116/773
f 1978/19/789 1967/118/776 1966/117/775
f 1979/128/790 1968/119/777 1967/118/776
f 1980/129/791 1957/107/778 1968/119/777
f 1969/18/792 1982/131/793 1970/120/779
f 1970/120/779 1983/132/794 1971/121/780
f 1971/121/780 1984/133/795 1972/4/781
f 1972/4/796 1985/134/797 1973/122/783
f 1973/122/783 1986/135/798 1974/123/784
f 1974/123/784 1987/149/799 1975/136/785
f 1987/150/799 1976/126/786 1975/137/785
f 1988/138/800 1977/127/787 1976/126/786
f 1989/139/801 1978/19/802 1977/127/787
f 1990/140/803 1979/128/790 1978/19/789
f 1991/141/804 1980/129/791 1979/128/790
f 1992/142/805 1969/18/792 1980/129/791
f 1981/130/806 1994/144/807 1982/131/793
f 1982/131/793 1995/145/808 1983/132/794
f 1983/132/794 1996/146/809 1984/133/795
f 1984/133/810 1997/147/811 1985/134/797
f 1985/134/797 1998/148/812 1986/135/798
f 1986/135/798 1999/162/813 1987/149/799
f 1999/163/813 1988/138/800 1987/150/799
f 2000/151/814 1989/139/801 1988/138/800
f 2001/152/815 1990/140/816 1989/139/801
f 2002/153/817 1991/141/804 1990/140/803
f 2003/154/818 1992/142/805 1991/141/804
f 2004/155/819 1981/130/806 1992/142/805
f 1993/143/820 2006/157/821 1994/144/807
f 1994/144/807 2007/158/822 1995/145/808
f 1995/145/808 2008/159/823 1996/146/809
f 1996/146/824 2009/160/825 1997/147/811
f 1997/147/811 2010/161/826 1998/148/812
f 1998/148/812 2011/175/827 1999/162/813
f 2011/176/827 2000/151/814 1999/163/813
f 2012/164/828 2001/152/815 2000/151/814
f 2013/165/829 2002/153/830 2001/152/815
f 2014/166/831 2003/154/818 2002/153/817
f 2015/167/832 2004/155/819 2003/154/818
f 2016/168/833 1993/143/820 2004/155/819
f 2005/156/834 2018/170/835 2006/157/821
f 2006/157/821 2019/171/836 2007/158/822
f 2007/158/822 2020/172/837 2008/159/823
f 2008/159/838 2021/173/839 2009/160/825
f 2009/160/825 2022/174/840 2010/161/826
f 2010/161/826 2023/188/841 2011/175/827
f 2023/189/841 2012/164/828 2011/176/827
f 2024/177/842 2013/165/829 2012/164/828
f 2025/178/843 2014/166/844 2013/165/829
f 2026/179/845 2015/167/832 2014/166/831
f 2027/180/846 2016/168/833 2015/167/832
f 2028/181/847 2005/156/834 2016/168/833
f 2017/169/848 2030/183/849 2018/170/835
f 2018/170/835 2031/184/850 2019/171/836
f 2019/171/851 2032/185/852 2020/172/837
f 2020/172/853 2033/186/854 2021/173/839
f 2021/173/855 2034/187/856 2022/174/840
f 2022/174/840 2035/201/857 2023/188/841
f 2035/202/857 2024/177/842 2023/189/841
f 2036/190/858 2025/178/859 2024/177/842
f 2037/191/860 2026/179/861 2025/178/843
f 2038/192/862 2027/180/863 2026/179/845
f 2039/193/864 2028/181/847 2027/180/846
f 2040/194/865 2017/169/848 2028/181/847
f 2029/182/866 2042/196/867 2030/183/849
f 2030/183/849 2043/197/868 2031/184/850
f 2031/184/869 2044/198/870 2032/185/852
f 2032/185/871 2045/199/872 2033/186/854
f 2033/186/873 2046/200/874 2034/187/856
f 2034/187/856 2047/214/2 2035/201/857
f 2047/216/2 2036/190/858 2035/202/857
f 2048/203/875 2037/191/876 2036/190/858
f 2049/204/877 2038/192/878 2037/191/860
f 2050/205/879 2039/193/880 2038/192/862
f 2051/206/881 2040/194/865 2039/193/864
f 2052/207/882 2029/182/866 2040/194/865
f 2053/222/883 2042/196/867 2041/195/6
f 2054/208/884 2043/197/868 2042/196/867
f 2055/209/885 2044/198/870 2043/197/870
f 2056/210/886 2045/199/872 2044/198/872
f 2057/211/887 2046/200/874 2045/199/888
f 2058/212/889 2047/214/2 2046/200/874
f 2047/216/2 2060/217/890 2048/203/875
f 2048/203/875 2061/218/891 2049/204/892
f 2049/204/877 2062/219/893 2050/205/877
f 2050/205/879 2063/220/894 2051/206/879
f 2051/206/881 2064/221/895 2052/207/882
f 2052/207/882 2053/222/883 2041/195/6
f 2065/235/896 2054/208/884 2053/222/883
f 2066/223/897 2055/209/898 2054/208/884
f 2067/224/899 2056/210/900 2055/209/885
f 2068/225/901 2057/211/902 2056/210/886
f 2069/226/903 2058/212/889 2057/211/887
f 2070/227/904 2059/213/905 2058/212/889
f 2059/215/905 2072/230/906 2060/217/890
f 2060/217/890 2073/231/907 2061/218/891
f 2061/218/908 2074/232/909 2062/219/893
f 2062/219/910 2075/233/911 2063/220/894
f 2063/220/912 2076/234/913 2064/221/895
f 2064/221/895 2065/235/896 2053/222/883
f 2077/248/914 2066/223/897 2065/235/896
f 2078/236/915 2067/224/916 2066/223/897
f 2079/237/1365 2068/225/918 2067/224/899
f 2080/238/919 2069/226/920 2068/225/901
f 2081/239/921 2070/227/904 2069/226/903
f 2082/240/922 2071/228/923 2070/227/904
f 2071/229/923 2084/243/924 2072/230/906
f 2072/230/906 2085/244/925 2073/231/907
f 2073/231/926 2086/245/927 2074/232/909
f 2074/232/928 2087/246/929 2075/233/911
f 2075/233/930 2088/247/931 2076/234/913
f 2076/234/913 2077/248/914 2065/235/896
f 2089/261/932 2078/236/915 2077/248/914
f 2090/249/933 2079/237/1365 2078/236/915
f 2091/250/934 2080/238/935 2079/237/1365
f 2092/251/936 2081/239/921 2080/238/919
f 2093/252/937 2082/240/922 2081/239/921
f 2094/253/938 2083/241/939 2082/240/922
f 2083/242/939 2096/256/940 2084/243/924
f 2084/243/924 2097/257/941 2085/244/925
f 2085/244/925 2098/258/942 2086/245/927
f 2086/245/943 2099/259/944 2087/246/929
f 2087/246/929 2100/260/945 2088/247/931
f 2088/247/931 2089/261/932 2077/248/914
f 2101/274/946 2090/249/933 2089/261/932
f 2102/262/947 2091/250/934 2090/249/933
f 2103/263/948 2092/251/949 2091/250/934
f 2104/264/950 2093/252/937 2092/251/936
f 2105/265/951 2094/253/938 2093/252/937
f 2106/266/952 2095/254/953 2094/253/938
f 2095/255/953 2108/269/954 2096/256/940
f 2096/256/940 2109/270/955 2097/257/941
f 2097/257/941 2110/271/956 2098/258/942
f 2098/258/957 2111/272/958 2099/259/944
f 2099/259/944 2112/273/959 2100/260/945
f 2100/260/945 2101/274/946 2089/261/932
f 2113/286/960 2102/262/947 2101/274/946
f 2114/275/961 2103/263/948 2102/262/947
f 2115/276/962 2104/264/963 2103/263/948
f 2116/1/964 2105/265/951 2104/264/950
f 2117/277/965 2106/266/952 2105/265/951
f 2118/278/966 2107/267/967 2106/266/952
f 2107/268/967 2120/281/968 2108/269/954
f 2108/269/954 2121/282/969 2109/270/955
f 2109/270/955 2122/283/970 2110/271/956
f 2110/271/971 2123/284/972 2111/272/958
f 2111/272/958 2124/285/973 2112/273/959
f 2112/273/959 2113/286/960 2101/274/946
f 2125/299/974 2114/275/961 2113/286/960
f 2126/287/975 2115/276/962 2114/275/961
f 2127/288/976 2116/1/977 2115/276/962
f 2128/289/978 2117/277/965 2116/1/964
f 2129/290/979 2118/278/966 2117/277/965
f 2130/291/980 2119/279/981 2118/278/966
f 2119/280/981 2132/294/982 2120/281/968
f 2120/281/968 2133/295/983 2121/282/969
f 2121/282/969 2134/296/984 2122/283/970
f 2122/283/985 2135/297/986 2123/284/972
f 2123/284/972 2136/298/987 2124/285/973
f 2124/285/973 2125/299/974 2113/286/960
f 2137/312/988 2126/287/975 2125/299/974
f 2138/300/989 2127/288/976 2126/287/975
f 2139/301/990 2128/289/991 2127/288/976
f 2140/302/1355 2129/290/979 2128/289/978
f 2141/303/993 2130/291/980 2129/290/979
f 2142/304/994 2131/292/995 2130/291/980
f 2131/293/995 2144/307/996 2132/294/982
f 2132/294/982 2145/308/997 2133/295/983
f 2133/295/983 2146/309/1356 2134/296/984
f 2134/296/999 2147/310/1000 2135/297/986
f 2135/297/986 2148/311/1001 2136/298/987
f 2136/298/987 2137/312/988 2125/299/974
f 2149/325/1002 2138/300/989 2137/312/988
f 2150/313/1003 2139/301/990 2138/300/989
f 2151/314/1004 2140/302/1005 2139/301/990
f 2152/315/1006 2141/303/993 2140/302/1355
f 2153/316/1007 2142/304/994 2141/303/993
f 2154/317/1008 2143/305/1009 2142/304/994
f 2143/306/1009 2156/320/1010 2144/307/996
f 2144/307/996 2157/321/1011 2145/308/997
f 2145/308/997 2158/322/1012 2146/309/1356
f 2146/309/1013 2159/323/1014 2147/310/1000
f 2147/310/1000 2160/324/1015 2148/311/1001
f 2148/311/1001 2149/325/1002 2137/312/988
f 2161/338/1016 2150/313/1003 2149/325/1002
f 2162/326/1017 2151/314/1004 2150/313/1003
f 2163/327/1018 2152/315/1019 2151/314/1004
f 2164/328/1366 2153/316/1007 2152/315/1006
f 2165/329/1021 2154/317/1008 2153/316/1007
f 2166/330/1022 2155/318/1367 2154/317/1008
f 2155/319/1367 2168/333/1023 2156/320/1010
f 2156/320/1010 2169/334/1024 2157/321/1011
f 2157/321/1011 2170/335/1025 2158/322/1012
f 2158/322/1026 2171/336/1027 2159/323/1014
f 2159/323/1014 2172/337/1028 2160/324/1015
f 2160/324/1015 2161/338/1016 2149/325/1002
f 2173/351/1029 2162/326/1017 2161/338/1016
f 2174/339/1030 2163/327/1018 2162/326/1017
f 2175/340/1031 2164/328/1032 2163/327/1018
f 2176/341/1033 2165/329/1021 2164/328/1366
f 2177/342/1034 2166/330/1022 2165/329/1021
f 2178/343/1035 2167/331/1036 2166/330/1022
f 2167/332/1036 2180/346/1037 2168/333/1023
f 2168/333/1023 2181/347/1038 2169/334/1024
f 2169/334/1024 2182/348/1039 2170/335/1025
f 2170/335/1040 2183/349/1041 2171/336/1027
f 2171/336/1027 2184/350/1042 2172/337/1028
f 2172/337/1028 2173/351/1029 2161/338/1016
f 2185/671/3 2174/339/1030 2173/351/1029
f 2186/352/1043 2175/340/1031 2174/339/1030
f 2187/353/1044 2176/341/1045 2175/340/1031
f 2188/354/704 2177/342/1034 2176/341/1033
f 2189/355/1046 2178/343/1035 2177/342/1034
f 2190/356/1047 2179/344/1048 2178/343/1035
f 2179/345/1048 2192/359/1049 2180/346/1037
f 2180/346/1037 2193/360/1050 2181/347/1038
f 2181/347/1038 2194/361/718 2182/348/1039
f 2182/348/1051 2195/362/1052 2183/349/1041
f 2183/349/1041 2196/363/1053 2184/350/1042
f 2184/350/1042 2185/671/3 2173/351/1029
f 2185/366/3 2198/367/1054 2186/365/1043
f 2186/365/1043 2199/369/1055 2187/368/1044
f 2187/368/1044 2200/371/1056 2188/370/705
f 2188/370/704 2201/373/1057 2189/372/1046
f 2189/372/1046 2202/375/1058 2190/374/1047
f 2190/374/1047 2203/394/1059 2191/376/5
f 2203/395/1059 2192/379/1049 2191/377/5
f 2204/378/1060 2193/381/1050 2192/379/1049
f 2205/380/1061 2194/383/718 2193/381/1050
f 2206/382/1062 2195/385/1052 2194/383/715
f 2207/384/1063 2196/387/1053 2195/385/1052
f 2208/386/1064 2185/366/3 2196/387/1053
f 2197/364/1065 2210/389/1066 2198/367/1054
f 2198/367/1054 2211/390/1067 2199/369/1055
f 2199/369/1055 2212/391/1068 2200/371/1056
f 2200/371/1069 2213/392/1070 2201/373/1057
f 2201/373/1057 2214/393/1071 2202/375/1058
f 2202/375/1058 2215/407/1072 2203/394/1059
f 2215/408/1072 2204/378/1060 2203/395/1059
f 2216/396/1073 2205/380/1061 2204/378/1060
f 2217/397/1074 2206/382/1075 2205/380/1061
f 2218/398/1076 2207/384/1063 2206/382/1062
f 2219/399/1077 2208/386/1064 2207/384/1063
f 2220/400/1078 2197/364/1065 2208/386/1064
f 2209/388/1079 2222/402/1080 2210/389/1066
f 2210/389/1066 2223/403/1081 2211/390/1067
f 2211/390/1067 2224/404/1082 2212/391/1068
f 2212/391/1368 2225/405/1084 2213/392/1070
f 2213/392/1070 2226/406/1085 2214/393/1071
f 2214/393/1071 2227/420/1359 2215/407/1072
f 2227/421/1359 2216/396/1073 2215/408/1072
f 2228/409/1086 2217/397/1074 2216/396/1073
f 2229/410/1087 2218/398/1088 2217/397/1074
f 2230/411/1089 2219/399/1077 2218/398/1076
f 2231/412/1090 2220/400/1078 2219/399/1077
f 2232/413/1091 2209/388/1079 2220/400/1078
f 2221/401/1092 2234/415/1093 2222/402/1080
f 2222/402/1080 2235/416/1094 2223/403/1081
f 2223/403/1081 2236/417/1095 2224/404/1082
f 2224/404/1096 2237/418/1097 2225/405/1084
f 2225/405/1084 2238/419/1098 2226/406/1085
f 2226/406/1085 2239/433/1099 2227/420/1359
f 2239/434/1099 2228/409/1086 2227/421/1359
f 2240/422/1100 2229/410/1087 2228/409/1086
f 2241/423/1101 2230/411/1361 2229/410/1087
f 2242/424/1103 2231/412/1090 2230/411/1089
f 2243/425/1104 2232/413/1091 2231/412/1090
f 2244/426/1105 2221/401/1092 2232/413/1091
f 2233/414/1106 2246/428/1107 2234/415/1093
f 2234/415/1093 2247/429/1108 2235/416/1094
f 2235/416/1094 2248/430/1109 2236/417/1095
f 2236/417/1369 2249/431/1111 2237/418/1097
f 2237/418/1097 2250/432/1112 2238/419/1098
f 2238/419/1098 2251/445/1113 2239/433/1099
f 2251/446/1113 2240/422/1100 2239/434/1099
f 2252/435/1114 2241/423/1101 2240/422/1100
f 2253/436/1115 2242/424/1116 2241/423/1101
f 2254/437/1117 2243/425/1104 2242/424/1103
f 2255/438/1118 2244/426/1105 2243/425/1104
f 2256/439/1119 2233/414/1106 2244/426/1105
f 2245/427/1120 2258/440/1121 2246/428/1107
f 2246/428/1107 2259/441/1122 2247/429/1108
f 2247/429/1108 2260/442/1123 2248/430/1109
f 2248/430/1124 2261/443/1125 2249/431/1111
f 2249/431/1111 2262/444/1126 2250/432/1112
f 2250/432/1112 2263/458/1127 2251/445/1113
f 2263/459/1127 2252/435/1114 2251/446/1113
f 2264/447/1128 2253/436/1115 2252/435/1114
f 2265/448/1129 2254/437/1130 2253/436/1115
f 2266/449/1131 2255/438/1118 2254/437/1117
f 2267/450/1132 2256/439/1119 2255/438/1118
f 2268/451/1133 2245/427/1120 2256/439/1119
f 2257/15/1134 2270/453/1135 2258/440/1121
f 2258/440/1121 2271/454/1136 2259/441/1122
f 2259/441/1122 2272/455/1137 2260/442/1123
f 2260/442/1138 2273/456/1139 2261/443/1125
f 2261/443/1125 2274/457/1140 2262/444/1126
f 2262/444/1126 2275/471/1141 2263/458/1127
f 2275/472/1141 2264/447/1128 2263/459/1127
f 2276/460/1142 2265/448/1129 2264/447/1128
f 2277/461/1143 2266/449/1144 2265/448/1129
f 2278/462/1145 2267/450/1132 2266/449/1131
f 2279/463/1146 2268/451/1133 2267/450/1132
f 2280/464/1147 2257/15/1134 2268/451/1133
f 2269/452/1148 2282/466/1149 2270/453/1135
f 2270/453/1135 2283/467/1150 2271/454/1136
f 2271/454/1136 2284/468/1151 2272/455/1137
f 2272/455/1152 2285/469/1153 2273/456/1139
f 2273/456/1139 2286/470/1154 2274/457/1140
f 2274/457/1140 2287/484/1155 2275/471/1141
f 2287/485/1155 2276/460/1142 2275/472/1141
f 2288/473/1156 2277/461/1143 2276/460/1142
f 2289/474/1157 2278/462/1158 2277/461/1143
f 2290/475/1159 2279/463/1146 2278/462/1145
f 2291/476/1160 2280/464/1147 2279/463/1146
f 2292/477/1161 2269/452/1148 2280/464/1147
f 2281/465/1162 2294/479/1163 2282/466/1149
f 2282/466/1149 2295/480/1370 2283/467/1150
f 2283/467/1150 2296/481/1165 2284/468/1151
f 2284/468/1166 2297/482/1167 2285/469/1153
f 2285/469/1153 2298/483/1168 2286/470/1154
f 2286/470/1154 2299/497/1169 2287/484/1155
f 2299/498/1169 2288/473/1156 2287/485/1155
f 2300/486/1170 2289/474/1157 2288/473/1156
f 2301/487/1171 2290/475/1172 2289/474/1157
f 2302/488/1173 2291/476/1160 2290/475/1159
f 2303/489/1371 2292/477/1161 2291/476/1160
f 2304/490/1175 2281/465/1162 2292/477/1161
f 2293/478/1176 2306/492/1177 2294/479/1163
f 2294/479/1163 2307/493/1178 2295/480/1370
f 2295/480/1370 2308/494/839 2296/481/1165
f 2296/481/1179 2309/495/837 2297/482/1167
f 2297/482/1167 2310/496/1180 2298/483/1168
f 2298/483/1168 2311/510/1181 2299/497/1169
f 2311/511/1181 2300/486/1170 2299/498/1169
f 2312/499/1182 2301/487/1171 2300/486/1170
f 2313/500/845 2302/488/1183 2301/487/1171
f 2314/501/843 2303/489/1371 2302/488/1173
f 2315/502/1184 2304/490/1175 2303/489/1371
f 2316/503/1185 2293/478/1176 2304/490/1175
f 2305/491/1186 2318/505/1187 2306/492/1177
f 2306/492/1177 2319/506/1188 2307/493/1178
f 2307/493/853 2320/507/854 2308/494/839
f 2308/494/851 2321/508/852 2309/495/837
f 2309/495/1189 2322/509/1190 2310/496/1180
f 2310/496/1180 2323/523/1191 2311/510/1181
f 2323/524/1191 2312/499/1182 2311/511/1181
f 2324/512/1192 2313/500/1193 2312/499/1182
f 2325/513/862 2314/501/863 2313/500/845
f 2326/514/860 2315/502/861 2314/501/843
f 2327/515/1194 2316/503/1185 2315/502/1184
f 2328/516/1195 2305/491/1186 2316/503/1185
f 2317/504/1196 2330/518/1197 2318/505/1187
f 2318/505/1187 2331/519/888 2319/506/1188
f 2319/506/871 2332/520/872 2320/507/854
f 2320/507/869 2333/521/870 2321/508/852
f 2321/508/1198 2334/522/1199 2322/509/1190
f 2322/509/1190 2335/536/6 2323/523/1191
f 2335/538/6 2324/512/1192 2323/524/1191
f 2336/525/1200 2325/513/1201 2324/512/1192
f 2337/526/879 2326/514/880 2325/513/862
f 2338/527/877 2327/515/878 2326/514/860
f 2339/528/892 2328/516/1195 2327/515/1194
f 2340/529/1202 2317/504/1196 2328/516/1195
f 2341/544/1203 2330/518/1197 2329/517/2
f 2342/530/1204 2331/519/888 2330/518/1197
f 2343/531/886 2332/520/872 2331/519/872
f 2344/532/885 2333/521/870 2332/520/870
f 2345/533/1205 2334/522/1199 2333/521/868
f 2346/534/1206 2335/536/6 2334/522/1199
f 2335/538/6 2348/539/1207 2336/525/1200
f 2336/525/1200 2349/540/1208 2337/526/881
f 2337/526/879 2350/541/894 2338/527/879
f 2338/527/877 2351/542/893 2339/528/877
f 2339/528/892 2352/543/1209 2340/529/1202
f 2340/529/1202 2341/544/1203 2329/517/2
f 2353/557/1210 2342/530/1204 2341/544/1203
f 2354/545/1211 2343/531/1212 2342/530/1204
f 2355/546/901 2344/532/902 2343/531/886
f 2356/547/899 2345/533/900 2344/532/885
f 2357/548/1213 2346/534/1206 2345/533/1205
f 2358/549/1214 2347/535/1215 2346/534/1206
f 2347/537/1215 2360/552/1216 2348/539/1207
f 2348/539/1207 2361/553/1217 2349/540/1208
f 2349/540/910 2362/554/911 2350/541/894
f 2350/541/908 2363/555/909 2351/542/893
f 2351/542/1218 2364/556/1219 2352/543/1209
f 2352/543/1209 2353/557/1210 2341/544/1203
f 2365/570/1220 2354/545/1211 2353/557/1210
f 2366/558/1221 2355/546/1222 2354/545/1211
f 2367/559/1372 2356/547/920 2355/546/901
f 2368/560/1224 2357/548/918 2356/547/899
f 2369/561/1225 2358/549/1214 2357/548/1213
f 2370/562/1226 2359/550/1227 2358/549/1214
f 2359/551/1227 2372/565/1228 2360/552/1216
f 2360/552/1216 2373/566/1229 2361/553/1217
f 2361/553/928 2374/567/1230 2362/554/911
f 2362/554/926 2375/568/1373 2363/555/909
f 2363/555/1232 2376/569/1233 2364/556/1219
f 2364/556/1219 2365/570/1220 2353/557/1210
f 2377/583/1234 2366/558/1221 2365/570/1220
f 2378/571/1235 2367/559/1372 2366/558/1221
f 2379/572/1236 2368/560/1237 2367/559/1372
f 2380/573/1238 2369/561/1225 2368/560/1224
f 2381/574/1239 2370/562/1226 2369/561/1225
f 2382/575/1240 2371/563/1241 2370/562/1226
f 2371/564/1241 2384/578/1242 2372/565/1228
f 2372/565/1228 2385/579/1243 2373/566/1229
f 2373/566/1229 2386/580/1244 2374/567/1230
f 2374/567/1245 2387/581/1246 2375/568/1373
f 2375/568/1373 2388/582/1247 2376/569/1233
f 2376/569/1233 2377/583/1234 2365/570/1220
f 2389/596/1248 2378/571/1235 2377/583/1234
f 2390/584/1249 2379/572/1236 2378/571/1235
f 2391/585/1250 2380/573/1251 2379/572/1236
f 2392/586/1252 2381/574/1239 2380/573/1238
f 2393/587/1253 2382/575/1240 2381/574/1239
f 2394/588/1254 2383/576/1255 2382/575/1240
f 2383/577/1255 2396/591/1256 2384/578/1242
f 2384/578/1242 2397/592/1257 2385/579/1243
f 2385/579/1243 2398/593/1258 2386/580/1244
f 2386/580/1259 2399/594/1260 2387/581/1246
f 2387/581/1246 2400/595/1261 2388/582/1247
f 2388/582/1247 2389/596/1248 2377/583/1234
f 2401/12/1262 2390/584/1249 2389/596/1248
f 2402/597/1263 2391/585/1250 2390/584/1249
f 2403/598/1264 2392/586/1265 2391/585/1250
f 2404/8/1266 2393/587/1253 2392/586/1252
f 2405/599/1267 2394/588/1254 2393/587/1253
f 2406/600/1268 2395/589/1269 2394/588/1254
f 2395/590/1269 2408/602/1270 2396/591/1256
f 2396/591/1256 2409/603/1271 2397/592/1257
f 2397/592/1257 2410/10/1272 2398/593/1258
f 2398/593/1273 2411/604/1274 2399/594/1260
f 2399/594/1260 2412/605/1275 2400/595/1261
f 2400/595/1261 2401/12/1262 2389/596/1248
f 2413/618/1276 2402/597/1263 2401/12/1262
f 2414/606/1277 2403/598/1264 2402/597/1263
f 2415/607/1278 2404/8/1279 2403/598/1264
f 2416/608/1280 2405/599/1267 2404/8/1266
f 2417/609/1281 2406/600/1268 2405/599/1267
f 2418/610/1282 2407/7/1283 2406/600/1268
f 2407/601/1283 2420/613/1284 2408/602/1270
f 2408/602/1270 2421/614/1285 2409/603/1271
f 2409/603/1271 2422/615/1286 2410/10/1272
f 2410/10/1287 2423/616/1288 2411/604/1274
f 2411/604/1274 2424/617/1289 2412/605/1275
f 2412/605/1275 2413/618/1276 2401/12/1262
f 2425/631/1290 2414/606/1277 2413/618/1276
f 2426/619/1291 2415/607/1278 2414/606/1277
f 2427/620/1292 2416/608/1293 2415/607/1278
f 2428/621/1374 2417/609/1281 2416/608/1280
f 2429/622/1295 2418/610/1282 2417/609/1281
f 2430/623/1296 2419/611/1297 2418/610/1282
f 2419/612/1297 2432/626/1298 2420/613/1284
f 2420/613/1284 2433/627/1299 2421/614/1285
f 2421/614/1285 2434/628/1363 2422/615/1286
f 2422/615/1301 2435/629/1302 2423/616/1288
f 2423/616/1288 2436/630/1303 2424/617/1289
f 2424/617/1289 2425/631/1290 2413/618/1276
f 2437/644/1304 2426/619/1291 2425/631/1290
f 2438/632/1305 2427/620/1292 2426/619/1291
f 2439/633/1306 2428/621/1307 2427/620/1292
f 2440/634/1308 2429/622/1295 2428/621/1374
f 2441/635/1309 2430/623/1296 2429/622/1295
f 2442/636/1310 2431/624/1311 2430/623/1296
f 2431/625/1311 2444/639/1312 2432/626/1298
f 2432/626/1298 2445/640/1313 2433/627/1299
f 2433/627/1299 2446/641/1314 2434/628/1363
f 2434/628/1315 2447/642/1316 2435/629/1302
f 2435/629/1302 2448/643/1317 2436/630/1303
f 2436/630/1303 2437/644/1304 2425/631/1290
f 2449/657/1318 2438/632/1305 2437/644/1304
f 2450/645/1319 2439/633/1306 2438/632/1305
f 2451/646/1320 2440/634/1321 2439/633/1306
f 2452/647/1375 2441/635/1309 2440/634/1308
f 2453/648/1323 2442/636/1310 2441/635/1309
f 2454/649/1324 2443/637/1325 2442/636/1310
f 2443/638/1325 2456/652/1326 2444/639/1312
f 2444/639/1312 2457/653/1327 2445/640/1313
f 2445/640/1313 2458/654/1328 2446/641/1314
f 2446/641/1329 2459/655/1330 2447/642/1316
f 2447/642/1316 2460/656/1331 2448/643/1317
f 2448/643/1317 2449/657/1318 2437/644/1304
f 2461/670/1332 2450/645/1319 2449/657/1318
f 2462/658/1333 2451/646/1320 2450/645/1319
f 2463/659/1334 2452/647/1335 2451/646/1320
f 2464/660/1336 2453/648/1323 2452/647/1375
f 2465/661/1337 2454/649/1324 2453/648/1323
f 2466/662/1338 2455/650/1339 2454/649/1324
f 2455/651/1339 2468/665/1340 2456/652/1326
f 2456/652/1326 2469/666/1341 2457/653/1327
f 2457/653/1327 2470/667/1342 2458/654/1328
f 2458/654/1343 2471/668/1344 2459/655/1330
f 2459/655/1330 2472/669/1345 2460/656/1331
f 2460/656/1331 2461/670/1332 2449/657/1318
f 1897/46/5 2462/658/1333 2461/670/1332
f 1898/45/700 2463/659/1334 2462/658/1333
f 1899/48/702 2464/660/1346 2463/659/1334
f 1900/50/705 2465/661/1337 2464/660/1336
f 1901/52/707 2466/662/1338 2465/661/1337
f 1902/54/709 2467/663/1347 2466/662/1338
f 2467/664/1347 1904/59/711 2468/665/1340
f 2468/665/1340 1905/61/713 2469/666/1341
f 2469/666/1341 1906/63/715 2470/667/1342
f 2470/667/1348 1907/65/717 2471/668/1344
f 2471/668/1344 1908/67/720 2472/669/1345
f 2472/669/1345 1897/46/5 2461/670/1332
f 745/46/5 757/44/722 758/47/699
f 746/45/700 758/47/699 759/49/701
f 747/48/702 759/49/701 760/51/703
f 748/50/705 760/51/726 761/53/706
f 749/52/707 761/53/706 762/55/708
f 750/54/709 762/55/708 763/74/710
f 763/75/710 764/58/712 752/59/711
f 764/58/712 765/60/714 753/61/713
f 765/60/714 766/62/732 754/63/715
f 766/62/716 767/64/719 755/65/717
f 767/64/719 768/66/721 756/67/720
f 768/66/721 757/44/722 745/46/5
f 757/44/722 769/68/736 770/69/723
f 758/47/699 770/69/723 771/70/724
f 759/49/701 771/70/724 772/71/725
f 760/51/726 772/71/740 773/72/727
f 761/53/706 773/72/727 774/73/728
f 762/55/708 774/73/728 775/87/729
f 775/88/729 776/76/730 764/58/712
f 776/76/730 777/77/731 765/60/714
f 777/77/731 778/78/746 766/62/732
f 778/78/733 779/79/734 767/64/719
f 779/79/734 780/80/735 768/66/721
f 780/80/735 769/68/736 757/44/722
f 769/68/736 781/81/750 782/82/737
f 770/69/723 782/82/737 783/83/738
f 771/70/724 783/83/738 784/84/739
f 772/71/740 784/84/754 785/85/741
f 773/72/727 785/85/741 786/86/742
f 774/73/728 786/86/742 787/100/743
f 787/101/743 788/89/744 776/76/730
f 788/89/744 789/90/745 777/77/731
f 789/90/745 790/91/760 778/78/746
f 790/91/747 791/92/748 779/79/734
f 791/92/748 792/93/749 780/80/735
f 792/93/749 781/81/750 769/68/736
f 781/81/750 793/94/764 794/95/751
f 782/82/737 794/95/751 795/96/752
f 783/83/738 795/96/752 796/97/753
f 784/84/754 796/97/768 797/98/755
f 785/85/741 797/98/755 798/99/756
f 786/86/742 798/99/756 799/113/757
f 799/114/757 800/102/758 788/89/744
f 800/102/758 801/103/759 789/90/745
f 801/103/759 802/104/774 790/91/760
f 802/104/761 803/105/762 791/92/748
f 803/105/762 804/106/763 792/93/749
f 804/106/763 793/94/764 781/81/750
f 793/94/764 805/107/778 806/108/765
f 794/95/751 806/108/765 807/109/766
f 795/96/752 807/109/766 808/110/767
f 796/97/768 808/110/782 809/111/769
f 797/98/755 809/111/769 810/112/770
f 798/99/756 810/112/770 811/124/771
f 811/125/771 812/115/772 800/102/758
f 812/115/772 813/116/773 801/103/759
f 813/116/773 814/117/788 802/104/774
f 814/117/775 815/118/776 803/105/762
f 815/118/776 816/119/777 804/106/763
f 816/119/777 805/107/778 793/94/764
f 805/107/778 817/18/792 818/120/779
f 806/108/765 818/120/779 819/121/780
f 807/109/766 819/121/780 820/4/781
f 808/110/782 820/4/796 821/122/783
f 809/111/769 821/122/783 822/123/784
f 810/112/770 822/123/784 823/136/785
f 823/137/785 824/126/786 812/115/772
f 824/126/786 825/127/787 813/116/773
f 825/127/787 826/19/802 814/117/788
f 826/19/789 827/128/790 815/118/776
f 827/128/790 828/129/791 816/119/777
f 828/129/791 817/18/792 805/107/778
f 817/18/792 829/130/806 830/131/793
f 818/120/779 830/131/793 831/132/794
f 819/121/780 831/132/794 832/133/795
f 820/4/796 832/133/810 833/134/797
f 821/122/783 833/134/797 834/135/798
f 822/123/784 834/135/798 835/149/799
f 835/150/799 836/138/800 824/126/786
f 836/138/800 837/139/801 825/127/787
f 837/139/801 838/140/816 826/19/802
f 838/140/803 839/141/804 827/128/790
f 839/141/804 840/142/805 828/129/791
f 840/142/805 829/130/806 817/18/792
f 829/130/806 841/143/820 842/144/807
f 830/131/793 842/144/807 843/145/808
f 831/132/794 843/145/808 844/146/809
f 832/133/810 844/146/824 845/147/811
f 833/134/797 845/147/811 846/148/812
f 834/135/798 846/148/812 847/162/813
f 847/163/813 848/151/814 836/138/800
f 848/151/814 849/152/815 837/139/801
f 849/152/815 850/153/830 838/140/816
f 850/153/817 851/154/818 839/141/804
f 851/154/818 852/155/819 840/142/805
f 852/155/819 841/143/820 829/130/806
f 841/143/820 853/156/834 854/157/821
f 842/144/807 854/157/821 855/158/822
f 843/145/808 855/158/822 856/159/823
f 844/146/824 856/159/838 857/160/825
f 845/147/811 857/160/825 858/161/826
f 846/148/812 858/161/826 859/175/827
f 859/176/827 860/164/828 848/151/814
f 860/164/828 861/165/829 849/152/815
f 861/165/829 862/166/844 850/153/830
f 862/166/831 863/167/832 851/154/818
f 863/167/832 864/168/833 852/155/819
f 864/168/833 853/156/834 841/143/820
f 853/156/834 865/169/848 866/170/835
f 854/157/821 866/170/835 867/171/836
f 855/158/822 867/171/851 868/172/837
f 856/159/838 868/172/853 869/173/839
f 857/160/825 869/173/855 870/174/840
f 858/161/826 870/174/840 871/188/841
f 871/189/841 872/177/842 860/164/828
f 872/177/842 873/178/859 861/165/829
f 873/178/843 874/179/861 862/166/844
f 874/179/845 875/180/863 863/167/832
f 875/180/846 876/181/847 864/168/833
f 876/181/847 865/169/848 853/156/834
f 865/169/848 877/182/866 878/183/849
f 866/170/835 878/183/849 879/184/850
f 867/171/851 879/184/869 880/185/852
f 868/172/853 880/185/871 881/186/854
f 869/173/855 881/186/873 882/187/856
f 870/174/840 882/187/856 883/201/857
f 883/202/857 884/190/858 872/177/842
f 884/190/858 885/191/876 873/178/859
f 885/191/860 886/192/878 874/179/861
f 886/192/862 887/193/880 875/180/863
f 887/193/864 888/194/865 876/181/847
f 888/194/865 877/182/866 865/169/848
f 877/182/866 889/195/6 890/196/867
f 878/183/849 890/196/867 891/197/868
f 879/184/869 891/197/870 892/198/870
f 880/185/871 892/198/872 893/199/872
f 881/186/873 893/199/888 894/200/874
f 882/187/856 894/200/874 895/214/2
f 895/216/2 896/203/875 884/190/858
f 896/203/875 897/204/892 885/191/876
f 897/204/877 898/205/877 886/192/878
f 898/205/879 899/206/879 887/193/880
f 899/206/881 900/207/882 888/194/865
f 900/207/882 889/195/6 877/182/866
f 901/222/883 902/208/884 890/196/867
f 902/208/884 903/209/898 891/197/868
f 903/209/885 904/210/900 892/198/870
f 904/210/886 905/211/902 893/199/872
f 905/211/887 906/212/889 894/200/874
f 906/212/889 907/213/905 895/214/2
f 895/216/2 907/215/905 908/217/890
f 896/203/875 908/217/890 909/218/891
f 897/204/877 909/218/908 910/219/893
f 898/205/879 910/219/910 911/220/894
f 899/206/881 911/220/912 912/221/895
f 900/207/882 912/221/895 901/222/883
f 913/235/896 914/223/897 902/208/884
f 914/223/897 915/224/916 903/209/898
f 915/224/899 916/225/918 904/210/900
f 916/225/901 917/226/920 905/211/902
f 917/226/903 918/227/904 906/212/889
f 918/227/904 919/228/923 907/213/905
f 907/215/905 919/229/923 920/230/906
f 908/217/890 920/230/906 921/231/907
f 909/218/908 921/231/926 922/232/909
f 910/219/910 922/232/928 923/233/911
f 911/220/912 923/233/930 924/234/913
f 912/221/895 924/234/913 913/235/896
f 925/248/914 926/236/915 914/223/897
f 926/236/915 927/237/917 915/224/916
f 927/237/917 928/238/935 916/225/918
f 928/238/919 929/239/921 917/226/920
f 929/239/921 930/240/922 918/227/904
f 930/240/922 931/241/939 919/228/923
f 919/229/923 931/242/939 932/243/924
f 920/230/906 932/243/924 933/244/925
f 921/231/926 933/244/925 934/245/927
f 922/232/928 934/245/943 935/246/929
f 923/233/930 935/246/929 936/247/931
f 924/234/913 936/247/931 925/248/914
f 937/261/932 938/249/933 926/236/915
f 938/249/933 939/250/934 927/237/917
f 939/250/934 940/251/949 928/238/935
f 940/251/936 941/252/937 929/239/921
f 941/252/937 942/253/938 930/240/922
f 942/253/938 943/254/953 931/241/939
f 931/242/939 943/255/953 944/256/940
f 932/243/924 944/256/940 945/257/941
f 933/244/925 945/257/941 946/258/942
f 934/245/943 946/258/957 947/259/944
f 935/246/929 947/259/944 948/260/945
f 936/247/931 948/260/945 937/261/932
f 949/274/946 950/262/947 938/249/933
f 950/262/947 951/263/948 939/250/934
f 951/263/948 952/264/963 940/251/949
f 952/264/950 953/265/951 941/252/937
f 953/265/951 954/266/952 942/253/938
f 954/266/952 955/267/967 943/254/953
f 943/255/953 955/268/967 956/269/954
f 944/256/940 956/269/954 957/270/955
f 945/257/941 957/270/955 958/271/956
f 946/258/957 958/271/971 959/272/958
f 947/259/944 959/272/958 960/273/959
f 948/260/945 960/273/959 949/274/946
f 961/286/960 962/275/961 950/262/947
f 962/275/961 963/276/962 951/263/948
f 963/276/962 964/1/977 952/264/963
f 964/1/964 965/277/965 953/265/951
f 965/277/965 966/278/966 954/266/952
f 966/278/966 967/279/981 955/267/967
f 955/268/967 967/280/981 968/281/968
f 956/269/954 968/281/968 969/282/969
f 957/270/955 969/282/969 970/283/970
f 958/271/971 970/283/985 971/284/972
f 959/272/958 971/284/972 972/285/973
f 960/273/959 972/285/973 961/286/960
f 973/299/974 974/287/975 962/275/961
f 974/287/975 975/288/976 963/276/962
f 975/288/976 976/289/991 964/1/977
f 976/289/978 977/290/979 965/277/965
f 977/290/979 978/291/980 966/278/966
f 978/291/980 979/292/995 967/279/981
f 967/280/981 979/293/995 980/294/982
f 968/281/968 980/294/982 981/295/983
f 969/282/969 981/295/983 982/296/984
f 970/283/985 982/296/999 983/297/986
f 971/284/972 983/297/986 984/298/987
f 972/285/973 984/298/987 973/299/974
f 985/312/988 986/300/989 974/287/975
f 986/300/989 987/301/990 975/288/976
f 987/301/990 988/302/1005 976/289/991
f 988/302/992 989/303/993 977/290/979
f 989/303/993 990/304/994 978/291/980
f 990/304/994 991/305/1009 979/292/995
f 979/293/995 991/306/1009 992/307/996
f 980/294/982 992/307/996 993/308/997
f 981/295/983 993/308/997 994/309/998
f 982/296/999 994/309/1013 995/310/1000
f 983/297/986 995/310/1000 996/311/1001
f 984/298/987 996/311/1001 985/312/988
f 997/325/1002 998/313/1003 986/300/989
f 998/313/1003 999/314/1004 987/301/990
f 999/314/1004 1000/315/1019 988/302/1005
f 1000/315/1006 1001/316/1007 989/303/993
f 1001/316/1007 1002/317/1008 990/304/994
f 1002/317/1008 1003/318/46 991/305/1009
f 991/306/1009 1003/319/46 1004/320/1010
f 992/307/996 1004/320/1010 1005/321/1011
f 993/308/997 1005/321/1011 1006/322/1012
f 994/309/1013 1006/322/1026 1007/323/1014
f 995/310/1000 1007/323/1014 1008/324/1015
f 996/311/1001 1008/324/1015 997/325/1002
f 1009/338/1016 1010/326/1017 998/313/1003
f 1010/326/1017 1011/327/1018 999/314/1004
f 1011/327/1018 1012/328/1032 1000/315/1019
f 1012/328/1020 1013/329/1021 1001/316/1007
f 1013/329/1021 1014/330/1022 1002/317/1008
f 1014/330/1022 1015/331/1036 1003/318/46
f 1003/319/46 1015/332/1036 1016/333/1023
f 1004/320/1010 1016/333/1023 1017/334/1024
f 1005/321/1011 1017/334/1024 1018/335/1025
f 1006/322/1026 1018/335/1040 1019/336/1027
f 1007/323/1014 1019/336/1027 1020/337/1028
f 1008/324/1015 1020/337/1028 1009/338/1016
f 1021/351/1029 1022/339/1030 1010/326/1017
f 1022/339/1030 1023/340/1031 1011/327/1018
f 1023/340/1031 1024/341/1045 1012/328/1032
f 1024/341/1033 1025/342/1034 1013/329/1021
f 1025/342/1034 1026/343/1035 1014/330/1022
f 1026/343/1035 1027/344/1048 1015/331/1036
f 1015/332/1036 1027/345/1048 1028/346/1037
f 1016/333/1023 1028/346/1037 1029/347/1038
f 1017/334/1024 1029/347/1038 1030/348/1039
f 1018/335/1040 1030/348/1051 1031/349/1041
f 1019/336/1027 1031/349/1041 1032/350/1042
f 1020/337/1028 1032/350/1042 1021/351/1029
f 1033/671/3 1034/352/1043 1022/339/1030
f 1034/352/1043 1035/353/1044 1023/340/1031
f 1035/353/1044 1036/354/705 1024/341/1045
f 1036/354/704 1037/355/1046 1025/342/1034
f 1037/355/1046 1038/356/1047 1026/343/1035
f 1038/356/1047 1039/357/5 1027/344/1048
f 1027/345/1048 1039/358/5 1040/359/1049
f 1028/346/1037 1040/359/1049 1041/360/1050
f 1029/347/1038 1041/360/1050 1042/361/718
f 1030/348/1051 1042/361/715 1043/362/1052
f 1031/349/1041 1043/362/1052 1044/363/1053
f 1032/350/1042 1044/363/1053 1033/671/3
f 1033/366/3 1045/364/1065 1046/367/1054
f 1034/365/1043 1046/367/1054 1047/369/1055
f 1035/368/1044 1047/369/1055 1048/371/1056
f 1036/370/704 1048/371/1069 1049/373/1057
f 1037/372/1046 1049/373/1057 1050/375/1058
f 1038/374/1047 1050/375/1058 1051/394/1059
f 1051/395/1059 1052/378/1060 1040/379/1049
f 1052/378/1060 1053/380/1061 1041/381/1050
f 1053/380/1061 1054/382/1075 1042/383/718
f 1054/382/1062 1055/384/1063 1043/385/1052
f 1055/384/1063 1056/386/1064 1044/387/1053
f 1056/386/1064 1045/364/1065 1033/366/3
f 1045/364/1065 1057/388/1079 1058/389/1066
f 1046/367/1054 1058/389/1066 1059/390/1067
f 1047/369/1055 1059/390/1067 1060/391/1068
f 1048/371/1069 1060/391/1083 1061/392/1070
f 1049/373/1057 1061/392/1070 1062/393/1071
f 1050/375/1058 1062/393/1071 1063/407/1072
f 1063/408/1072 1064/396/1073 1052/378/1060
f 1064/396/1073 1065/397/1074 1053/380/1061
f 1065/397/1074 1066/398/1088 1054/382/1075
f 1066/398/1076 1067/399/1077 1055/384/1063
f 1067/399/1077 1068/400/1078 1056/386/1064
f 1068/400/1078 1057/388/1079 1045/364/1065
f 1057/388/1079 1069/401/1092 1070/402/1080
f 1058/389/1066 1070/402/1080 1071/403/1081
f 1059/390/1067 1071/403/1081 1072/404/1082
f 1060/391/1083 1072/404/1096 1073/405/1084
f 1061/392/1070 1073/405/1084 1074/406/1085
f 1062/393/1071 1074/406/1085 1075/420/40
f 1075/421/40 1076/409/1086 1064/396/1073
f 1076/409/1086 1077/410/1087 1065/397/1074
f 1077/410/1087 1078/411/1102 1066/398/1088
f 1078/411/1089 1079/412/1090 1067/399/1077
f 1079/412/1090 1080/413/1091 1068/400/1078
f 1080/413/1091 1069/401/1092 1057/388/1079
f 1069/401/1092 1081/414/1106 1082/415/1093
f 1070/402/1080 1082/415/1093 1083/416/1094
f 1071/403/1081 1083/416/1094 1084/417/1095
f 1072/404/1096 1084/417/1110 1085/418/1097
f 1073/405/1084 1085/418/1097 1086/419/1098
f 1074/406/1085 1086/419/1098 1087/433/1099
f 1087/434/1099 1088/422/1100 1076/409/1086
f 1088/422/1100 1089/423/1101 1077/410/1087
f 1089/423/1101 1090/424/1116 1078/411/1102
f 1090/424/1103 1091/425/1104 1079/412/1090
f 1091/425/1104 1092/426/1105 1080/413/1091
f 1092/426/1105 1081/414/1106 1069/401/1092
f 1081/414/1106 1093/427/1120 1094/428/1107
f 1082/415/1093 1094/428/1107 1095/429/1108
f 1083/416/1094 1095/429/1108 1096/430/1109
f 1084/417/1110 1096/430/1124 1097/431/1111
f 1085/418/1097 1097/431/1111 1098/432/1112
f 1086/419/1098 1098/432/1112 1099/445/1113
f 1099/446/1113 1100/435/1114 1088/422/1100
f 1100/435/1114 1101/436/1115 1089/423/1101
f 1101/436/1115 1102/437/1130 1090/424/1116
f 1102/437/1117 1103/438/1118 1091/425/1104
f 1103/438/1118 1104/439/1119 1092/426/1105
f 1104/439/1119 1093/427/1120 1081/414/1106
f 1093/427/1120 1105/15/1134 1106/440/1121
f 1094/428/1107 1106/440/1121 1107/441/1122
f 1095/429/1108 1107/441/1122 1108/442/1123
f 1096/430/1124 1108/442/1138 1109/443/1125
f 1097/431/1111 1109/443/1125 1110/444/1126
f 1098/432/1112 1110/444/1126 1111/458/1127
f 1111/459/1127 1112/447/1128 1100/435/1114
f 1112/447/1128 1113/448/1129 1101/436/1115
f 1113/448/1129 1114/449/1144 1102/437/1130
f 1114/449/1131 1115/450/1132 1103/438/1118
f 1115/450/1132 1116/451/1133 1104/439/1119
f 1116/451/1133 1105/15/1134 1093/427/1120
f 1105/15/1134 1117/452/1148 1118/453/1135
f 1106/440/1121 1118/453/1135 1119/454/1136
f 1107/441/1122 1119/454/1136 1120/455/1137
f 1108/442/1138 1120/455/1152 1121/456/1139
f 1109/443/1125 1121/456/1139 1122/457/1140
f 1110/444/1126 1122/457/1140 1123/471/1141
f 1123/472/1141 1124/460/1142 1112/447/1128
f 1124/460/1142 1125/461/1143 1113/448/1129
f 1125/461/1143 1126/462/1158 1114/449/1144
f 1126/462/1145 1127/463/1146 1115/450/1132
f 1127/463/1146 1128/464/1147 1116/451/1133
f 1128/464/1147 1117/452/1148 1105/15/1134
f 1117/452/1148 1129/465/1162 1130/466/1149
f 1118/453/1135 1130/466/1149 1131/467/1150
f 1119/454/1136 1131/467/1150 1132/468/1151
f 1120/455/1152 1132/468/1166 1133/469/1153
f 1121/456/1139 1133/469/1153 1134/470/1154
f 1122/457/1140 1134/470/1154 1135/484/1155
f 1135/485/1155 1136/473/1156 1124/460/1142
f 1136/473/1156 1137/474/1157 1125/461/1143
f 1137/474/1157 1138/475/1172 1126/462/1158
f 1138/475/1159 1139/476/1160 1127/463/1146
f 1139/476/1160 1140/477/1161 1128/464/1147
f 1140/477/1161 1129/465/1162 1117/452/1148
f 1129/465/1162 1141/478/1176 1142/479/1163
f 1130/466/1149 1142/479/1163 1143/480/1164
f 1131/467/1150 1143/480/1164 1144/481/1165
f 1132/468/1166 1144/481/1179 1145/482/1167
f 1133/469/1153 1145/482/1167 1146/483/1168
f 1134/470/1154 1146/483/1168 1147/497/1169
f 1147/498/1169 1148/486/1170 1136/473/1156
f 1148/486/1170 1149/487/1171 1137/474/1157
f 1149/487/1171 1150/488/1183 1138/475/1172
f 1150/488/1173 1151/489/1174 1139/476/1160
f 1151/489/1174 1152/490/1175 1140/477/1161
f 1152/490/1175 1141/478/1176 1129/465/1162
f 1141/478/1176 1153/491/1186 1154/492/1177
f 1142/479/1163 1154/492/1177 1155/493/1178
f 1143/480/1164 1155/493/853 1156/494/839
f 1144/481/1179 1156/494/851 1157/495/837
f 1145/482/1167 1157/495/1189 1158/496/1180
f 1146/483/1168 1158/496/1180 1159/510/1181
f 1159/511/1181 1160/499/1182 1148/486/1170
f 1160/499/1182 1161/500/1193 1149/487/1171
f 1161/500/845 1162/501/863 1150/488/1183
f 1162/501/843 1163/502/861 1151/489/1174
f 1163/502/1184 1164/503/1185 1152/490/1175
f 1164/503/1185 1153/491/1186 1141/478/1176
f 1153/491/1186 1165/504/1196 1166/505/1187
f 1154/492/1177 1166/505/1187 1167/506/1188
f 1155/493/853 1167/506/871 1168/507/854
f 1156/494/851 1168/507/869 1169/508/852
f 1157/495/1189 1169/508/1198 1170/509/1190
f 1158/496/1180 1170/509/1190 1171/523/1191
f 1171/524/1191 1172/512/1192 1160/499/1182
f 1172/512/1192 1173/513/1201 1161/500/1193
f 1173/513/862 1174/514/880 1162/501/863
f 1174/514/860 1175/515/878 1163/502/861
f 1175/515/1194 1176/516/1195 1164/503/1185
f 1176/516/1195 1165/504/1196 1153/491/1186
f 1165/504/1196 1177/517/2 1178/518/1197
f 1166/505/1187 1178/518/1197 1179/519/888
f 1167/506/871 1179/519/872 1180/520/872
f 1168/507/869 1180/520/870 1181/521/870
f 1169/508/1198 1181/521/868 1182/522/1199
f 1170/509/1190 1182/522/1199 1183/536/6
f 1183/538/6 1184/525/1200 1172/512/1192
f 1184/525/1200 1185/526/881 1173/513/1201
f 1185/526/879 1186/527/879 1174/514/880
f 1186/527/877 1187/528/877 1175/515/878
f 1187/528/892 1188/529/1202 1176/516/1195
f 1188/529/1202 1177/517/2 1165/504/1196
f 1189/544/1203 1190/530/1204 1178/518/1197
f 1190/530/1204 1191/531/1212 1179/519/888
f 1191/531/886 1192/532/902 1180/520/872
f 1192/532/885 1193/533/900 1181/521/870
f 1193/533/1205 1194/534/1206 1182/522/1199
f 1194/534/1206 1195/535/1215 1183/536/6
f 1183/538/6 1195/537/1215 1196/539/1207
f 1184/525/1200 1196/539/1207 1197/540/1208
f 1185/526/879 1197/540/910 1198/541/894
f 1186/527/877 1198/541/908 1199/542/893
f 1187/528/892 1199/542/1218 1200/543/1209
f 1188/529/1202 1200/543/1209 1189/544/1203
f 1201/557/1210 1202/545/1211 1190/530/1204
f 1202/545/1211 1203/546/1222 1191/531/1212
f 1203/546/901 1204/547/920 1192/532/902
f 1204/547/899 1205/548/918 1193/533/900
f 1205/548/1213 1206/549/1214 1194/534/1206
f 1206/549/1214 1207/550/1227 1195/535/1215
f 1195/537/1215 1207/551/1227 1208/552/1216
f 1196/539/1207 1208/552/1216 1209/553/1217
f 1197/540/910 1209/553/928 1210/554/911
f 1198/541/908 1210/554/926 1211/555/909
f 1199/542/1218 1211/555/1232 1212/556/1219
f 1200/543/1209 1212/556/1219 1201/557/1210
f 1213/570/1220 1214/558/1221 1202/545/1211
f 1214/558/1221 1215/559/1223 1203/546/1222
f 1215/559/1223 1216/560/1237 1204/547/920
f 1216/560/1224 1217/561/1225 1205/548/918
f 1217/561/1225 1218/562/1226 1206/549/1214
f 1218/562/1226 1219/563/1241 1207/550/1227
f 1207/551/1227 1219/564/1241 1220/565/1228
f 1208/552/1216 1220/565/1228 1221/566/1229
f 1209/553/928 1221/566/1229 1222/567/1230
f 1210/554/926 1222/567/1245 1223/568/1231
f 1211/555/1232 1223/568/1231 1224/569/1233
f 1212/556/1219 1224/569/1233 1213/570/1220
f 1225/583/1234 1226/571/1235 1214/558/1221
f 1226/571/1235 1227/572/1236 1215/559/1223
f 1227/572/1236 1228/573/1251 1216/560/1237
f 1228/573/1238 1229/574/1239 1217/561/1225
f 1229/574/1239 1230/575/1240 1218/562/1226
f 1230/575/1240 1231/576/1255 1219/563/1241
f 1219/564/1241 1231/577/1255 1232/578/1242
f 1220/565/1228 1232/578/1242 1233/579/1243
f 1221/566/1229 1233/579/1243 1234/580/1244
f 1222/567/1245 1234/580/1259 1235/581/1246
f 1223/568/1231 1235/581/1246 1236/582/1247
f 1224/569/1233 1236/582/1247 1225/583/1234
f 1237/596/1248 1238/584/1249 1226/571/1235
f 1238/584/1249 1239/585/1250 1227/572/1236
f 1239/585/1250 1240/586/1265 1228/573/1251
f 1240/586/1252 1241/587/1253 1229/574/1239
f 1241/587/1253 1242/588/1254 1230/575/1240
f 1242/588/1254 1243/589/1269 1231/576/1255
f 1231/577/1255 1243/590/1269 1244/591/1256
f 1232/578/1242 1244/591/1256 1245/592/1257
f 1233/579/1243 1245/592/1257 1246/593/1258
f 1234/580/1259 1246/593/1273 1247/594/1260
f 1235/581/1246 1247/594/1260 1248/595/1261
f 1236/582/1247 1248/595/1261 1237/596/1248
f 1249/12/1262 1250/597/1263 1238/584/1249
f 1250/597/1263 1251/598/1264 1239/585/1250
f 1251/598/1264 1252/8/1279 1240/586/1265
f 1252/8/1266 1253/599/1267 1241/587/1253
f 1253/599/1267 1254/600/1268 1242/588/1254
f 1254/600/1268 1255/7/1283 1243/589/1269
f 1243/590/1269 1255/601/1283 1256/602/1270
f 1244/591/1256 1256/602/1270 1257/603/1271
f 1245/592/1257 1257/603/1271 1258/10/1272
f 1246/593/1273 1258/10/1287 1259/604/1274
f 1247/594/1260 1259/604/1274 1260/605/1275
f 1248/595/1261 1260/605/1275 1249/12/1262
f 1261/618/1276 1262/606/1277 1250/597/1263
f 1262/606/1277 1263/607/1278 1251/598/1264
f 1263/607/1278 1264/608/1293 1252/8/1279
f 1264/608/1280 1265/609/1281 1253/599/1267
f 1265/609/1281 1266/610/1282 1254/600/1268
f 1266/610/1282 1267/611/1297 1255/7/1283
f 1255/601/1283 1267/612/1297 1268/613/1284
f 1256/602/1270 1268/613/1284 1269/614/1285
f 1257/603/1271 1269/614/1285 1270/615/1286
f 1258/10/1287 1270/615/1301 1271/616/1288
f 1259/604/1274 1271/616/1288 1272/617/1289
f 1260/605/1275 1272/617/1289 1261/618/1276
f 1273/631/1290 1274/619/1291 1262/606/1277
f 1274/619/1291 1275/620/1292 1263/607/1278
f 1275/620/1292 1276/621/1307 1264/608/1293
f 1276/621/1294 1277/622/1295 1265/609/1281
f 1277/622/1295 1278/623/1296 1266/610/1282
f 1278/623/1296 1279/624/1311 1267/611/1297
f 1267/612/1297 1279/625/1311 1280/626/1298
f 1268/613/1284 1280/626/1298 1281/627/1299
f 1269/614/1285 1281/627/1299 1282/628/1300
f 1270/615/1301 1282/628/1315 1283/629/1302
f 1271/616/1288 1283/629/1302 1284/630/1303
f 1272/617/1289 1284/630/1303 1273/631/1290
f 1285/644/1304 1286/632/1305 1274/619/1291
f 1286/632/1305 1287/633/1306 1275/620/1292
f 1287/633/1306 1288/634/1321 1276/621/1307
f 1288/634/1308 1289/635/1309 1277/622/1295
f 1289/635/1309 1290/636/1310 1278/623/1296
f 1290/636/1310 1291/637/1325 1279/624/1311
f 1279/625/1311 1291/638/1325 1292/639/1312
f 1280/626/1298 1292/639/1312 1293/640/1313
f 1281/627/1299 1293/640/1313 1294/641/1314
f 1282/628/1315 1294/641/1329 1295/642/1316
f 1283/629/1302 1295/642/1316 1296/643/1317
f 1284/630/1303 1296/643/1317 1285/644/1304
f 1297/657/1318 1298/645/1319 1286/632/1305
f 1298/645/1319 1299/646/1320 1287/633/1306
f 1299/646/1320 1300/647/1335 1288/634/1321
f 1300/647/1322 1301/648/1323 1289/635/1309
f 1301/648/1323 1302/649/1324 1290/636/1310
f 1302/649/1324 1303/650/1339 1291/637/1325
f 1291/638/1325 1303/651/1339 1304/652/1326
f 1292/639/1312 1304/652/1326 1305/653/1327
f 1293/640/1313 1305/653/1327 1306/654/1328
f 1294/641/1329 1306/654/1343 1307/655/1330
f 1295/642/1316 1307/655/1330 1308/656/1331
f 1296/643/1317 1308/656/1331 1297/657/1318
f 1309/670/1332 1310/658/1333 1298/645/1319
f 1310/658/1333 1311/659/1334 1299/646/1320
f 1311/659/1334 1312/660/1346 1300/647/1335
f 1312/660/1336 1313/661/1337 1301/648/1323
f 1313/661/1337 1314/662/1338 1302/649/1324
f 1314/662/1338 1315/663/1347 1303/650/1339
f 1303/651/1339 1315/664/1347 1316/665/1340
f 1304/652/1326 1316/665/1340 1317/666/1341
f 1305/653/1327 1317/666/1341 1318/667/1342
f 1306/654/1343 1318/667/1348 1319/668/1344
f 1307/655/1330 1319/668/1344 1320/669/1345
f 1308/656/1331 1320/669/1345 1309/670/1332
f 745/46/5 746/45/700 1310/658/1333
f 746/45/700 747/48/702 1311/659/1334
f 747/48/702 748/50/704 1312/660/1346
f 748/50/705 749/52/707 1313/661/1337
f 749/52/707 750/54/709 1314/662/1338
f 750/54/709 751/56/3 1315/663/1347
f 1315/664/1347 751/57/3 752/59/711
f 1316/665/1340 752/59/711 753/61/713
f 1317/666/1341 753/61/713 754/63/715
f 1318/667/1348 754/63/718 755/65/717
f 1319/668/1344 755/65/717 756/67/720
f 1320/669/1345 756/67/720 745/46/5
f 1321/46/5 1333/44/722 1334/47/699
f 1322/45/700 1334/47/699 1335/49/701
f 1323/48/702 1335/49/701 1336/51/703
f 1324/50/705 1336/51/726 1337/53/706
f 1325/52/707 1337/53/706 1338/55/708
f 1326/54/709 1338/55/708 1339/74/710
f 1339/75/710 1340/58/712 1328/59/711
f 1340/58/712 1341/60/714 1329/61/713
f 1341/60/714 1342/62/732 1330/63/715
f 1342/62/716 1343/64/719 1331/65/717
f 1343/64/719 1344/66/721 1332/67/720
f 1344/66/721 1333/44/722 1321/46/5
f 1333/44/722 1345/68/736 1346/69/723
f 1334/47/699 1346/69/723 1347/70/724
f 1335/49/701 1347/70/724 1348/71/725
f 1336/51/726 1348/71/740 1349/72/727
f 1337/53/706 1349/72/727 1350/73/728
f 1338/55/708 1350/73/728 1351/87/729
f 1351/88/729 1352/76/730 1340/58/712
f 1352/76/730 1353/77/731 1341/60/714
f 1353/77/731 1354/78/1349 1342/62/732
f 1354/78/733 1355/79/734 1343/64/719
f 1355/79/734 1356/80/735 1344/66/721
f 1356/80/735 1345/68/736 1333/44/722
f 1345/68/736 1357/81/750 1358/82/737
f 1346/69/723 1358/82/737 1359/83/738
f 1347/70/724 1359/83/738 1360/84/739
f 1348/71/740 1360/84/754 1361/85/741
f 1349/72/727 1361/85/741 1362/86/742
f 1350/73/728 1362/86/742 1363/100/743
f 1363/101/743 1364/89/744 1352/76/730
f 1364/89/744 1365/90/745 1353/77/731
f 1365/90/745 1366/91/760 1354/78/1349
f 1366/91/747 1367/92/748 1355/79/734
f 1367/92/748 1368/93/749 1356/80/735
f 1368/93/749 1357/81/750 1345/68/736
f 1357/81/750 1369/94/764 1370/95/751
f 1358/82/737 1370/95/751 1371/96/752
f 1359/83/738 1371/96/752 1372/97/753
f 1360/84/754 1372/97/1350 1373/98/755
f 1361/85/741 1373/98/755 1374/99/756
f 1362/86/742 1374/99/756 1375/113/757
f 1375/114/757 1376/102/758 1364/89/744
f 1376/102/758 1377/103/759 1365/90/745
f 1377/103/759 1378/104/1351 1366/91/760
f 1378/104/761 1379/105/762 1367/92/748
f 1379/105/762 1380/106/763 1368/93/749
f 1380/106/763 1369/94/764 1357/81/750
f 1369/94/764 1381/107/778 1382/108/765
f 1370/95/751 1382/108/765 1383/109/766
f 1371/96/752 1383/109/766 1384/110/767
f 1372/97/1350 1384/110/782 1385/111/769
f 1373/98/755 1385/111/769 1386/112/770
f 1374/99/756 1386/112/770 1387/124/771
f 1387/125/771 1388/115/772 1376/102/758
f 1388/115/772 1389/116/773 1377/103/759
f 1389/116/773 1390/117/788 1378/104/1351
f 1390/117/775 1391/118/776 1379/105/762
f 1391/118/776 1392/119/777 1380/106/763
f 1392/119/777 1381/107/778 1369/94/764
f 1381/107/778 1393/18/792 1394/120/779
f 1382/108/765 1394/120/779 1395/121/780
f 1383/109/766 1395/121/780 1396/4/781
f 1384/110/782 1396/4/796 1397/122/783
f 1385/111/769 1397/122/783 1398/123/784
f 1386/112/770 1398/123/784 1399/136/785
f 1399/137/785 1400/126/786 1388/115/772
f 1400/126/786 1401/127/787 1389/116/773
f 1401/127/787 1402/19/802 1390/117/788
f 1402/19/789 1403/128/790 1391/118/776
f 1403/128/790 1404/129/791 1392/119/777
f 1404/129/791 1393/18/792 1381/107/778
f 1393/18/792 1405/130/806 1406/131/793
f 1394/120/779 1406/131/793 1407/132/794
f 1395/121/780 1407/132/794 1408/133/795
f 1396/4/796 1408/133/810 1409/134/797
f 1397/122/783 1409/134/797 1410/135/798
f 1398/123/784 1410/135/798 1411/149/799
f 1411/150/799 1412/138/800 1400/126/786
f 1412/138/800 1413/139/801 1401/127/787
f 1413/139/801 1414/140/816 1402/19/802
f 1414/140/803 1415/141/804 1403/128/790
f 1415/141/804 1416/142/805 1404/129/791
f 1416/142/805 1405/130/806 1393/18/792
f 1405/130/806 1417/143/820 1418/144/807
f 1406/131/793 1418/144/807 1419/145/808
f 1407/132/794 1419/145/808 1420/146/809
f 1408/133/810 1420/146/824 1421/147/811
f 1409/134/797 1421/147/811 1422/148/812
f 1410/135/798 1422/148/812 1423/162/813
f 1423/163/813 1424/151/814 1412/138/800
f 1424/151/814 1425/152/815 1413/139/801
f 1425/152/815 1426/153/830 1414/140/816
f 1426/153/817 1427/154/818 1415/141/804
f 1427/154/818 1428/155/819 1416/142/805
f 1428/155/819 1417/143/820 1405/130/806
f 1417/143/820 1429/156/834 1430/157/821
f 1418/144/807 1430/157/821 1431/158/1352
f 1419/145/808 1431/158/1352 1432/159/823
f 1420/146/824 1432/159/838 1433/160/825
f 1421/147/811 1433/160/825 1434/161/826
f 1422/148/812 1434/161/826 1435/175/827
f 1435/176/827 1436/164/828 1424/151/814
f 1436/164/828 1437/165/829 1425/152/815
f 1437/165/829 1438/166/844 1426/153/830
f 1438/166/831 1439/167/1353 1427/154/818
f 1439/167/1353 1440/168/833 1428/155/819
f 1440/168/833 1429/156/834 1417/143/820
f 1429/156/834 1441/169/848 1442/170/835
f 1430/157/821 1442/170/835 1443/171/836
f 1431/158/1352 1443/171/851 1444/172/837
f 1432/159/838 1444/172/853 1445/173/839
f 1433/160/825 1445/173/855 1446/174/840
f 1434/161/826 1446/174/840 1447/188/841
f 1447/189/841 1448/177/842 1436/164/828
f 1448/177/842 1449/178/859 1437/165/829
f 1449/178/843 1450/179/861 1438/166/844
f 1450/179/845 1451/180/863 1439/167/1353
f 1451/180/846 1452/181/847 1440/168/833
f 1452/181/847 1441/169/848 1429/156/834
f 1441/169/848 1453/182/866 1454/183/849
f 1442/170/835 1454/183/849 1455/184/850
f 1443/171/851 1455/184/869 1456/185/852
f 1444/172/853 1456/185/871 1457/186/854
f 1445/173/855 1457/186/873 1458/187/856
f 1446/174/840 1458/187/856 1459/201/857
f 1459/202/857 1460/190/858 1448/177/842
f 1460/190/858 1461/191/876 1449/178/859
f 1461/191/860 1462/192/878 1450/179/861
f 1462/192/862 1463/193/880 1451/180/863
f 1463/193/864 1464/194/865 1452/181/847
f 1464/194/865 1453/182/866 1441/169/848
f 1453/182/866 1465/195/6 1466/196/867
f 1454/183/849 1466/196/867 1467/197/868
f 1455/184/869 1467/197/870 1468/198/870
f 1456/185/871 1468/198/872 1469/199/872
f 1457/186/873 1469/199/888 1470/200/874
f 1458/187/856 1470/200/874 1471/214/2
f 1471/216/2 1472/203/875 1460/190/858
f 1472/203/875 1473/204/892 1461/191/876
f 1473/204/877 1474/205/877 1462/192/878
f 1474/205/879 1475/206/879 1463/193/880
f 1475/206/881 1476/207/882 1464/194/865
f 1476/207/882 1465/195/6 1453/182/866
f 1477/222/883 1478/208/884 1466/196/867
f 1478/208/884 1479/209/898 1467/197/868
f 1479/209/885 1480/210/900 1468/198/870
f 1480/210/886 1481/211/902 1469/199/872
f 1481/211/887 1482/212/889 1470/200/874
f 1482/212/889 1483/213/905 1471/214/2
f 1471/216/2 1483/215/905 1484/217/890
f 1472/203/875 1484/217/890 1485/218/891
f 1473/204/877 1485/218/908 1486/219/893
f 1474/205/879 1486/219/910 1487/220/894
f 1475/206/881 1487/220/912 1488/221/895
f 1476/207/882 1488/221/895 1477/222/883
f 1489/235/896 1490/223/897 1478/208/884
f 1490/223/897 1491/224/916 1479/209/898
f 1491/224/899 1492/225/918 1480/210/900
f 1492/225/901 1493/226/920 1481/211/902
f 1493/226/903 1494/227/904 1482/212/889
f 1494/227/904 1495/228/923 1483/213/905
f 1483/215/905 1495/229/923 1496/230/906
f 1484/217/890 1496/230/906 1497/231/907
f 1485/218/908 1497/231/926 1498/232/909
f 1486/219/910 1498/232/928 1499/233/911
f 1487/220/912 1499/233/930 1500/234/913
f 1488/221/895 1500/234/913 1489/235/896
f 1501/248/914 1502/236/915 1490/223/897
f 1502/236/915 1503/237/917 1491/224/916
f 1503/237/917 1504/238/935 1492/225/918
f 1504/238/919 1505/239/921 1493/226/920
f 1505/239/921 1506/240/922 1494/227/904
f 1506/240/922 1507/241/939 1495/228/923
f 1495/229/923 1507/242/939 1508/243/924
f 1496/230/906 1508/243/924 1509/244/925
f 1497/231/926 1509/244/925 1510/245/927
f 1498/232/928 1510/245/943 1511/246/1354
f 1499/233/930 1511/246/1354 1512/247/931
f 1500/234/913 1512/247/931 1501/248/914
f 1513/261/932 1514/249/933 1502/236/915
f 1514/249/933 1515/250/934 1503/237/917
f 1515/250/934 1516/251/949 1504/238/935
f 1516/251/936 1517/252/937 1505/239/921
f 1517/252/937 1518/253/938 1506/240/922
f 1518/253/938 1519/254/953 1507/241/939
f 1507/242/939 1519/255/953 1520/256/940
f 1508/243/924 1520/256/940 1521/257/941
f 1509/244/925 1521/257/941 1522/258/942
f 1510/245/943 1522/258/957 1523/259/944
f 1511/246/1354 1523/259/944 1524/260/945
f 1512/247/931 1524/260/945 1513/261/932
f 1525/274/946 1526/262/947 1514/249/933
f 1526/262/947 1527/263/948 1515/250/934
f 1527/263/948 1528/264/963 1516/251/949
f 1528/264/950 1529/265/951 1517/252/937
f 1529/265/951 1530/266/952 1518/253/938
f 1530/266/952 1531/267/967 1519/254/953
f 1519/255/953 1531/268/967 1532/269/954
f 1520/256/940 1532/269/954 1533/270/955
f 1521/257/941 1533/270/955 1534/271/956
f 1522/258/957 1534/271/971 1535/272/958
f 1523/259/944 1535/272/958 1536/273/959
f 1524/260/945 1536/273/959 1525/274/946
f 1537/286/960 1538/275/961 1526/262/947
f 1538/275/961 1539/276/962 1527/263/948
f 1539/276/962 1540/1/977 1528/264/963
f 1540/1/964 1541/277/965 1529/265/951
f 1541/277/965 1542/278/966 1530/266/952
f 1542/278/966 1543/279/981 1531/267/967
f 1531/268/967 1543/280/981 1544/281/968
f 1532/269/954 1544/281/968 1545/282/969
f 1533/270/955 1545/282/969 1546/283/970
f 1534/271/971 1546/283/985 1547/284/972
f 1535/272/958 1547/284/972 1548/285/973
f 1536/273/959 1548/285/973 1537/286/960
f 1549/299/974 1550/287/975 1538/275/961
f 1550/287/975 1551/288/976 1539/276/962
f 1551/288/976 1552/289/991 1540/1/977
f 1552/289/978 1553/290/979 1541/277/965
f 1553/290/979 1554/291/980 1542/278/966
f 1554/291/980 1555/292/995 1543/279/981
f 1543/280/981 1555/293/995 1556/294/982
f 1544/281/968 1556/294/982 1557/295/983
f 1545/282/969 1557/295/983 1558/296/984
f 1546/283/985 1558/296/999 1559/297/986
f 1547/284/972 1559/297/986 1560/298/987
f 1548/285/973 1560/298/987 1549/299/974
f 1561/312/988 1562/300/989 1550/287/975
f 1562/300/989 1563/301/990 1551/288/976
f 1563/301/990 1564/302/1005 1552/289/991
f 1564/302/1355 1565/303/993 1553/290/979
f 1565/303/993 1566/304/994 1554/291/980
f 1566/304/994 1567/305/1009 1555/292/995
f 1555/293/995 1567/306/1009 1568/307/996
f 1556/294/982 1568/307/996 1569/308/997
f 1557/295/983 1569/308/997 1570/309/1356
f 1558/296/999 1570/309/1013 1571/310/1000
f 1559/297/986 1571/310/1000 1572/311/1001
f 1560/298/987 1572/311/1001 1561/312/988
f 1573/325/1002 1574/313/1003 1562/300/989
f 1574/313/1003 1575/314/1004 1563/301/990
f 1575/314/1004 1576/315/1019 1564/302/1005
f 1576/315/1006 1577/316/1007 1565/303/993
f 1577/316/1007 1578/317/1008 1566/304/994
f 1578/317/1008 1579/318/1357 1567/305/1009
f 1567/306/1009 1579/319/1357 1580/320/1010
f 1568/307/996 1580/320/1010 1581/321/1011
f 1569/308/997 1581/321/1011 1582/322/1012
f 1570/309/1013 1582/322/1026 1583/323/1014
f 1571/310/1000 1583/323/1014 1584/324/1015
f 1572/311/1001 1584/324/1015 1573/325/1002
f 1585/338/1016 1586/326/1017 1574/313/1003
f 1586/326/1017 1587/327/1018 1575/314/1004
f 1587/327/1018 1588/328/1032 1576/315/1019
f 1588/328/1020 1589/329/1021 1577/316/1007
f 1589/329/1021 1590/330/1022 1578/317/1008
f 1590/330/1022 1591/331/1036 1579/318/1357
f 1579/319/1357 1591/332/1036 1592/333/1023
f 1580/320/1010 1592/333/1023 1593/334/1024
f 1581/321/1011 1593/334/1024 1594/335/1358
f 1582/322/1026 1594/335/1040 1595/336/1027
f 1583/323/1014 1595/336/1027 1596/337/1028
f 1584/324/1015 1596/337/1028 1585/338/1016
f 1597/351/1029 1598/339/1030 1586/326/1017
f 1598/339/1030 1599/340/1031 1587/327/1018
f 1599/340/1031 1600/341/1045 1588/328/1032
f 1600/341/1033 1601/342/1034 1589/329/1021
f 1601/342/1034 1602/343/1035 1590/330/1022
f 1602/343/1035 1603/344/1048 1591/331/1036
f 1591/332/1036 1603/345/1048 1604/346/1037
f 1592/333/1023 1604/346/1037 1605/347/1038
f 1593/334/1024 1605/347/1038 1606/348/1039
f 1594/335/1040 1606/348/1051 1607/349/1041
f 1595/336/1027 1607/349/1041 1608/350/1042
f 1596/337/1028 1608/350/1042 1597/351/1029
f 1609/671/3 1610/352/1043 1598/339/1030
f 1610/352/1043 1611/353/1044 1599/340/1031
f 1611/353/1044 1612/354/705 1600/341/1045
f 1612/354/704 1613/355/1046 1601/342/1034
f 1613/355/1046 1614/356/1047 1602/343/1035
f 1614/356/1047 1615/357/5 1603/344/1048
f 1603/345/1048 1615/358/5 1616/359/1049
f 1604/346/1037 1616/359/1049 1617/360/1050
f 1605/347/1038 1617/360/1050 1618/361/718
f 1606/348/1051 1618/361/715 1619/362/1052
f 1607/349/1041 1619/362/1052 1620/363/1053
f 1608/350/1042 1620/363/1053 1609/671/3
f 1609/366/3 1621/364/1065 1622/367/1054
f 1610/365/1043 1622/367/1054 1623/369/1055
f 1611/368/1044 1623/369/1055 1624/371/1056
f 1612/370/704 1624/371/1069 1625/373/1057
f 1613/372/1046 1625/373/1057 1626/375/1058
f 1614/374/1047 1626/375/1058 1627/394/1059
f 1627/395/1059 1628/378/1060 1616/379/1049
f 1628/378/1060 1629/380/1061 1617/381/1050
f 1629/380/1061 1630/382/1075 1618/383/718
f 1630/382/1062 1631/384/1063 1619/385/1052
f 1631/384/1063 1632/386/1064 1620/387/1053
f 1632/386/1064 1621/364/1065 1609/366/3
f 1621/364/1065 1633/388/1079 1634/389/1066
f 1622/367/1054 1634/389/1066 1635/390/1067
f 1623/369/1055 1635/390/1067 1636/391/1068
f 1624/371/1069 1636/391/1083 1637/392/1070
f 1625/373/1057 1637/392/1070 1638/393/1071
f 1626/375/1058 1638/393/1071 1639/407/1072
f 1639/408/1072 1640/396/1073 1628/378/1060
f 1640/396/1073 1641/397/1074 1629/380/1061
f 1641/397/1074 1642/398/1360 1630/382/1075
f 1642/398/1076 1643/399/1077 1631/384/1063
f 1643/399/1077 1644/400/1078 1632/386/1064
f 1644/400/1078 1633/388/1079 1621/364/1065
f 1633/388/1079 1645/401/1092 1646/402/1080
f 1634/389/1066 1646/402/1080 1647/403/1081
f 1635/390/1067 1647/403/1081 1648/404/1082
f 1636/391/1083 1648/404/1096 1649/405/1084
f 1637/392/1070 1649/405/1084 1650/406/1085
f 1638/393/1071 1650/406/1085 1651/420/1359
f 1651/421/1359 1652/409/1086 1640/396/1073
f 1652/409/1086 1653/410/1087 1641/397/1074
f 1653/410/1087 1654/411/1361 1642/398/1360
f 1654/411/1089 1655/412/1090 1643/399/1077
f 1655/412/1090 1656/413/1091 1644/400/1078
f 1656/413/1091 1645/401/1092 1633/388/1079
f 1645/401/1092 1657/414/1106 1658/415/1093
f 1646/402/1080 1658/415/1093 1659/416/1094
f 1647/403/1081 1659/416/1094 1660/417/1095
f 1648/404/1096 1660/417/1110 1661/418/1097
f 1649/405/1084 1661/418/1097 1662/419/1098
f 1650/406/1085 1662/419/1098 1663/433/1099
f 1663/434/1099 1664/422/1100 1652/409/1086
f 1664/422/1100 1665/423/1101 1653/410/1087
f 1665/423/1101 1666/424/1116 1654/411/1361
f 1666/424/1103 1667/425/1104 1655/412/1090
f 1667/425/1104 1668/426/1105 1656/413/1091
f 1668/426/1105 1657/414/1106 1645/401/1092
f 1657/414/1106 1669/427/1120 1670/428/1107
f 1658/415/1093 1670/428/1107 1671/429/1108
f 1659/416/1094 1671/429/1108 1672/430/1109
f 1660/417/1110 1672/430/1124 1673/431/1111
f 1661/418/1097 1673/431/1111 1674/432/1112
f 1662/419/1098 1674/432/1112 1675/445/1113
f 1675/446/1113 1676/435/1114 1664/422/1100
f 1676/435/1114 1677/436/1115 1665/423/1101
f 1677/436/1115 1678/437/1130 1666/424/1116
f 1678/437/1117 1679/438/1118 1667/425/1104
f 1679/438/1118 1680/439/1119 1668/426/1105
f 1680/439/1119 1669/427/1120 1657/414/1106
f 1669/427/1120 1681/15/1134 1682/440/1121
f 1670/428/1107 1682/440/1121 1683/441/1122
f 1671/429/1108 1683/441/1122 1684/442/1123
f 1672/430/1124 1684/442/1138 1685/443/1125
f 1673/431/1111 1685/443/1125 1686/444/1126
f 1674/432/1112 1686/444/1126 1687/458/1127
f 1687/459/1127 1688/447/1128 1676/435/1114
f 1688/447/1128 1689/448/1129 1677/436/1115
f 1689/448/1129 1690/449/1144 1678/437/1130
f 1690/449/1131 1691/450/1132 1679/438/1118
f 1691/450/1132 1692/451/1133 1680/439/1119
f 1692/451/1133 1681/15/1134 1669/427/1120
f 1681/15/1134 1693/452/1148 1694/453/1135
f 1682/440/1121 1694/453/1135 1695/454/1136
f 1683/441/1122 1695/454/1136 1696/455/1137
f 1684/442/1138 1696/455/1152 1697/456/1139
f 1685/443/1125 1697/456/1139 1698/457/1140
f 1686/444/1126 1698/457/1140 1699/471/1141
f 1699/472/1141 1700/460/1142 1688/447/1128
f 1700/460/1142 1701/461/1143 1689/448/1129
f 1701/461/1143 1702/462/1158 1690/449/1144
f 1702/462/1145 1703/463/1146 1691/450/1132
f 1703/463/1146 1704/464/1147 1692/451/1133
f 1704/464/1147 1693/452/1148 1681/15/1134
f 1693/452/1148 1705/465/1162 1706/466/1149
f 1694/453/1135 1706/466/1149 1707/467/1150
f 1695/454/1136 1707/467/1150 1708/468/1151
f 1696/455/1152 1708/468/1166 1709/469/1153
f 1697/456/1139 1709/469/1153 1710/470/1154
f 1698/457/1140 1710/470/1154 1711/484/1155
f 1711/485/1155 1712/473/1156 1700/460/1142
f 1712/473/1156 1713/474/1157 1701/461/1143
f 1713/474/1157 1714/475/1172 1702/462/1158
f 1714/475/1159 1715/476/1160 1703/463/1146
f 1715/476/1160 1716/477/1161 1704/464/1147
f 1716/477/1161 1705/465/1162 1693/452/1148
f 1705/465/1162 1717/478/1176 1718/479/1163
f 1706/466/1149 1718/479/1163 1719/480/1164
f 1707/467/1150 1719/480/1164 1720/481/1165
f 1708/468/1166 1720/481/1179 1721/482/1167
f 1709/469/1153 1721/482/1167 1722/483/1168
f 1710/470/1154 1722/483/1168 1723/497/1169
f 1723/498/1169 1724/486/1170 1712/473/1156
f 1724/486/1170 1725/487/1171 1713/474/1157
f 1725/487/1171 1726/488/1183 1714/475/1172
f 1726/488/1173 1727/489/1174 1715/476/1160
f 1727/489/1174 1728/490/1175 1716/477/1161
f 1728/490/1175 1717/478/1176 1705/465/1162
f 1717/478/1176 1729/491/1186 1730/492/1177
f 1718/479/1163 1730/492/1177 1731/493/1178
f 1719/480/1164 1731/493/853 1732/494/839
f 1720/481/1179 1732/494/851 1733/495/837
f 1721/482/1167 1733/495/1189 1734/496/1180
f 1722/483/1168 1734/496/1180 1735/510/1181
f 1735/511/1181 1736/499/1182 1724/486/1170
f 1736/499/1182 1737/500/1193 1725/487/1171
f 1737/500/845 1738/501/863 1726/488/1183
f 1738/501/843 1739/502/861 1727/489/1174
f 1739/502/1184 1740/503/1185 1728/490/1175
f 1740/503/1185 1729/491/1186 1717/478/1176
f 1729/491/1186 1741/504/1196 1742/505/1187
f 1730/492/1177 1742/505/1187 1743/506/1188
f 1731/493/853 1743/506/871 1744/507/854
f 1732/494/851 1744/507/869 1745/508/852
f 1733/495/1189 1745/508/1198 1746/509/1190
f 1734/496/1180 1746/509/1190 1747/523/1191
f 1747/524/1191 1748/512/1192 1736/499/1182
f 1748/512/1192 1749/513/1201 1737/500/1193
f 1749/513/862 1750/514/880 1738/501/863
f 1750/514/860 1751/515/878 1739/502/861
f 1751/515/1194 1752/516/1195 1740/503/1185
f 1752/516/1195 1741/504/1196 1729/491/1186
f 1741/504/1196 1753/517/2 1754/518/1197
f 1742/505/1187 1754/518/1197 1755/519/888
f 1743/506/871 1755/519/872 1756/520/872
f 1744/507/869 1756/520/870 1757/521/870
f 1745/508/1198 1757/521/868 1758/522/1199
f 1746/509/1190 1758/522/1199 1759/536/6
f 1759/538/6 1760/525/1200 1748/512/1192
f 1760/525/1200 1761/526/881 1749/513/1201
f 1761/526/879 1762/527/879 1750/514/880
f 1762/527/877 1763/528/877 1751/515/878
f 1763/528/892 1764/529/1202 1752/516/1195
f 1764/529/1202 1753/517/2 1741/504/1196
f 1765/544/1203 1766/530/1204 1754/518/1197
f 1766/530/1204 1767/531/1212 1755/519/888
f 1767/531/886 1768/532/902 1756/520/872
f 1768/532/885 1769/533/900 1757/521/870
f 1769/533/1205 1770/534/1206 1758/522/1199
f 1770/534/1206 1771/535/1215 1759/536/6
f 1759/538/6 1771/537/1215 1772/539/1207
f 1760/525/1200 1772/539/1207 1773/540/1208
f 1761/526/879 1773/540/910 1774/541/894
f 1762/527/877 1774/541/908 1775/542/893
f 1763/528/892 1775/542/1218 1776/543/1209
f 1764/529/1202 1776/543/1209 1765/544/1203
f 1777/557/1210 1778/545/1211 1766/530/1204
f 1778/545/1211 1779/546/1222 1767/531/1212
f 1779/546/1362 1780/547/920 1768/532/902
f 1780/547/899 1781/548/918 1769/533/900
f 1781/548/1213 1782/549/1214 1770/534/1206
f 1782/549/1214 1783/550/1227 1771/535/1215
f 1771/537/1215 1783/551/1227 1784/552/1216
f 1772/539/1207 1784/552/1216 1785/553/1217
f 1773/540/910 1785/553/928 1786/554/911
f 1774/541/908 1786/554/926 1787/555/909
f 1775/542/1218 1787/555/1232 1788/556/1219
f 1776/543/1209 1788/556/1219 1777/557/1210
f 1789/570/1220 1790/558/1221 1778/545/1211
f 1790/558/1221 1791/559/1223 1779/546/1222
f 1791/559/1223 1792/560/1237 1780/547/920
f 1792/560/1224 1793/561/1225 1781/548/918
f 1793/561/1225 1794/562/1226 1782/549/1214
f 1794/562/1226 1795/563/1241 1783/550/1227
f 1783/551/1227 1795/564/1241 1796/565/1228
f 1784/552/1216 1796/565/1228 1797/566/1229
f 1785/553/928 1797/566/1229 1798/567/1230
f 1786/554/926 1798/567/1245 1799/568/1231
f 1787/555/1232 1799/568/1231 1800/569/1233
f 1788/556/1219 1800/569/1233 1789/570/1220
f 1801/583/1234 1802/571/1235 1790/558/1221
f 1802/571/1235 1803/572/1236 1791/559/1223
f 1803/572/1236 1804/573/1251 1792/560/1237
f 1804/573/1238 1805/574/1239 1793/561/1225
f 1805/574/1239 1806/575/1240 1794/562/1226
f 1806/575/1240 1807/576/1255 1795/563/1241
f 1795/564/1241 1807/577/1255 1808/578/1242
f 1796/565/1228 1808/578/1242 1809/579/1243
f 1797/566/1229 1809/579/1243 1810/580/1244
f 1798/567/1245 1810/580/1259 1811/581/1246
f 1799/568/1231 1811/581/1246 1812/582/1247
f 1800/569/1233 1812/582/1247 1801/583/1234
f 1813/596/1248 1814/584/1249 1802/571/1235
f 1814/584/1249 1815/585/1250 1803/572/1236
f 1815/585/1250 1816/586/1265 1804/573/1251
f 1816/586/1252 1817/587/1253 1805/574/1239
f 1817/587/1253 1818/588/1254 1806/575/1240
f 1818/588/1254 1819/589/1269 1807/576/1255
f 1807/577/1255 1819/590/1269 1820/591/1256
f 1808/578/1242 1820/591/1256 1821/592/1257
f 1809/579/1243 1821/592/1257 1822/593/1258
f 1810/580/1259 1822/593/1273 1823/594/1260
f 1811/581/1246 1823/594/1260 1824/595/1261
f 1812/582/1247 1824/595/1261 1813/596/1248
f 1825/12/1262 1826/597/1263 1814/584/1249
f 1826/597/1263 1827/598/1264 1815/585/1250
f 1827/598/1264 1828/8/1279 1816/586/1265
f 1828/8/1266 1829/599/1267 1817/587/1253
f 1829/599/1267 1830/600/1268 1818/588/1254
f 1830/600/1268 1831/7/1283 1819/589/1269
f 1819/590/1269 1831/601/1283 1832/602/1270
f 1820/591/1256 1832/602/1270 1833/603/1271
f 1821/592/1257 1833/603/1271 1834/10/1272
f 1822/593/1273 1834/10/1287 1835/604/1274
f 1823/594/1260 1835/604/1274 1836/605/1275
f 1824/595/1261 1836/605/1275 1825/12/1262
f 1837/618/1276 1838/606/1277 1826/597/1263
f 1838/606/1277 1839/607/1278 1827/598/1264
f 1839/607/1278 1840/608/1293 1828/8/1279
f 1840/608/1280 1841/609/1281 1829/599/1267
f 1841/609/1281 1842/610/1282 1830/600/1268
f 1842/610/1282 1843/611/1297 1831/7/1283
f 1831/601/1283 1843/612/1297 1844/613/1284
f 1832/602/1270 1844/613/1284 1845/614/1285
f 1833/603/1271 1845/614/1285 1846/615/1286
f 1834/10/1287 1846/615/1301 1847/616/1288
f 1835/604/1274 1847/616/1288 1848/617/1289
f 1836/605/1275 1848/617/1289 1837/618/1276
f 1849/631/1290 1850/619/1291 1838/606/1277
f 1850/619/1291 1851/620/1292 1839/607/1278
f 1851/620/1292 1852/621/1307 1840/608/1293
f 1852/621/1294 1853/622/1295 1841/609/1281
f 1853/622/1295 1854/623/1296 1842/610/1282
f 1854/623/1296 1855/624/1311 1843/611/1297
f 1843/612/1297 1855/625/1311 1856/626/1298
f 1844/613/1284 1856/626/1298 1857/627/1299
f 1845/614/1285 1857/627/1299 1858/628/1363
f 1846/615/1301 1858/628/1315 1859/629/1302
f 1847/616/1288 1859/629/1302 1860/630/1303
f 1848/617/1289 1860/630/1303 1849/631/1290
f 1861/644/1304 1862/632/1305 1850/619/1291
f 1862/632/1305 1863/633/1306 1851/620/1292
f 1863/633/1306 1864/634/1321 1852/621/1307
f 1864/634/1308 1865/635/1309 1853/622/1295
f 1865/635/1309 1866/636/1310 1854/623/1296
f 1866/636/1310 1867/637/1325 1855/624/1311
f 1855/625/1311 1867/638/1325 1868/639/1312
f 1856/626/1298 1868/639/1312 1869/640/1313
f 1857/627/1299 1869/640/1313 1870/641/1314
f 1858/628/1315 1870/641/1329 1871/642/1316
f 1859/629/1302 1871/642/1316 1872/643/1317
f 1860/630/1303 1872/643/1317 1861/644/1304
f 1873/657/1318 1874/645/1319 1862/632/1305
f 1874/645/1319 1875/646/1320 1863/633/1306
f 1875/646/1320 1876/647/1335 1864/634/1321
f 1876/647/1322 1877/648/1323 1865/635/1309
f 1877/648/1323 1878/649/1324 1866/636/1310
f 1878/649/1324 1879/650/1339 1867/637/1325
f 1867/638/1325 1879/651/1339 1880/652/1326
f 1868/639/1312 1880/652/1326 1881/653/1327
f 1869/640/1313 1881/653/1327 1882/654/1364
f 1870/641/1329 1882/654/1343 1883/655/1330
f 1871/642/1316 1883/655/1330 1884/656/1331
f 1872/643/1317 1884/656/1331 1873/657/1318
f 1885/670/1332 1886/658/1333 1874/645/1319
f 1886/658/1333 1887/659/1334 1875/646/1320
f 1887/659/1334 1888/660/1346 1876/647/1335
f 1888/660/1336 1889/661/1337 1877/648/1323
f 1889/661/1337 1890/662/1338 1878/649/1324
f 1890/662/1338 1891/663/1347 1879/650/1339
f 1879/651/1339 1891/664/1347 1892/665/1340
f 1880/652/1326 1892/665/1340 1893/666/1341
f 1881/653/1327 1893/666/1341 1894/667/1342
f 1882/654/1343 1894/667/1348 1895/668/1344
f 1883/655/1330 1895/668/1344 1896/669/1345
f 1884/656/1331 1896/669/1345 1885/670/1332
f 1321/46/5 1322/45/700 1886/658/1333
f 1322/45/700 1323/48/702 1887/659/1334
f 1323/48/702 1324/50/704 1888/660/1346
f 1324/50/705 1325/52/707 1889/661/1337
f 1325/52/707 1326/54/709 1890/662/1338
f 1326/54/709 1327/56/3 1891/663/1347
f 1891/664/1347 1327/57/3 1328/59/711
f 1892/665/1340 1328/59/711 1329/61/713
f 1893/666/1341 1329/61/713 1330/63/715
f 1894/667/1348 1330/63/718 1331/65/717
f 1895/668/1344 1331/65/717 1332/67/720
f 1896/669/1345 1332/67/720 1321/46/5
f 1897/46/5 1909/44/722 1910/47/699
f 1898/45/700 1910/47/699 1911/49/701
f 1899/48/702 1911/49/701 1912/51/703
f 1900/50/705 1912/51/726 1913/53/706
f 1901/52/707 1913/53/706 1914/55/708
f 1902/54/709 1914/55/708 1915/74/710
f 1915/75/710 1916/58/712 1904/59/711
f 1916/58/712 1917/60/714 1905/61/713
f 1917/60/714 1918/62/732 1906/63/715
f 1918/62/716 1919/64/719 1907/65/717
f 1919/64/719 1920/66/721 1908/67/720
f 1920/66/721 1909/44/722 1897/46/5
f 1909/44/722 1921/68/736 1922/69/723
f 1910/47/699 1922/69/723 1923/70/724
f 1911/49/701 1923/70/724 1924/71/725
f 1912/51/726 1924/71/740 1925/72/727
f 1913/53/706 1925/72/727 1926/73/728
f 1914/55/708 1926/73/728 1927/87/729
f 1927/88/729 1928/76/730 1916/58/712
f 1928/76/730 1929/77/731 1917/60/714
f 1929/77/731 1930/78/746 1918/62/732
f 1930/78/733 1931/79/734 1919/64/719
f 1931/79/734 1932/80/735 1920/66/721
f 1932/80/735 1921/68/736 1909/44/722
f 1921/68/736 1933/81/750 1934/82/737
f 1922/69/723 1934/82/737 1935/83/738
f 1923/70/724 1935/83/738 1936/84/739
f 1924/71/740 1936/84/754 1937/85/741
f 1925/72/727 1937/85/741 1938/86/742
f 1926/73/728 1938/86/742 1939/100/743
f 1939/101/743 1940/89/744 1928/76/730
f 1940/89/744 1941/90/745 1929/77/731
f 1941/90/745 1942/91/760 1930/78/746
f 1942/91/747 1943/92/748 1931/79/734
f 1943/92/748 1944/93/749 1932/80/735
f 1944/93/749 1933/81/750 1921/68/736
f 1933/81/750 1945/94/764 1946/95/751
f 1934/82/737 1946/95/751 1947/96/752
f 1935/83/738 1947/96/752 1948/97/753
f 1936/84/754 1948/97/768 1949/98/755
f 1937/85/741 1949/98/755 1950/99/756
f 1938/86/742 1950/99/756 1951/113/757
f 1951/114/757 1952/102/758 1940/89/744
f 1952/102/758 1953/103/759 1941/90/745
f 1953/103/759 1954/104/774 1942/91/760
f 1954/104/761 1955/105/762 1943/92/748
f 1955/105/762 1956/106/763 1944/93/749
f 1956/106/763 1945/94/764 1933/81/750
f 1945/94/764 1957/107/778 1958/108/765
f 1946/95/751 1958/108/765 1959/109/766
f 1947/96/752 1959/109/766 1960/110/767
f 1948/97/768 1960/110/782 1961/111/769
f 1949/98/755 1961/111/769 1962/112/770
f 1950/99/756 1962/112/770 1963/124/771
f 1963/125/771 1964/115/772 1952/102/758
f 1964/115/772 1965/116/773 1953/103/759
f 1965/116/773 1966/117/788 1954/104/774
f 1966/117/775 1967/118/776 1955/105/762
f 1967/118/776 1968/119/777 1956/106/763
f 1968/119/777 1957/107/778 1945/94/764
f 1957/107/778 1969/18/792 1970/120/779
f 1958/108/765 1970/120/779 1971/121/780
f 1959/109/766 1971/121/780 1972/4/781
f 1960/110/782 1972/4/796 1973/122/783
f 1961/111/769 1973/122/783 1974/123/784
f 1962/112/770 1974/123/784 1975/136/785
f 1975/137/785 1976/126/786 1964/115/772
f 1976/126/786 1977/127/787 1965/116/773
f 1977/127/787 1978/19/802 1966/117/788
f 1978/19/789 1979/128/790 1967/118/776
f 1979/128/790 1980/129/791 1968/119/777
f 1980/129/791 1969/18/792 1957/107/778
f 1969/18/792 1981/130/806 1982/131/793
f 1970/120/779 1982/131/793 1983/132/794
f 1971/121/780 1983/132/794 1984/133/795
f 1972/4/796 1984/133/810 1985/134/797
f 1973/122/783 1985/134/797 1986/135/798
f 1974/123/784 1986/135/798 1987/149/799
f 1987/150/799 1988/138/800 1976/126/786
f 1988/138/800 1989/139/801 1977/127/787
f 1989/139/801 1990/140/816 1978/19/802
f 1990/140/803 1991/141/804 1979/128/790
f 1991/141/804 1992/142/805 1980/129/791
f 1992/142/805 1981/130/806 1969/18/792
f 1981/130/806 1993/143/820 1994/144/807
f 1982/131/793 1994/144/807 1995/145/808
f 1983/132/794 1995/145/808 1996/146/809
f 1984/133/810 1996/146/824 1997/147/811
f 1985/134/797 1997/147/811 1998/148/812
f 1986/135/798 1998/148/812 1999/162/813
f 1999/163/813 2000/151/814 1988/138/800
f 2000/151/814 2001/152/815 1989/139/801
f 2001/152/815 2002/153/830 1990/140/816
f 2002/153/817 2003/154/818 1991/141/804
f 2003/154/818 2004/155/819 1992/142/805
f 2004/155/819 1993/143/820 1981/130/806
f 1993/143/820 2005/156/834 2006/157/821
f 1994/144/807 2006/157/821 2007/158/822
f 1995/145/808 2007/158/822 2008/159/823
f 1996/146/824 2008/159/838 2009/160/825
f 1997/147/811 2009/160/825 2010/161/826
f 1998/148/812 2010/161/826 2011/175/827
f 2011/176/827 2012/164/828 2000/151/814
f 2012/164/828 2013/165/829 2001/152/815
f 2013/165/829 2014/166/844 2002/153/830
f 2014/166/831 2015/167/832 2003/154/818
f 2015/167/832 2016/168/833 2004/155/819
f 2016/168/833 2005/156/834 1993/143/820
f 2005/156/834 2017/169/848 2018/170/835
f 2006/157/821 2018/170/835 2019/171/836
f 2007/158/822 2019/171/851 2020/172/837
f 2008/159/838 2020/172/853 2021/173/839
f 2009/160/825 2021/173/855 2022/174/840
f 2010/161/826 2022/174/840 2023/188/841
f 2023/189/841 2024/177/842 2012/164/828
f 2024/177/842 2025/178/859 2013/165/829
f 2025/178/843 2026/179/861 2014/166/844
f 2026/179/845 2027/180/863 2015/167/832
f 2027/180/846 2028/181/847 2016/168/833
f 2028/181/847 2017/169/848 2005/156/834
f 2017/169/848 2029/182/866 2030/183/849
f 2018/170/835 2030/183/849 2031/184/850
f 2019/171/851 2031/184/869 2032/185/852
f 2020/172/853 2032/185/871 2033/186/854
f 2021/173/855 2033/186/873 2034/187/856
f 2022/174/840 2034/187/856 2035/201/857
f 2035/202/857 2036/190/858 2024/177/842
f 2036/190/858 2037/191/876 2025/178/859
f 2037/191/860 2038/192/878 2026/179/861
f 2038/192/862 2039/193/880 2027/180/863
f 2039/193/864 2040/194/865 2028/181/847
f 2040/194/865 2029/182/866 2017/169/848
f 2029/182/866 2041/195/6 2042/196/867
f 2030/183/849 2042/196/867 2043/197/868
f 2031/184/869 2043/197/870 2044/198/870
f 2032/185/871 2044/198/872 2045/199/872
f 2033/186/873 2045/199/888 2046/200/874
f 2034/187/856 2046/200/874 2047/214/2
f 2047/216/2 2048/203/875 2036/190/858
f 2048/203/875 2049/204/892 2037/191/876
f 2049/204/877 2050/205/877 2038/192/878
f 2050/205/879 2051/206/879 2039/193/880
f 2051/206/881 2052/207/882 2040/194/865
f 2052/207/882 2041/195/6 2029/182/866
f 2053/222/883 2054/208/884 2042/196/867
f 2054/208/884 2055/209/898 2043/197/868
f 2055/209/885 2056/210/900 2044/198/870
f 2056/210/886 2057/211/902 2045/199/872
f 2057/211/887 2058/212/889 2046/200/874
f 2058/212/889 2059/213/905 2047/214/2
f 2047/216/2 2059/215/905 2060/217/890
f 2048/203/875 2060/217/890 2061/218/891
f 2049/204/877 2061/218/908 2062/219/893
f 2050/205/879 2062/219/910 2063/220/894
f 2051/206/881 2063/220/912 2064/221/895
f 2052/207/882 2064/221/895 2053/222/883
f 2065/235/896 2066/223/897 2054/208/884
f 2066/223/897 2067/224/916 2055/209/898
f 2067/224/899 2068/225/918 2056/210/900
f 2068/225/901 2069/226/920 2057/211/902
f 2069/226/903 2070/227/904 2058/212/889
f 2070/227/904 2071/228/923 2059/213/905
f 2059/215/905 2071/229/923 2072/230/906
f 2060/217/890 2072/230/906 2073/231/907
f 2061/218/908 2073/231/926 2074/232/909
f 2062/219/910 2074/232/928 2075/233/911
f 2063/220/912 2075/233/930 2076/234/913
f 2064/221/895 2076/234/913 2065/235/896
f 2077/248/914 2078/236/915 2066/223/897
f 2078/236/915 2079/237/1365 2067/224/916
f 2079/237/1365 2080/238/935 2068/225/918
f 2080/238/919 2081/239/921 2069/226/920
f 2081/239/921 2082/240/922 2070/227/904
f 2082/240/922 2083/241/939 2071/228/923
f 2071/229/923 2083/242/939 2084/243/924
f 2072/230/906 2084/243/924 2085/244/925
f 2073/231/926 2085/244/925 2086/245/927
f 2074/232/928 2086/245/943 2087/246/929
f 2075/233/930 2087/246/929 2088/247/931
f 2076/234/913 2088/247/931 2077/248/914
f 2089/261/932 2090/249/933 2078/236/915
f 2090/249/933 2091/250/934 2079/237/1365
f 2091/250/934 2092/251/949 2080/238/935
f 2092/251/936 2093/252/937 2081/239/921
f 2093/252/937 2094/253/938 2082/240/922
f 2094/253/938 2095/254/953 2083/241/939
f 2083/242/939 2095/255/953 2096/256/940
f 2084/243/924 2096/256/940 2097/257/941
f 2085/244/925 2097/257/941 2098/258/942
f 2086/245/943 2098/258/957 2099/259/944
f 2087/246/929 2099/259/944 2100/260/945
f 2088/247/931 2100/260/945 2089/261/932
f 2101/274/946 2102/262/947 2090/249/933
f 2102/262/947 2103/263/948 2091/250/934
f 2103/263/948 2104/264/963 2092/251/949
f 2104/264/950 2105/265/951 2093/252/937
f 2105/265/951 2106/266/952 2094/253/938
f 2106/266/952 2107/267/967 2095/254/953
f 2095/255/953 2107/268/967 2108/269/954
f 2096/256/940 2108/269/954 2109/270/955
f 2097/257/941 2109/270/955 2110/271/956
f 2098/258/957 2110/271/971 2111/272/958
f 2099/259/944 2111/272/958 2112/273/959
f 2100/260/945 2112/273/959 2101/274/946
f 2113/286/960 2114/275/961 2102/262/947
f 2114/275/961 2115/276/962 2103/263/948
f 2115/276/962 2116/1/977 2104/264/963
f 2116/1/964 2117/277/965 2105/265/951
f 2117/277/965 2118/278/966 2106/266/952
f 2118/278/966 2119/279/981 2107/267/967
f 2107/268/967 2119/280/981 2120/281/968
f 2108/269/954 2120/281/968 2121/282/969
f 2109/270/955 2121/282/969 2122/283/970
f 2110/271/971 2122/283/985 2123/284/972
f 2111/272/958 2123/284/972 2124/285/973
f 2112/273/959 2124/285/973 2113/286/960
f 2125/299/974 2126/287/975 2114/275/961
f 2126/287/975 2127/288/976 2115/276/962
f 2127/288/976 2128/289/991 2116/1/977
f 2128/289/978 2129/290/979 2117/277/965
f 2129/290/979 2130/291/980 2118/278/966
f 2130/291/980 2131/292/995 2119/279/981
f 2119/280/981 2131/293/995 2132/294/982
f 2120/281/968 2132/294/982 2133/295/983
f 2121/282/969 2133/295/983 2134/296/984
f 2122/283/985 2134/296/999 2135/297/986
f 2123/284/972 2135/297/986 2136/298/987
f 2124/285/973 2136/298/987 2125/299/974
f 2137/312/988 2138/300/989 2126/287/975
f 2138/300/989 2139/301/990 2127/288/976
f 2139/301/990 2140/302/1005 2128/289/991
f 2140/302/1355 2141/303/993 2129/290/979
f 2141/303/993 2142/304/994 2130/291/980
f 2142/304/994 2143/305/1009 2131/292/995
f 2131/293/995 2143/306/1009 2144/307/996
f 2132/294/982 2144/307/996 2145/308/997
f 2133/295/983 2145/308/997 2146/309/1356
f 2134/296/999 2146/309/1013 2147/310/1000
f 2135/297/986 2147/310/1000 2148/311/1001
f 2136/298/987 2148/311/1001 2137/312/988
f 2149/325/1002 2150/313/1003 2138/300/989
f 2150/313/1003 2151/314/1004 2139/301/990
f 2151/314/1004 2152/315/1019 2140/302/1005
f 2152/315/1006 2153/316/1007 2141/303/993
f 2153/316/1007 2154/317/1008 2142/304/994
f 2154/317/1008 2155/318/1367 2143/305/1009
f 2143/306/1009 2155/319/1367 2156/320/1010
f 2144/307/996 2156/320/1010 2157/321/1011
f 2145/308/997 2157/321/1011 2158/322/1012
f 2146/309/1013 2158/322/1026 2159/323/1014
f 2147/310/1000 2159/323/1014 2160/324/1015
f 2148/311/1001 2160/324/1015 2149/325/1002
f 2161/338/1016 2162/326/1017 2150/313/1003
f 2162/326/1017 2163/327/1018 2151/314/1004
f 2163/327/1018 2164/328/1032 2152/315/1019
f 2164/328/1366 2165/329/1021 2153/316/1007
f 2165/329/1021 2166/330/1022 2154/317/1008
f 2166/330/1022 2167/331/1036 2155/318/1367
f 2155/319/1367 2167/332/1036 2168/333/1023
f 2156/320/1010 2168/333/1023 2169/334/1024
f 2157/321/1011 2169/334/1024 2170/335/1025
f 2158/322/1026 2170/335/1040 2171/336/1027
f 2159/323/1014 2171/336/1027 2172/337/1028
f 2160/324/1015 2172/337/1028 2161/338/1016
f 2173/351/1029 2174/339/1030 2162/326/1017
f 2174/339/1030 2175/340/1031 2163/327/1018
f 2175/340/1031 2176/341/1045 2164/328/1032
f 2176/341/1033 2177/342/1034 2165/329/1021
f 2177/342/1034 2178/343/1035 2166/330/1022
f 2178/343/1035 2179/344/1048 2167/331/1036
f 2167/332/1036 2179/345/1048 2180/346/1037
f 2168/333/1023 2180/346/1037 2181/347/1038
f 2169/334/1024 2181/347/1038 2182/348/1039
f 2170/335/1040 2182/348/1051 2183/349/1041
f 2171/336/1027 2183/349/1041 2184/350/1042
f 2172/337/1028 2184/350/1042 2173/351/1029
f 2185/671/3 2186/352/1043 2174/339/1030
f 2186/352/1043 2187/353/1044 2175/340/1031
f 2187/353/1044 2188/354/705 2176/341/1045
f 2188/354/704 2189/355/1046 2177/342/1034
f 2189/355/1046 2190/356/1047 2178/343/1035
f 2190/356/1047 2191/357/5 2179/344/1048
f 2179/345/1048 2191/358/5 2192/359/1049
f 2180/346/1037 2192/359/1049 2193/360/1050
f 2181/347/1038 2193/360/1050 2194/361/718
f 2182/348/1051 2194/361/715 2195/362/1052
f 2183/349/1041 2195/362/1052 2196/363/1053
f 2184/350/1042 2196/363/1053 2185/671/3
f 2185/366/3 2197/364/1065 2198/367/1054
f 2186/365/1043 2198/367/1054 2199/369/1055
f 2187/368/1044 2199/369/1055 2200/371/1056
f 2188/370/704 2200/371/1069 2201/373/1057
f 2189/372/1046 2201/373/1057 2202/375/1058
f 2190/374/1047 2202/375/1058 2203/394/1059
f 2203/395/1059 2204/378/1060 2192/379/1049
f 2204/378/1060 2205/380/1061 2193/381/1050
f 2205/380/1061 2206/382/1075 2194/383/718
f 2206/382/1062 2207/384/1063 2195/385/1052
f 2207/384/1063 2208/386/1064 2196/387/1053
f 2208/386/1064 2197/364/1065 2185/366/3
f 2197/364/1065 2209/388/1079 2210/389/1066
f 2198/367/1054 2210/389/1066 2211/390/1067
f 2199/369/1055 2211/390/1067 2212/391/1068
f 2200/371/1069 2212/391/1368 2213/392/1070
f 2201/373/1057 2213/392/1070 2214/393/1071
f 2202/375/1058 2214/393/1071 2215/407/1072
f 2215/408/1072 2216/396/1073 2204/378/1060
f 2216/396/1073 2217/397/1074 2205/380/1061
f 2217/397/1074 2218/398/1088 2206/382/1075
f 2218/398/1076 2219/399/1077 2207/384/1063
f 2219/399/1077 2220/400/1078 2208/386/1064
f 2220/400/1078 2209/388/1079 2197/364/1065
f 2209/388/1079 2221/401/1092 2222/402/1080
f 2210/389/1066 2222/402/1080 2223/403/1081
f 2211/390/1067 2223/403/1081 2224/404/1082
f 2212/391/1368 2224/404/1096 2225/405/1084
f 2213/392/1070 2225/405/1084 2226/406/1085
f 2214/393/1071 2226/406/1085 2227/420/1359
f 2227/421/1359 2228/409/1086 2216/396/1073
f 2228/409/1086 2229/410/1087 2217/397/1074
f 2229/410/1087 2230/411/1361 2218/398/1088
f 2230/411/1089 2231/412/1090 2219/399/1077
f 2231/412/1090 2232/413/1091 2220/400/1078
f 2232/413/1091 2221/401/1092 2209/388/1079
f 2221/401/1092 2233/414/1106 2234/415/1093
f 2222/402/1080 2234/415/1093 2235/416/1094
f 2223/403/1081 2235/416/1094 2236/417/1095
f 2224/404/1096 2236/417/1369 2237/418/1097
f 2225/405/1084 2237/418/1097 2238/419/1098
f 2226/406/1085 2238/419/1098 2239/433/1099
f 2239/434/1099 2240/422/1100 2228/409/1086
f 2240/422/1100 2241/423/1101 2229/410/1087
f 2241/423/1101 2242/424/1116 2230/411/1361
f 2242/424/1103 2243/425/1104 2231/412/1090
f 2243/425/1104 2244/426/1105 2232/413/1091
f 2244/426/1105 2233/414/1106 2221/401/1092
f 2233/414/1106 2245/427/1120 2246/428/1107
f 2234/415/1093 2246/428/1107 2247/429/1108
f 2235/416/1094 2247/429/1108 2248/430/1109
f 2236/417/1369 2248/430/1124 2249/431/1111
f 2237/418/1097 2249/431/1111 2250/432/1112
f 2238/419/1098 2250/432/1112 2251/445/1113
f 2251/446/1113 2252/435/1114 2240/422/1100
f 2252/435/1114 2253/436/1115 2241/423/1101
f 2253/436/1115 2254/437/1130 2242/424/1116
f 2254/437/1117 2255/438/1118 2243/425/1104
f 2255/438/1118 2256/439/1119 2244/426/1105
f 2256/439/1119 2245/427/1120 2233/414/1106
f 2245/427/1120 2257/15/1134 2258/440/1121
f 2246/428/1107 2258/440/1121 2259/441/1122
f 2247/429/1108 2259/441/1122 2260/442/1123
f 2248/430/1124 2260/442/1138 2261/443/1125
f 2249/431/1111 2261/443/1125 2262/444/1126
f 2250/432/1112 2262/444/1126 2263/458/1127
f 2263/459/1127 2264/447/1128 2252/435/1114
f 2264/447/1128 2265/448/1129 2253/436/1115
f 2265/448/1129 2266/449/1144 2254/437/1130
f 2266/449/1131 2267/450/1132 2255/438/1118
f 2267/450/1132 2268/451/1133 2256/439/1119
f 2268/451/1133 2257/15/1134 2245/427/1120
f 2257/15/1134 2269/452/1148 2270/453/1135
f 2258/440/1121 2270/453/1135 2271/454/1136
f 2259/441/1122 2271/454/1136 2272/455/1137
f 2260/442/1138 2272/455/1152 2273/456/1139
f 2261/443/1125 2273/456/1139 2274/457/1140
f 2262/444/1126 2274/457/1140 2275/471/1141
f 2275/472/1141 2276/460/1142 2264/447/1128
f 2276/460/1142 2277/461/1143 2265/448/1129
f 2277/461/1143 2278/462/1158 2266/449/1144
f 2278/462/1145 2279/463/1146 2267/450/1132
f 2279/463/1146 2280/464/1147 2268/451/1133
f 2280/464/1147 2269/452/1148 2257/15/1134
f 2269/452/1148 2281/465/1162 2282/466/1149
f 2270/453/1135 2282/466/1149 2283/467/1150
f 2271/454/1136 2283/467/1150 2284/468/1151
f 2272/455/1152 2284/468/1166 2285/469/1153
f 2273/456/1139 2285/469/1153 2286/470/1154
f 2274/457/1140 2286/470/1154 2287/484/1155
f 2287/485/1155 2288/473/1156 2276/460/1142
f 2288/473/1156 2289/474/1157 2277/461/1143
f 2289/474/1157 2290/475/1172 2278/462/1158
f 2290/475/1159 2291/476/1160 2279/463/1146
f 2291/476/1160 2292/477/1161 2280/464/1147
f 2292/477/1161 2281/465/1162 2269/452/1148
f 2281/465/1162 2293/478/1176 2294/479/1163
f 2282/466/1149 2294/479/1163 2295/480/1370
f 2283/467/1150 2295/480/1370 2296/481/1165
f 2284/468/1166 2296/481/1179 2297/482/1167
f 2285/469/1153 2297/482/1167 2298/483/1168
f 2286/470/1154 2298/483/1168 2299/497/1169
f 2299/498/1169 2300/486/1170 2288/473/1156
f 2300/486/1170 2301/487/1171 2289/474/1157
f 2301/487/1171 2302/488/1183 2290/475/1172
f 2302/488/1173 2303/489/1371 2291/476/1160
f 2303/489/1371 2304/490/1175 2292/477/1161
f 2304/490/1175 2293/478/1176 2281/465/1162
f 2293/478/1176 2305/491/1186 2306/492/1177
f 2294/479/1163 2306/492/1177 2307/493/1178
f 2295/480/1370 2307/493/853 2308/494/839
f 2296/481/1179 2308/494/851 2309/495/837
f 2297/482/1167 2309/495/1189 2310/496/1180
f 2298/483/1168 2310/496/1180 2311/510/1181
f 2311/511/1181 2312/499/1182 2300/486/1170
f 2312/499/1182 2313/500/1193 2301/487/1171
f 2313/500/845 2314/501/863 2302/488/1183
f 2314/501/843 2315/502/861 2303/489/1371
f 2315/502/1184 2316/503/1185 2304/490/1175
f 2316/503/1185 2305/491/1186 2293/478/1176
f 2305/491/1186 2317/504/1196 2318/505/1187
f 2306/492/1177 2318/505/1187 2319/506/1188
f 2307/493/853 2319/506/871 2320/507/854
f 2308/494/851 2320/507/869 2321/508/852
f 2309/495/1189 2321/508/1198 2322/509/1190
f 2310/496/1180 2322/509/1190 2323/523/1191
f 2323/524/1191 2324/512/1192 2312/499/1182
f 2324/512/1192 2325/513/1201 2313/500/1193
f 2325/513/862 2326/514/880 2314/501/863
f 2326/514/860 2327/515/878 2315/502/861
f 2327/515/1194 2328/516/1195 2316/503/1185
f 2328/516/1195 2317/504/1196 2305/491/1186
f 2317/504/1196 2329/517/2 2330/518/1197
f 2318/505/1187 2330/518/1197 2331/519/888
f 2319/506/871 2331/519/872 2332/520/872
f 2320/507/869 2332/520/870 2333/521/870
f 2321/508/1198 2333/521/868 2334/522/1199
f 2322/509/1190 2334/522/1199 2335/536/6
f 2335/538/6 2336/525/1200 2324/512/1192
f 2336/525/1200 2337/526/881 2325/513/1201
f 2337/526/879 2338/527/879 2326/514/880
f 2338/527/877 2339/528/877 2327/515/878
f 2339/528/892 2340/529/1202 2328/516/1195
f 2340/529/1202 2329/517/2 2317/504/1196
f 2341/544/1203 2342/530/1204 2330/518/1197
f 2342/530/1204 2343/531/1212 2331/519/888
f 2343/531/886 2344/532/902 2332/520/872
f 2344/532/885 2345/533/900 2333/521/870
f 2345/533/1205 2346/534/1206 2334/522/1199
f 2346/534/1206 2347/535/1215 2335/536/6
f 2335/538/6 2347/537/1215 2348/539/1207
f 2336/525/1200 2348/539/1207 2349/540/1208
f 2337/526/879 2349/540/910 2350/541/894
f 2338/527/877 2350/541/908 2351/542/893
f 2339/528/892 2351/542/1218 2352/543/1209
f 2340/529/1202 2352/543/1209 2341/544/1203
f 2353/557/1210 2354/545/1211 2342/530/1204
f 2354/545/1211 2355/546/1222 2343/531/1212
f 2355/546/901 2356/547/920 2344/532/902
f 2356/547/899 2357/548/918 2345/533/900
f 2357/548/1213 2358/549/1214 2346/534/1206
f 2358/549/1214 2359/550/1227 2347/535/1215
f 2347/537/1215 2359/551/1227 2360/552/1216
f 2348/539/1207 2360/552/1216 2361/553/1217
f 2349/540/910 2361/553/928 2362/554/911
f 2350/541/908 2362/554/926 2363/555/909
f 2351/542/1218 2363/555/1232 2364/556/1219
f 2352/543/1209 2364/556/1219 2353/557/1210
f 2365/570/1220 2366/558/1221 2354/545/1211
f 2366/558/1221 2367/559/1372 2355/546/1222
f 2367/559/1372 2368/560/1237 2356/547/920
f 2368/560/1224 2369/561/1225 2357/548/918
f 2369/561/1225 2370/562/1226 2358/549/1214
f 2370/562/1226 2371/563/1241 2359/550/1227
f 2359/551/1227 2371/564/1241 2372/565/1228
f 2360/552/1216 2372/565/1228 2373/566/1229
f 2361/553/928 2373/566/1229 2374/567/1230
f 2362/554/926 2374/567/1245 2375/568/1373
f 2363/555/1232 2375/568/1373 2376/569/1233
f 2364/556/1219 2376/569/1233 2365/570/1220
f 2377/583/1234 2378/571/1235 2366/558/1221
f 2378/571/1235 2379/572/1236 2367/559/1372
f 2379/572/1236 2380/573/1251 2368/560/1237
f 2380/573/1238 2381/574/1239 2369/561/1225
f 2381/574/1239 2382/575/1240 2370/562/1226
f 2382/575/1240 2383/576/1255 2371/563/1241
f 2371/564/1241 2383/577/1255 2384/578/1242
f 2372/565/1228 2384/578/1242 2385/579/1243
f 2373/566/1229 2385/579/1243 2386/580/1244
f 2374/567/1245 2386/580/1259 2387/581/1246
f 2375/568/1373 2387/581/1246 2388/582/1247
f 2376/569/1233 2388/582/1247 2377/583/1234
f 2389/596/1248 2390/584/1249 2378/571/1235
f 2390/584/1249 2391/585/1250 2379/572/1236
f 2391/585/1250 2392/586/1265 2380/573/1251
f 2392/586/1252 2393/587/1253 2381/574/1239
f 2393/587/1253 2394/588/1254 2382/575/1240
f 2394/588/1254 2395/589/1269 2383/576/1255
f 2383/577/1255 2395/590/1269 2396/591/1256
f 2384/578/1242 2396/591/1256 2397/592/1257
f 2385/579/1243 2397/592/1257 2398/593/1258
f 2386/580/1259 2398/593/1273 2399/594/1260
f 2387/581/1246 2399/594/1260 2400/595/1261
f 2388/582/1247 2400/595/1261 2389/596/1248
f 2401/12/1262 2402/597/1263 2390/584/1249
f 2402/597/1263 2403/598/1264 2391/585/1250
f 2403/598/1264 2404/8/1279 2392/586/1265
f 2404/8/1266 2405/599/1267 2393/587/1253
f 2405/599/1267 2406/600/1268 2394/588/1254
f 2406/600/1268 2407/7/1283 2395/589/1269
f 2395/590/1269 2407/601/1283 2408/602/1270
f 2396/591/1256 2408/602/1270 2409/603/1271
f 2397/592/1257 2409/603/1271 2410/10/1272
f 2398/593/1273 2410/10/1287 2411/604/1274
f 2399/594/1260 2411/604/1274 2412/605/1275
f 2400/595/1261 2412/605/1275 2401/12/1262
f 2413/618/1276 2414/606/1277 2402/597/1263
f 2414/606/1277 2415/607/1278 2403/598/1264
f 2415/607/1278 2416/608/1293 2404/8/1279
f 2416/608/1280 2417/609/1281 2405/599/1267
f 2417/609/1281 2418/610/1282 2406/600/1268
f 2418/610/1282 2419/611/1297 2407/7/1283
f 2407/601/1283 2419/612/1297 2420/613/1284
f 2408/602/1270 2420/613/1284 2421/614/1285
f 2409/603/1271 2421/614/1285 2422/615/1286
f 2410/10/1287 2422/615/1301 2423/616/1288
f 2411/604/1274 2423/616/1288 2424/617/1289
f 2412/605/1275 2424/617/1289 2413/618/1276
f 2425/631/1290 2426/619/1291 2414/606/1277
f 2426/619/1291 2427/620/1292 2415/607/1278
f 2427/620/1292 2428/621/1307 2416/608/1293
f 2428/621/1374 2429/622/1295 2417/609/1281
f 2429/622/1295 2430/623/1296 2418/610/1282
f 2430/623/1296 2431/624/1311 2419/611/1297
f 2419/612/1297 2431/625/1311 2432/626/1298
f 2420/613/1284 2432/626/1298 2433/627/1299
f 2421/614/1285 2433/627/1299 2434/628/1363
f 2422/615/1301 2434/628/1315 2435/629/1302
f 2423/616/1288 2435/629/1302 2436/630/1303
f 2424/617/1289 2436/630/1303 2425/631/1290
f 2437/644/1304 2438/632/1305 2426/619/1291
f 2438/632/1305 2439/633/1306 2427/620/1292
f 2439/633/1306 2440/634/1321 2428/621/1307
f 2440/634/1308 2441/635/1309 2429/622/1295
f 2441/635/1309 2442/636/1310 2430/623/1296
f 2442/636/1310 2443/637/1325 2431/624/1311
f 2431/625/1311 2443/638/1325 2444/639/1312
f 2432/626/1298 2444/639/1312 2445/640/1313
f 2433/627/1299 2445/640/1313 2446/641/1314
f 2434/628/1315 2446/641/1329 2447/642/1316
f 2435/629/1302 2447/642/1316 2448/643/1317
f 2436/630/1303 2448/643/1317 2437/644/1304
f 2449/657/1318 2450/645/1319 2438/632/1305
f 2450/645/1319 2451/646/1320 2439/633/1306
f 2451/646/1320 2452/647/1335 2440/634/1321
f 2452/647/1375 2453/648/1323 2441/635/1309
f 2453/648/1323 2454/649/1324 2442/636/1310
f 2454/649/1324 2455/650/1339 2443/637/1325
f 2443/638/1325 2455/651/1339 2456/652/1326
f 2444/639/1312 2456/652/1326 2457/653/1327
f 2445/640/1313 2457/653/1327 2458/654/1328
f 2446/641/1329 2458/654/1343 2459/655/1330
f 2447/642/1316 2459/655/1330 2460/656/1331
f 2448/643/1317 2460/656/1331 2449/657/1318
f 2461/670/1332 2462/658/1333 2450/645/1319
f 2462/658/1333 2463/659/1334 2451/646/1320
f 2463/659/1334 2464/660/1346 2452/647/1335
f 2464/660/1336 2465/661/1337 2453/648/1323
f 2465/661/1337 2466/662/1338 2454/649/1324
f 2466/662/1338 2467/663/1347 2455/650/1339
f 2455/651/1339 2467/664/1347 2468/665/1340
f 2456/652/1326 2468/665/1340 2469/666/1341
f 2457/653/1327 2469/666/1341 2470/667/1342
f 2458/654/1343 2470/667/1348 2471/668/1344
f 2459/655/1330 2471/668/1344 2472/669/1345
f 2460/656/1331 2472/669/1345 2461/670/1332
f 1897/46/5 1898/45/700 2462/658/1333
f 1898/45/700 1899/48/702 2463/659/1334
f 1899/48/702 1900/50/704 2464/660/1346
f 1900/50/705 1901/52/707 2465/661/1337
f 1901/52/707 1902/54/709 2466/662/1338
f 1902/54/709 1903/56/3 2467/663/1347
f 2467/664/1347 1903/57/3 1904/59/711
f 2468/665/1340 1904/59/711 1905/61/713
f 2469/666/1341 1905/61/713 1906/63/715
f 2470/667/1348 1906/63/718 1907/65/717
f 2471/668/1344 1907/65/717 1908/67/720
f 2472/669/1345 1908/67/720 1897/46/5
