# Blender 5.1.0
# www.blender.org
mtllib ChargePoint.mtl
o 球.001
v 0.897917 0.597917 -1.000000
v 0.929468 0.597917 -0.995002
v 0.897917 0.629468 -0.995002
v 0.897917 -0.000000 -1.000000
v -0.897917 0.597917 -1.000000
v -0.897917 0.629468 -0.995002
v -0.929468 0.597917 -0.995002
v -0.897917 -0.000000 -1.000000
v -0.929462 -0.000000 -0.995004
v -0.957920 -0.000000 -0.980504
v -0.957910 0.597917 -0.980511
v -0.980504 -0.000000 -0.957920
v -0.980511 0.597917 -0.957910
v -0.995004 -0.000000 -0.929462
v -0.995002 0.597917 -0.929468
v -1.000000 -0.000000 -0.897917
v -1.000000 0.597917 -0.897917
v -1.000000 -0.000000 0.897917
v -0.995004 0.004996 0.929462
v -1.000000 0.597917 0.897917
v 1.000000 -0.000000 0.897917
v 0.995004 0.004996 0.929462
v 1.000000 0.597917 0.897917
v 1.000000 -0.000000 -0.897917
v 1.000000 0.597917 -0.897917
v 0.995004 -0.000000 -0.929462
v 0.995002 0.597917 -0.929468
v 0.980504 -0.000000 -0.957920
v 0.980511 0.597917 -0.957910
v 0.957920 -0.000000 -0.980504
v 0.957910 0.597917 -0.980511
v 0.929462 -0.000000 -0.995004
v 0.956579 0.629330 -0.975331
v 0.930304 0.630487 -0.989083
v 0.951931 0.651931 -0.965636
v 0.975403 0.629249 -0.956527
v 0.989083 0.630304 -0.930487
v 0.965636 0.651931 -0.951931
v 0.975331 0.656579 -0.929330
v 0.951931 0.665636 -0.951931
v 0.929330 0.675331 -0.956579
v 0.956527 0.675403 -0.929249
v 0.957910 0.680511 -0.897917
v 0.930487 0.689083 -0.930304
v 0.929468 0.695002 -0.897917
v 0.897917 0.695002 -0.929468
v 0.897917 0.700000 -0.897917
v 0.897917 0.680511 -0.957910
v -0.897917 0.695002 -0.929468
v -0.897917 0.700000 -0.897917
v -0.930304 0.689083 -0.930487
v -0.897917 0.680511 -0.957910
v -0.929249 0.675403 -0.956527
v -0.897917 0.657910 -0.980511
v -0.929330 0.656579 -0.975331
v 0.897917 0.657910 -0.980511
v 0.929249 0.656527 -0.975403
v -0.930487 0.630304 -0.989083
v -0.951931 0.651931 -0.965636
v -0.956527 0.629249 -0.975403
v -0.965636 0.651931 -0.951931
v -0.951931 0.665636 -0.951931
v -0.956579 0.675331 -0.929330
v -0.957910 0.680511 -0.897917
v -0.975403 0.656527 -0.929249
v -0.980511 0.657910 -0.897917
v -0.989083 0.630487 -0.930304
v -0.995002 0.629468 -0.897917
v -0.975331 0.629330 -0.956579
v -0.995002 0.629468 0.897917
v -0.989083 0.630304 0.930487
v -0.980511 0.657910 0.897917
v -0.975331 0.656579 0.929330
v -0.957910 0.680511 0.897917
v -0.929468 0.695002 0.897917
v -0.956527 0.675403 0.929249
v -0.930487 0.689083 0.930304
v -0.951931 0.665636 0.951931
v -0.929330 0.675331 0.956579
v -0.951931 0.651931 0.965636
v -0.965636 0.651931 0.951931
v -0.975403 0.629249 0.956527
v -0.980511 0.597917 0.957910
v -0.956579 0.629330 0.975331
v -0.957910 0.597917 0.980511
v -0.930304 0.630487 0.989083
v -0.897917 0.629468 0.995002
v -0.929468 0.597917 0.995002
v -0.929249 0.656527 0.975403
v -0.897917 0.657910 0.980511
v -0.897917 0.680511 0.957910
v 0.897917 0.657910 0.980511
v 0.897917 0.680511 0.957910
v 0.929330 0.656579 0.975331
v 0.897917 0.629468 0.995002
v 0.897917 0.597917 1.000000
v 0.930487 0.630304 0.989083
v 0.929468 0.597917 0.995002
v 0.956527 0.629249 0.975403
v 0.957910 0.597917 0.980511
v 0.975331 0.629330 0.956579
v 0.951931 0.651931 0.965636
v 0.951931 0.665636 0.951931
v 0.965636 0.651931 0.951931
v 0.975403 0.656527 0.929249
v 0.980511 0.657910 0.897917
v 0.989083 0.630487 0.930304
v 0.956579 0.675331 0.929330
v 0.957910 0.680511 0.897917
v 0.930304 0.689083 0.930487
v 0.897917 0.695002 0.929468
v 0.929468 0.695002 0.897917
v 0.929249 0.675403 0.956527
v 0.897917 0.700000 0.897917
v -0.897917 0.700000 0.897917
v -0.897917 0.695002 0.929468
v 0.995002 0.629468 0.897917
v 0.995002 0.597917 0.929468
v 0.980511 0.597917 0.957910
v 0.980504 0.019496 0.957920
v 0.957920 0.042080 0.980504
v -0.980504 0.019496 0.957920
v -0.957920 0.042080 0.980504
v -0.929462 0.070538 0.995004
v -0.897917 0.102083 1.000000
v 0.929462 0.070538 0.995004
v 0.897917 0.102083 1.000000
v -0.897917 0.597917 1.000000
v 0.995002 0.629468 -0.897917
v 0.980511 0.657910 -0.897917
v -0.995002 0.597917 0.929468
v -0.929468 0.695002 -0.897917
v 0.000000 2.286442 0.000000
v 0.000000 2.215690 -0.233239
v 0.000000 2.099862 -0.349067
v 0.000000 1.948526 -0.411753
v 0.000000 1.866623 -0.419819
v 0.000000 1.784720 -0.411753
v 0.000000 1.633384 -0.349067
v 0.000000 1.446804 0.000000
v 0.015978 2.278376 -0.080329
v 0.031343 2.254485 -0.157571
v 0.045503 2.215690 -0.228758
v 0.057914 2.163480 -0.291153
v 0.068100 2.099862 -0.342360
v 0.075668 2.027281 -0.380410
v 0.080329 1.948526 -0.403841
v 0.081903 1.866623 -0.411753
v 0.080329 1.784720 -0.403841
v 0.075668 1.705965 -0.380410
v 0.068100 1.633384 -0.342360
v 0.057914 1.569766 -0.291153
v 0.045503 1.517556 -0.228758
v 0.031343 1.478760 -0.157571
v 0.015978 1.454870 -0.080329
v 0.031343 2.278376 -0.075668
v 0.061481 2.254485 -0.148429
v 0.089257 2.215690 -0.215485
v 0.113602 2.163480 -0.274260
v 0.133582 2.099862 -0.322496
v 0.148429 2.027281 -0.358338
v 0.157571 1.948526 -0.380410
v 0.160658 1.866623 -0.387862
v 0.157571 1.784720 -0.380410
v 0.148429 1.705965 -0.358338
v 0.133582 1.633384 -0.322496
v 0.113602 1.569766 -0.274260
v 0.089257 1.517556 -0.215485
v 0.061481 1.478760 -0.148429
v 0.031343 1.454870 -0.075668
v 0.045503 2.278376 -0.068100
v 0.089257 2.254485 -0.133582
v 0.129581 2.215690 -0.193931
v 0.164925 2.163480 -0.246828
v 0.193931 2.099862 -0.290239
v 0.215485 2.027281 -0.322496
v 0.228758 1.948526 -0.342360
v 0.233239 1.866623 -0.349067
v 0.228758 1.784720 -0.342360
v 0.215485 1.705965 -0.322496
v 0.193931 1.633384 -0.290239
v 0.164925 1.569766 -0.246828
v 0.129581 1.517556 -0.193931
v 0.089257 1.478760 -0.133582
v 0.045503 1.454870 -0.068100
v 0.057914 2.278376 -0.057914
v 0.113602 2.254485 -0.113602
v 0.164925 2.215690 -0.164925
v 0.209910 2.163480 -0.209910
v 0.246828 2.099862 -0.246828
v 0.274260 2.027281 -0.274260
v 0.291153 1.948526 -0.291153
v 0.296857 1.866623 -0.296857
v 0.291153 1.784720 -0.291153
v 0.274260 1.705965 -0.274260
v 0.246828 1.633384 -0.246828
v 0.209910 1.569766 -0.209910
v 0.164925 1.517556 -0.164925
v 0.113602 1.478760 -0.113602
v 0.057914 1.454870 -0.057914
v 0.068100 2.278376 -0.045503
v 0.133582 2.254485 -0.089257
v 0.193931 2.215690 -0.129581
v 0.246828 2.163480 -0.164925
v 0.290239 2.099862 -0.193931
v 0.322496 2.027281 -0.215485
v 0.342360 1.948526 -0.228757
v 0.349067 1.866623 -0.233239
v 0.342360 1.784720 -0.228757
v 0.322496 1.705965 -0.215485
v 0.290239 1.633384 -0.193931
v 0.246828 1.569766 -0.164925
v 0.193931 1.517556 -0.129581
v 0.133582 1.478760 -0.089257
v 0.068100 1.454870 -0.045503
v 0.075668 2.278376 -0.031343
v 0.148429 2.254485 -0.061481
v 0.215485 2.215690 -0.089257
v 0.274260 2.163480 -0.113602
v 0.322496 2.099862 -0.133582
v 0.358338 2.027281 -0.148429
v 0.380410 1.948526 -0.157571
v 0.387862 1.866623 -0.160658
v 0.380410 1.784720 -0.157571
v 0.358338 1.705965 -0.148429
v 0.322496 1.633384 -0.133582
v 0.274260 1.569766 -0.113602
v 0.215485 1.517556 -0.089257
v 0.148429 1.478760 -0.061481
v 0.075668 1.454870 -0.031343
v 0.080329 2.278376 -0.015978
v 0.157571 2.254485 -0.031343
v 0.228757 2.215690 -0.045503
v 0.291153 2.163480 -0.057914
v 0.342360 2.099862 -0.068100
v 0.380410 2.027281 -0.075668
v 0.403841 1.948526 -0.080329
v 0.411753 1.866623 -0.081903
v 0.403841 1.784720 -0.080329
v 0.380410 1.705965 -0.075668
v 0.342360 1.633384 -0.068100
v 0.291153 1.569766 -0.057914
v 0.228757 1.517556 -0.045503
v 0.157571 1.478760 -0.031343
v 0.080329 1.454870 -0.015978
v 0.081903 2.278376 0.000000
v 0.160658 2.254485 0.000000
v 0.233239 2.215690 0.000000
v 0.296857 2.163480 -0.000000
v 0.349067 2.099862 0.000000
v 0.387862 2.027281 -0.000000
v 0.411753 1.948526 0.000000
v 0.419819 1.866623 0.000000
v 0.411753 1.784720 0.000000
v 0.387862 1.705965 -0.000000
v 0.349067 1.633384 0.000000
v 0.296857 1.569766 -0.000000
v 0.233239 1.517556 0.000000
v 0.160658 1.478760 0.000000
v 0.081903 1.454870 0.000000
v 0.080329 2.278376 0.015978
v 0.157571 2.254485 0.031343
v 0.228757 2.215690 0.045503
v 0.291153 2.163480 0.057914
v 0.342360 2.099862 0.068100
v 0.380410 2.027281 0.075668
v 0.403841 1.948526 0.080329
v 0.411752 1.866623 0.081903
v 0.403841 1.784720 0.080329
v 0.380410 1.705965 0.075668
v 0.342360 1.633384 0.068100
v 0.291153 1.569766 0.057914
v 0.228757 1.517556 0.045503
v 0.157571 1.478760 0.031343
v 0.080329 1.454870 0.015978
v 0.075668 2.278376 0.031343
v 0.148429 2.254485 0.061481
v 0.215485 2.215690 0.089257
v 0.274260 2.163480 0.113602
v 0.322496 2.099862 0.133582
v 0.358338 2.027281 0.148429
v 0.380410 1.948526 0.157571
v 0.387862 1.866623 0.160658
v 0.380410 1.784720 0.157571
v 0.358338 1.705965 0.148429
v 0.322496 1.633384 0.133582
v 0.274260 1.569766 0.113602
v 0.215485 1.517556 0.089257
v 0.148429 1.478760 0.061481
v 0.075668 1.454870 0.031343
v 0.068100 2.278376 0.045503
v 0.133582 2.254485 0.089257
v 0.193931 2.215690 0.129581
v 0.246828 2.163480 0.164925
v 0.290239 2.099862 0.193931
v 0.322496 2.027281 0.215485
v 0.342360 1.948526 0.228757
v 0.349067 1.866623 0.233239
v 0.342360 1.784720 0.228757
v 0.322496 1.705965 0.215485
v 0.290239 1.633384 0.193931
v 0.246828 1.569766 0.164925
v 0.193931 1.517556 0.129581
v 0.133582 1.478760 0.089257
v 0.068100 1.454870 0.045503
v 0.057914 2.278376 0.057914
v 0.113602 2.254485 0.113602
v 0.164925 2.215690 0.164925
v 0.209910 2.163480 0.209910
v 0.246828 2.099862 0.246828
v 0.274260 2.027281 0.274260
v 0.291153 1.948526 0.291153
v 0.296857 1.866623 0.296857
v 0.291153 1.784720 0.291153
v 0.274260 1.705965 0.274260
v 0.246828 1.633384 0.246828
v 0.209910 1.569766 0.209910
v 0.164925 1.517556 0.164925
v 0.113602 1.478760 0.113602
v 0.057914 1.454870 0.057914
v 0.045503 2.278376 0.068100
v 0.089257 2.254485 0.133582
v 0.129581 2.215690 0.193931
v 0.164925 2.163480 0.246828
v 0.193931 2.099862 0.290239
v 0.215485 2.027281 0.322496
v 0.228757 1.948526 0.342360
v 0.233239 1.866623 0.349067
v 0.228757 1.784720 0.342360
v 0.215485 1.705965 0.322496
v 0.193931 1.633384 0.290239
v 0.164925 1.569766 0.246828
v 0.129581 1.517556 0.193931
v 0.089257 1.478760 0.133582
v 0.045503 1.454870 0.068100
v 0.031343 2.278376 0.075668
v 0.061481 2.254485 0.148429
v 0.089257 2.215690 0.215485
v 0.113602 2.163480 0.274260
v 0.133582 2.099862 0.322496
v 0.148429 2.027281 0.358338
v 0.157571 1.948526 0.380410
v 0.160658 1.866623 0.387862
v 0.157571 1.784720 0.380410
v 0.148429 1.705965 0.358338
v 0.133582 1.633384 0.322496
v 0.113602 1.569766 0.274260
v 0.089257 1.517556 0.215485
v 0.061481 1.478760 0.148429
v 0.031343 1.454870 0.075668
v 0.015978 2.278376 0.080329
v 0.031343 2.254485 0.157571
v 0.045503 2.215690 0.228757
v 0.057914 2.163480 0.291153
v 0.068100 2.099862 0.342360
v 0.075668 2.027281 0.380410
v 0.080329 1.948526 0.403841
v 0.081903 1.866623 0.411752
v 0.080329 1.784720 0.403841
v 0.075668 1.705965 0.380410
v 0.068100 1.633384 0.342360
v 0.057914 1.569766 0.291153
v 0.045503 1.517556 0.228757
v 0.031343 1.478760 0.157571
v 0.015978 1.454870 0.080329
v -0.000000 2.278376 0.081903
v -0.000000 2.254485 0.160658
v -0.000000 2.215690 0.233239
v -0.000000 2.163480 0.296857
v -0.000000 2.099862 0.349067
v 0.000000 2.027281 0.387862
v -0.000000 1.948526 0.411752
v -0.000000 1.866623 0.419819
v -0.000000 1.784720 0.411752
v 0.000000 1.705965 0.387862
v -0.000000 1.633384 0.349067
v -0.000000 1.569766 0.296857
v -0.000000 1.517556 0.233239
v -0.000000 1.478760 0.160658
v -0.000000 1.454870 0.081903
v -0.015978 2.278376 0.080329
v -0.031343 2.254485 0.157571
v -0.045503 2.215690 0.228757
v -0.057914 2.163480 0.291153
v -0.068100 2.099862 0.342360
v -0.075668 2.027281 0.380410
v -0.080329 1.948526 0.403841
v -0.081903 1.866623 0.411752
v -0.080329 1.784720 0.403841
v -0.075668 1.705965 0.380410
v -0.068100 1.633384 0.342360
v -0.057914 1.569766 0.291153
v -0.045503 1.517556 0.228757
v -0.031343 1.478760 0.157571
v -0.015978 1.454870 0.080329
v -0.031343 2.278376 0.075668
v -0.061481 2.254485 0.148429
v -0.089257 2.215690 0.215485
v -0.113602 2.163480 0.274260
v -0.133582 2.099862 0.322496
v -0.148428 2.027281 0.358338
v -0.157571 1.948526 0.380410
v -0.160658 1.866623 0.387862
v -0.157571 1.784720 0.380410
v -0.148428 1.705965 0.358338
v -0.133582 1.633384 0.322496
v -0.113602 1.569766 0.274260
v -0.089257 1.517556 0.215485
v -0.061481 1.478760 0.148429
v -0.031343 1.454870 0.075668
v -0.045503 2.278376 0.068100
v -0.089257 2.254485 0.133582
v -0.129581 2.215690 0.193931
v -0.164925 2.163480 0.246828
v -0.193931 2.099862 0.290238
v -0.215485 2.027281 0.322496
v -0.228757 1.948526 0.342360
v -0.233239 1.866623 0.349067
v -0.228757 1.784720 0.342360
v -0.215485 1.705965 0.322496
v -0.193931 1.633384 0.290238
v -0.164925 1.569766 0.246828
v -0.129581 1.517556 0.193931
v -0.089257 1.478760 0.133582
v -0.045503 1.454870 0.068100
v -0.057914 2.278376 0.057914
v -0.113602 2.254485 0.113602
v -0.164925 2.215690 0.164925
v -0.209910 2.163480 0.209910
v -0.246828 2.099862 0.246828
v -0.274260 2.027281 0.274260
v -0.291153 1.948526 0.291153
v -0.296857 1.866623 0.296857
v -0.291153 1.784720 0.291153
v -0.274260 1.705965 0.274260
v -0.246828 1.633384 0.246828
v -0.209910 1.569766 0.209910
v -0.164925 1.517556 0.164925
v -0.113602 1.478760 0.113602
v -0.057914 1.454870 0.057914
v -0.068100 2.278376 0.045503
v -0.133582 2.254485 0.089257
v -0.193931 2.215690 0.129581
v -0.246828 2.163480 0.164925
v -0.290239 2.099862 0.193931
v -0.322496 2.027281 0.215485
v -0.342360 1.948526 0.228757
v -0.349067 1.866623 0.233239
v -0.342360 1.784720 0.228757
v -0.322496 1.705965 0.215485
v -0.290239 1.633384 0.193931
v -0.246828 1.569766 0.164925
v -0.193931 1.517556 0.129581
v -0.133582 1.478760 0.089257
v -0.068100 1.454870 0.045503
v -0.075668 2.278376 0.031343
v -0.148428 2.254485 0.061481
v -0.215485 2.215690 0.089257
v -0.274260 2.163480 0.113602
v -0.322496 2.099862 0.133582
v -0.358338 2.027281 0.148428
v -0.380410 1.948526 0.157571
v -0.387862 1.866623 0.160658
v -0.380410 1.784720 0.157571
v -0.358338 1.705965 0.148428
v -0.322496 1.633384 0.133582
v -0.274260 1.569766 0.113602
v -0.215485 1.517556 0.089257
v -0.148428 1.478760 0.061481
v -0.075668 1.454870 0.031343
v -0.080329 2.278376 0.015978
v -0.157571 2.254485 0.031343
v -0.228757 2.215690 0.045503
v -0.291153 2.163480 0.057914
v -0.342360 2.099862 0.068099
v -0.380410 2.027281 0.075668
v -0.403841 1.948526 0.080329
v -0.411752 1.866623 0.081902
v -0.403841 1.784720 0.080329
v -0.380410 1.705965 0.075668
v -0.342360 1.633384 0.068099
v -0.291153 1.569766 0.057914
v -0.228757 1.517556 0.045503
v -0.157571 1.478760 0.031343
v -0.080329 1.454870 0.015978
v -0.081903 2.278376 -0.000000
v -0.160658 2.254485 -0.000000
v -0.233239 2.215690 -0.000000
v -0.296857 2.163480 -0.000000
v -0.349067 2.099862 -0.000000
v -0.387862 2.027281 -0.000000
v -0.411752 1.948526 -0.000000
v -0.419819 1.866623 -0.000000
v -0.411752 1.784720 -0.000000
v -0.387862 1.705965 -0.000000
v -0.349067 1.633384 -0.000000
v -0.296857 1.569766 -0.000000
v -0.233239 1.517556 -0.000000
v -0.160658 1.478760 -0.000000
v -0.081903 1.454870 -0.000000
v -0.080329 2.278376 -0.015978
v -0.157571 2.254485 -0.031343
v -0.228757 2.215690 -0.045503
v -0.291153 2.163480 -0.057914
v -0.342360 2.099862 -0.068100
v -0.380410 2.027281 -0.075668
v -0.403841 1.948526 -0.080329
v -0.411752 1.866623 -0.081903
v -0.403841 1.784720 -0.080329
v -0.380410 1.705965 -0.075668
v -0.342360 1.633384 -0.068100
v -0.291153 1.569766 -0.057914
v -0.228757 1.517556 -0.045503
v -0.157571 1.478760 -0.031343
v -0.080329 1.454870 -0.015978
v -0.075668 2.278376 -0.031343
v -0.148428 2.254485 -0.061481
v -0.215485 2.215690 -0.089257
v -0.274260 2.163480 -0.113602
v -0.322496 2.099862 -0.133582
v -0.358338 2.027281 -0.148428
v -0.380410 1.948526 -0.157571
v -0.387862 1.866623 -0.160658
v -0.380410 1.784720 -0.157571
v -0.358338 1.705965 -0.148428
v -0.322496 1.633384 -0.133582
v -0.274260 1.569766 -0.113602
v -0.215485 1.517556 -0.089257
v -0.148428 1.478760 -0.061481
v -0.075668 1.454870 -0.031343
v -0.068100 2.278376 -0.045503
v -0.133582 2.254485 -0.089257
v -0.193931 2.215690 -0.129581
v -0.246828 2.163480 -0.164925
v -0.290238 2.099862 -0.193931
v -0.322496 2.027281 -0.215485
v -0.342360 1.948526 -0.228757
v -0.349067 1.866623 -0.233239
v -0.342360 1.784720 -0.228757
v -0.322496 1.705965 -0.215485
v -0.290238 1.633384 -0.193931
v -0.246828 1.569766 -0.164925
v -0.193931 1.517556 -0.129581
v -0.133582 1.478760 -0.089257
v -0.068100 1.454870 -0.045503
v -0.057914 2.278376 -0.057914
v -0.113602 2.254485 -0.113602
v -0.164925 2.215690 -0.164925
v -0.209910 2.163480 -0.209910
v -0.246827 2.099862 -0.246828
v -0.274260 2.027281 -0.274260
v -0.291153 1.948526 -0.291153
v -0.296857 1.866623 -0.296857
v -0.291153 1.784720 -0.291153
v -0.274260 1.705965 -0.274260
v -0.246827 1.633384 -0.246828
v -0.209910 1.569766 -0.209910
v -0.164925 1.517556 -0.164925
v -0.113602 1.478760 -0.113602
v -0.057914 1.454870 -0.057914
v -0.045503 2.278376 -0.068100
v -0.089257 2.254485 -0.133582
v -0.129581 2.215690 -0.193931
v -0.164925 2.163480 -0.246828
v -0.193931 2.099862 -0.290238
v -0.215485 2.027281 -0.322496
v -0.228757 1.948526 -0.342360
v -0.233239 1.866623 -0.349067
v -0.228757 1.784720 -0.342360
v -0.215485 1.705965 -0.322496
v -0.193931 1.633384 -0.290238
v -0.164925 1.569766 -0.246828
v -0.129581 1.517556 -0.193931
v -0.089257 1.478760 -0.133582
v -0.045503 1.454870 -0.068100
v -0.031343 2.278376 -0.075668
v -0.061481 2.254485 -0.148428
v -0.089257 2.215690 -0.215485
v -0.113602 2.163480 -0.274260
v -0.133582 2.099862 -0.322496
v -0.148428 2.027281 -0.358338
v -0.157571 1.948526 -0.380410
v -0.160658 1.866623 -0.387862
v -0.157571 1.784720 -0.380410
v -0.148428 1.705965 -0.358338
v -0.133582 1.633384 -0.322496
v -0.113602 1.569766 -0.274260
v -0.089257 1.517556 -0.215485
v -0.061481 1.478760 -0.148428
v -0.031343 1.454870 -0.075668
v -0.015978 2.278376 -0.080329
v -0.031343 2.254485 -0.157571
v -0.045503 2.215690 -0.228757
v -0.057914 2.163480 -0.291153
v -0.068099 2.099862 -0.342360
v -0.075668 2.027281 -0.380410
v -0.080329 1.948526 -0.403841
v -0.081902 1.866623 -0.411752
v -0.080329 1.784720 -0.403841
v -0.075668 1.705965 -0.380410
v -0.068099 1.633384 -0.342360
v -0.057914 1.569766 -0.291153
v -0.045503 1.517556 -0.228757
v -0.031343 1.478760 -0.157571
v -0.015978 1.454870 -0.080329
v 0.000000 2.278376 -0.081903
v 0.000000 2.254485 -0.160658
v 0.000000 2.163480 -0.296857
v 0.000000 2.027281 -0.387862
v 0.000000 1.705965 -0.387862
v 0.000000 1.569766 -0.296857
v 0.000000 1.517556 -0.233239
v 0.000000 1.478760 -0.160658
v 0.000000 1.454870 -0.081903
v 1.037780 1.818658 0.000000
v 1.009973 1.818658 0.108426
v 1.028901 1.960069 0.000000
v 1.009973 1.818658 -0.108426
v 1.028901 1.677247 -0.000000
v 1.002418 1.538256 -0.000000
v 1.001332 1.681037 0.108426
v 1.001332 1.681037 -0.108426
v 0.926011 1.691388 -0.187800
v 0.975559 1.545770 -0.108426
v 0.902176 1.566297 -0.187800
v 0.933093 1.415171 -0.108426
v 0.862905 1.445522 -0.187800
v 0.874662 1.291477 -0.108426
v 0.958783 1.404062 -0.000000
v 0.898744 1.276963 -0.000000
v 0.933093 1.415171 0.108426
v 0.874662 1.291477 0.108426
v 0.862905 1.445522 0.187800
v 0.975559 1.545770 0.108426
v 0.902176 1.566297 0.187800
v 0.801935 1.594337 0.216853
v 0.926011 1.691388 0.187800
v 0.823121 1.705530 0.216853
v 0.934002 1.818658 0.187800
v 0.926011 1.945928 0.187800
v 0.830224 1.818658 0.216853
v 0.823121 1.931787 0.216853
v 0.726446 1.818658 0.187800
v 0.720231 1.917646 0.187800
v 0.650475 1.818658 0.108426
v 0.720231 1.719671 0.187800
v 0.701693 1.622377 0.187800
v 0.644910 1.730023 0.108426
v 0.628311 1.642904 0.108426
v 0.617341 1.733812 -0.000000
v 0.601451 1.650417 -0.000000
v 0.644910 1.730023 -0.108426
v 0.622668 1.818658 0.000000
v 0.617341 1.903505 0.000000
v 0.650475 1.818658 -0.108426
v 0.644910 1.907294 -0.108426
v 0.726446 1.818658 -0.187800
v 0.720231 1.917646 -0.187800
v 0.830224 1.818658 -0.216853
v 0.720231 1.719671 -0.187800
v 0.701693 1.622377 -0.187800
v 0.823121 1.705530 -0.216853
v 0.801935 1.594337 -0.216853
v 0.767027 1.486981 -0.216853
v 0.671148 1.528441 -0.187800
v 0.718995 1.385302 -0.216853
v 0.629120 1.439471 -0.187800
v 0.658661 1.291037 -0.216853
v 0.808869 1.331132 -0.187800
v 0.740994 1.225085 -0.187800
v 0.660439 1.129192 -0.187800
v 0.801265 1.176804 -0.108426
v 0.714158 1.073112 -0.108426
v 0.823326 1.159132 -0.000000
v 0.733821 1.052585 -0.000000
v 0.801265 1.176804 0.108426
v 0.714158 1.073112 0.108426
v 0.740994 1.225085 0.187800
v 0.660439 1.129192 0.187800
v 0.658661 1.291037 0.216853
v 0.808869 1.331132 0.187800
v 0.718995 1.385302 0.216853
v 0.629120 1.439471 0.187800
v 0.767027 1.486981 0.216853
v 0.671148 1.528441 0.187800
v 0.600961 1.558792 0.108426
v 0.563328 1.479126 0.108426
v 0.575270 1.569901 -0.000000
v 0.539246 1.493641 -0.000000
v 0.600961 1.558792 -0.108426
v 0.563328 1.479126 -0.108426
v 0.628311 1.642904 -0.108426
v 0.516057 1.405271 -0.108426
v 0.493996 1.422942 -0.000000
v 0.459955 1.338487 -0.108426
v 0.576328 1.356990 -0.187800
v 0.513674 1.282407 -0.187800
v 0.442232 1.217000 -0.187800
v 0.587057 1.205800 -0.216853
v 0.505408 1.131049 -0.216853
v 0.415112 1.068063 -0.216853
v 0.568584 1.045098 -0.187800
v 0.467001 0.974239 -0.187800
v 0.614832 0.982177 -0.108426
v 0.504986 0.905555 -0.108426
v 0.631760 0.959146 -0.000000
v 0.518890 0.880414 -0.000000
v 0.614832 0.982177 0.108426
v 0.504986 0.905555 0.108426
v 0.568584 1.045098 0.187800
v 0.467001 0.974239 0.187800
v 0.505408 1.131049 0.216853
v 0.415112 1.068063 0.216853
v 0.442232 1.217000 0.187800
v 0.587057 1.205800 0.216853
v 0.513674 1.282407 0.187800
v 0.459955 1.338487 0.108426
v 0.576328 1.356990 0.187800
v 0.516057 1.405271 0.108426
v 0.395984 1.279921 0.108426
v 0.440292 1.359014 -0.000000
v 0.379056 1.302951 -0.000000
v 0.311334 1.255712 -0.000000
v 0.395984 1.279921 -0.108426
v 0.325238 1.230572 -0.108426
v 0.248926 1.191285 -0.108426
v 0.363223 1.161887 -0.187800
v 0.277999 1.118013 -0.187800
v 0.188018 1.086126 -0.187800
v 0.317713 1.017920 -0.216853
v 0.214877 0.981478 -0.216853
v 0.357427 0.917828 -0.187800
v 0.241737 0.876831 -0.187800
v 0.386500 0.844555 -0.108426
v 0.261400 0.800223 -0.108426
v 0.397141 0.817736 -0.000000
v 0.268597 0.772183 -0.000000
v 0.386500 0.844555 0.108426
v 0.261400 0.800223 0.108426
v 0.357427 0.917828 0.187800
v 0.241737 0.876831 0.187800
v 0.317713 1.017920 0.216853
v 0.214877 0.981478 0.216853
v 0.277999 1.118013 0.187800
v 0.188018 1.086126 0.187800
v 0.248926 1.191285 0.108426
v 0.363223 1.161887 0.187800
v 0.325238 1.230572 0.108426
v 0.168355 1.162733 0.108426
v 0.238285 1.218105 -0.000000
v 0.161158 1.190773 -0.000000
v 0.081274 1.174185 -0.000000
v 0.168355 1.162733 -0.108426
v 0.084904 1.145404 -0.108426
v 0.000000 1.139594 -0.108426
v 0.094820 1.066773 -0.187800
v 0.000000 1.060285 -0.187800
v 0.108366 0.959360 -0.216853
v 0.000000 0.951946 -0.216853
v 0.121912 0.851948 -0.187800
v 0.000000 0.843606 -0.187800
v 0.131828 0.773317 -0.108426
v 0.000000 0.764297 -0.108426
v 0.135457 0.744536 -0.000000
v 0.000000 0.735268 -0.000000
v 0.131828 0.773317 0.108426
v 0.000000 0.764297 0.108426
v 0.121912 0.851948 0.187800
v 0.000000 0.843606 0.187800
v 0.108366 0.959360 0.216853
v 0.000000 0.951946 0.216853
v 0.094820 1.066773 0.187800
v 0.000000 1.060285 0.187800
v 0.084904 1.145404 0.108426
v 0.000000 1.139594 0.108426
v -0.084904 1.145404 0.108426
v 0.000000 1.168624 -0.000000
v -0.081275 1.174185 -0.000000
v -0.161159 1.190773 -0.000000
v -0.084904 1.145404 -0.108426
v -0.168356 1.162733 -0.108426
v -0.094821 1.066773 -0.187800
v -0.188018 1.086126 -0.187800
v -0.108366 0.959361 -0.216853
v -0.214878 0.981478 -0.216853
v -0.121912 0.851948 -0.187800
v -0.241738 0.876831 -0.187800
v -0.131828 0.773317 -0.108426
v -0.261400 0.800223 -0.108426
v -0.135458 0.744536 -0.000000
v -0.268598 0.772183 -0.000000
v -0.131828 0.773317 0.108426
v -0.261400 0.800223 0.108426
v -0.121912 0.851948 0.187800
v -0.241738 0.876831 0.187800
v -0.108366 0.959361 0.216853
v -0.214878 0.981478 0.216853
v -0.094821 1.066773 0.187800
v -0.188018 1.086126 0.187800
v -0.277999 1.118012 0.187800
v -0.168356 1.162733 0.108426
v -0.248926 1.191285 0.108426
v -0.325237 1.230572 0.108426
v -0.238285 1.218105 -0.000000
v -0.311334 1.255712 -0.000000
v -0.248926 1.191285 -0.108426
v -0.325237 1.230572 -0.108426
v -0.277999 1.118012 -0.187800
v -0.363223 1.161887 -0.187800
v -0.317713 1.017920 -0.216853
v -0.415112 1.068063 -0.216853
v -0.357427 0.917828 -0.187800
v -0.467001 0.974239 -0.187800
v -0.386500 0.844555 -0.108426
v -0.504986 0.905554 -0.108426
v -0.397141 0.817736 -0.000000
v -0.518890 0.880414 -0.000000
v -0.386500 0.844555 0.108426
v -0.504986 0.905554 0.108426
v -0.357427 0.917828 0.187800
v -0.467001 0.974239 0.187800
v -0.317713 1.017920 0.216853
v -0.415112 1.068063 0.216853
v -0.505409 1.131049 0.216853
v -0.363223 1.161887 0.187800
v -0.442233 1.217000 0.187800
v -0.513675 1.282407 0.187800
v -0.395984 1.279921 0.108426
v -0.459955 1.338488 0.108426
v -0.379056 1.302951 -0.000000
v -0.440293 1.359015 -0.000000
v -0.395984 1.279921 -0.108426
v -0.459955 1.338488 -0.108426
v -0.442233 1.217000 -0.187800
v -0.513675 1.282407 -0.187800
v -0.505409 1.131049 -0.216853
v -0.587057 1.205800 -0.216853
v -0.568585 1.045098 -0.187800
v -0.660439 1.129193 -0.187800
v -0.614833 0.982177 -0.108426
v -0.714159 1.073112 -0.108426
v -0.631761 0.959147 -0.000000
v -0.733821 1.052586 -0.000000
v -0.614833 0.982177 0.108426
v -0.714159 1.073112 0.108426
v -0.568585 1.045098 0.187800
v -0.660439 1.129193 0.187800
v -0.740993 1.225084 0.187800
v -0.587057 1.205800 0.216853
v -0.658661 1.291037 0.216853
v -0.718995 1.385302 0.216853
v -0.576328 1.356990 0.187800
v -0.629121 1.439472 0.187800
v -0.516057 1.405270 0.108426
v -0.563328 1.479126 0.108426
v -0.493996 1.422942 -0.000000
v -0.539246 1.493641 -0.000000
v -0.516057 1.405270 -0.108426
v -0.563328 1.479126 -0.108426
v -0.576328 1.356990 -0.187800
v -0.629121 1.439472 -0.187800
v -0.658661 1.291037 -0.216853
v -0.718995 1.385302 -0.216853
v -0.740993 1.225084 -0.187800
v -0.808869 1.331133 -0.187800
v -0.801265 1.176804 -0.108426
v -0.874662 1.291478 -0.108426
v -0.823326 1.159132 -0.000000
v -0.898744 1.276963 -0.000000
v -0.801265 1.176804 0.108426
v -0.874662 1.291478 0.108426
v -0.933093 1.415172 0.108426
v -0.808869 1.331133 0.187800
v -0.862905 1.445523 0.187800
v -0.902176 1.566296 0.187800
v -0.767027 1.486982 0.216853
v -0.801935 1.594337 0.216853
v -0.671148 1.528442 0.187800
v -0.701693 1.622377 0.187800
v -0.600961 1.558792 0.108426
v -0.628311 1.642904 0.108426
v -0.575270 1.569901 -0.000000
v -0.601451 1.650417 -0.000000
v -0.600961 1.558792 -0.108426
v -0.628311 1.642904 -0.108426
v -0.671148 1.528442 -0.187800
v -0.701693 1.622377 -0.187800
v -0.767027 1.486982 -0.216853
v -0.801935 1.594337 -0.216853
v -0.862905 1.445523 -0.187800
v -0.902176 1.566296 -0.187800
v -0.933093 1.415172 -0.108426
v -0.975559 1.545770 -0.108426
v -0.958784 1.404063 -0.000000
v -1.002418 1.538256 -0.000000
v -1.028901 1.677247 -0.000000
v -0.975559 1.545770 0.108426
v -1.001332 1.681036 0.108426
v -1.009973 1.818658 0.108426
v -0.926011 1.691388 0.187800
v -0.934002 1.818658 0.187800
v -0.823121 1.705529 0.216853
v -0.830224 1.818658 0.216853
v -0.720231 1.719671 0.187800
v -0.726446 1.818658 0.187800
v -0.644910 1.730023 0.108426
v -0.650475 1.818658 0.108426
v -0.617341 1.733812 -0.000000
v -0.622668 1.818658 0.000000
v -0.644910 1.730023 -0.108426
v -0.650475 1.818658 -0.108426
v -0.720231 1.719671 -0.187800
v -0.726446 1.818658 -0.187800
v -0.823121 1.705529 -0.216853
v -0.830224 1.818658 -0.216853
v -0.926011 1.691388 -0.187800
v -0.934002 1.818658 -0.187800
v -1.001332 1.681036 -0.108426
v -1.009973 1.818658 -0.108426
v -1.001332 1.956280 -0.108426
v -1.037780 1.818658 0.000000
v -1.028901 1.960069 0.000000
v -1.002418 2.099060 0.000000
v -1.001332 1.956280 0.108426
v -0.975559 2.091547 0.108426
v -0.926011 1.945928 0.187800
v -0.902176 2.071020 0.187800
v -0.823121 1.931787 0.216853
v -0.801935 2.042980 0.216853
v -0.720231 1.917646 0.187800
v -0.701693 2.014940 0.187800
v -0.644910 1.907294 0.108426
v -0.628311 1.994413 0.108426
v -0.617341 1.903505 0.000000
v -0.601451 1.986899 0.000000
v -0.644910 1.907294 -0.108426
v -0.628311 1.994413 -0.108426
v -0.720231 1.917646 -0.187800
v -0.701693 2.014940 -0.187800
v -0.823121 1.931787 -0.216853
v -0.801935 2.042980 -0.216853
v -0.926011 1.945928 -0.187800
v -0.902176 2.071020 -0.187800
v -0.862905 2.191794 -0.187800
v -0.975559 2.091547 -0.108426
v -0.933093 2.222145 -0.108426
v -0.874662 2.345839 -0.108426
v -0.958783 2.233254 0.000000
v -0.898743 2.360354 0.000000
v -0.933093 2.222145 0.108426
v -0.874662 2.345839 0.108426
v -0.862905 2.191794 0.187800
v -0.808869 2.306184 0.187800
v -0.767027 2.150335 0.216853
v -0.718995 2.252015 0.216853
v -0.671148 2.108875 0.187800
v -0.629120 2.197845 0.187800
v -0.600961 2.078525 0.108426
v -0.563328 2.158190 0.108426
v -0.575270 2.067416 0.000000
v -0.539246 2.143676 0.000000
v -0.600961 2.078525 -0.108426
v -0.563328 2.158190 -0.108426
v -0.671148 2.108875 -0.187800
v -0.629120 2.197845 -0.187800
v -0.767027 2.150335 -0.216853
v -0.718995 2.252015 -0.216853
v -0.658661 2.346280 -0.216853
v -0.808869 2.306184 -0.187800
v -0.740993 2.412232 -0.187800
v -0.660439 2.508124 -0.187800
v -0.801265 2.460513 -0.108426
v -0.714159 2.564204 -0.108426
v -0.823326 2.478185 0.000000
v -0.733821 2.584731 0.000000
v -0.801265 2.460513 0.108426
v -0.714159 2.564204 0.108426
v -0.740993 2.412232 0.187800
v -0.660439 2.508124 0.187800
v -0.658661 2.346280 0.216853
v -0.587057 2.431517 0.216853
v -0.576328 2.280327 0.187800
v -0.513675 2.354909 0.187800
v -0.516057 2.232046 0.108426
v -0.459955 2.298829 0.108426
v -0.493996 2.214374 0.000000
v -0.440293 2.278302 0.000000
v -0.516057 2.232046 -0.108426
v -0.459955 2.298829 -0.108426
v -0.576328 2.280327 -0.187800
v -0.513675 2.354909 -0.187800
v -0.442232 2.420316 -0.187800
v -0.587057 2.431517 -0.216853
v -0.505408 2.506268 -0.216853
v -0.415112 2.569254 -0.216853
v -0.568584 2.592219 -0.187800
v -0.467001 2.663078 -0.187800
v -0.614832 2.655139 -0.108426
v -0.504986 2.731762 -0.108426
v -0.631760 2.678170 0.000000
v -0.518890 2.756902 0.000000
v -0.614832 2.655139 0.108426
v -0.504986 2.731762 0.108426
v -0.568584 2.592219 0.187800
v -0.467001 2.663078 0.187800
v -0.505408 2.506268 0.216853
v -0.415112 2.569254 0.216853
v -0.442232 2.420316 0.187800
v -0.363223 2.475429 0.187800
v -0.395984 2.357396 0.108426
v -0.325237 2.406745 0.108426
v -0.379056 2.334365 0.000000
v -0.311334 2.381605 0.000000
v -0.395984 2.357396 -0.108426
v -0.325237 2.406745 -0.108426
v -0.248926 2.446032 -0.108426
v -0.363223 2.475429 -0.187800
v -0.277999 2.519304 -0.187800
v -0.188018 2.551191 -0.187800
v -0.317713 2.619396 -0.216853
v -0.214878 2.655838 -0.216853
v -0.357427 2.719489 -0.187800
v -0.241737 2.760486 -0.187800
v -0.386500 2.792761 -0.108426
v -0.261400 2.837093 -0.108426
v -0.397141 2.819581 0.000000
v -0.268597 2.865134 0.000000
v -0.386500 2.792761 0.108426
v -0.261400 2.837093 0.108426
v -0.357427 2.719489 0.187800
v -0.241737 2.760486 0.187800
v -0.317713 2.619396 0.216853
v -0.214878 2.655838 0.216853
v -0.277999 2.519304 0.187800
v -0.188018 2.551191 0.187800
v -0.248926 2.446032 0.108426
v -0.168355 2.474584 0.108426
v -0.238285 2.419212 0.000000
v -0.161158 2.446543 0.000000
v -0.081275 2.463132 0.000000
v -0.168355 2.474584 -0.108426
v -0.084904 2.491913 -0.108426
v 0.000000 2.497722 -0.108426
v -0.094820 2.570544 -0.187800
v 0.000000 2.577032 -0.187800
v -0.108366 2.677956 -0.216853
v 0.000000 2.685371 -0.216853
v -0.121912 2.785368 -0.187800
v 0.000000 2.793710 -0.187800
v -0.131828 2.863999 -0.108426
v 0.000000 2.873020 -0.108426
v -0.135458 2.892780 0.000000
v 0.000000 2.902049 0.000000
v -0.131828 2.863999 0.108426
v 0.000000 2.873020 0.108426
v -0.121912 2.785368 0.187800
v 0.000000 2.793710 0.187800
v -0.108366 2.677956 0.216853
v 0.000000 2.685371 0.216853
v -0.094820 2.570544 0.187800
v 0.000000 2.577032 0.187800
v -0.084904 2.491913 0.108426
v 0.000000 2.497722 0.108426
v 0.084904 2.491913 0.108426
v 0.000000 2.468693 0.000000
v 0.081274 2.463132 0.000000
v 0.161158 2.446543 0.000000
v 0.084904 2.491913 -0.108426
v 0.168355 2.474584 -0.108426
v 0.094820 2.570544 -0.187800
v 0.188018 2.551191 -0.187800
v 0.108366 2.677956 -0.216853
v 0.214878 2.655838 -0.216853
v 0.121912 2.785368 -0.187800
v 0.241737 2.760486 -0.187800
v 0.131828 2.864000 -0.108426
v 0.261400 2.837093 -0.108426
v 0.135457 2.892781 0.000000
v 0.268597 2.865133 0.000000
v 0.131828 2.864000 0.108426
v 0.261400 2.837093 0.108426
v 0.121912 2.785368 0.187800
v 0.241737 2.760486 0.187800
v 0.108366 2.677956 0.216853
v 0.214878 2.655838 0.216853
v 0.094820 2.570544 0.187800
v 0.188018 2.551191 0.187800
v 0.277999 2.519304 0.187800
v 0.168355 2.474584 0.108426
v 0.248926 2.446031 0.108426
v 0.325238 2.406745 0.108426
v 0.238285 2.419212 0.000000
v 0.311334 2.381605 0.000000
v 0.248926 2.446031 -0.108426
v 0.325238 2.406745 -0.108426
v 0.277999 2.519304 -0.187800
v 0.363223 2.475429 -0.187800
v 0.317713 2.619396 -0.216853
v 0.415112 2.569253 -0.216853
v 0.357427 2.719489 -0.187800
v 0.467001 2.663078 -0.187800
v 0.386500 2.792761 -0.108426
v 0.504986 2.731762 -0.108426
v 0.397141 2.819581 0.000000
v 0.518890 2.756902 0.000000
v 0.386500 2.792761 0.108426
v 0.504986 2.731762 0.108426
v 0.357427 2.719489 0.187800
v 0.467001 2.663078 0.187800
v 0.317713 2.619396 0.216853
v 0.415112 2.569253 0.216853
v 0.505408 2.506268 0.216853
v 0.363223 2.475429 0.187800
v 0.442232 2.420316 0.187800
v 0.513675 2.354909 0.187800
v 0.395984 2.357396 0.108426
v 0.459955 2.298829 0.108426
v 0.379056 2.334365 0.000000
v 0.440293 2.278302 0.000000
v 0.395984 2.357396 -0.108426
v 0.459955 2.298829 -0.108426
v 0.442232 2.420316 -0.187800
v 0.513675 2.354909 -0.187800
v 0.505408 2.506268 -0.216853
v 0.587057 2.431517 -0.216853
v 0.568584 2.592219 -0.187800
v 0.660439 2.508124 -0.187800
v 0.614832 2.655139 -0.108426
v 0.714158 2.564204 -0.108426
v 0.631760 2.678170 0.000000
v 0.733821 2.584731 0.000000
v 0.614832 2.655139 0.108426
v 0.714158 2.564204 0.108426
v 0.568584 2.592219 0.187800
v 0.660439 2.508124 0.187800
v 0.740994 2.412232 0.187800
v 0.587057 2.431517 0.216853
v 0.658661 2.346279 0.216853
v 0.718995 2.252015 0.216853
v 0.576328 2.280327 0.187800
v 0.629120 2.197845 0.187800
v 0.516057 2.232046 0.108426
v 0.563328 2.158190 0.108426
v 0.493996 2.214374 0.000000
v 0.539246 2.143676 0.000000
v 0.516057 2.232046 -0.108426
v 0.563328 2.158190 -0.108426
v 0.576328 2.280327 -0.187800
v 0.629120 2.197845 -0.187800
v 0.658661 2.346279 -0.216853
v 0.718995 2.252015 -0.216853
v 0.740994 2.412232 -0.187800
v 0.808869 2.306184 -0.187800
v 0.801265 2.460513 -0.108426
v 0.874662 2.345839 -0.108426
v 0.823326 2.478185 0.000000
v 0.898744 2.360354 0.000000
v 0.801265 2.460513 0.108426
v 0.874662 2.345839 0.108426
v 0.933093 2.222145 0.108426
v 0.808869 2.306184 0.187800
v 0.862905 2.191794 0.187800
v 0.902176 2.071020 0.187800
v 0.767027 2.150335 0.216853
v 0.801935 2.042980 0.216853
v 0.671148 2.108875 0.187800
v 0.701693 2.014940 0.187800
v 0.600961 2.078525 0.108426
v 0.628311 1.994413 0.108426
v 0.575270 2.067416 0.000000
v 0.601451 1.986900 0.000000
v 0.600961 2.078525 -0.108426
v 0.628311 1.994413 -0.108426
v 0.671148 2.108875 -0.187800
v 0.701693 2.014940 -0.187800
v 0.767027 2.150335 -0.216853
v 0.801935 2.042980 -0.216853
v 0.862905 2.191794 -0.187800
v 0.902176 2.071020 -0.187800
v 0.933093 2.222145 -0.108426
v 0.975559 2.091547 -0.108426
v 0.958783 2.233254 0.000000
v 1.002418 2.099060 0.000000
v 0.975559 2.091547 0.108426
v 1.001332 1.956280 0.108426
v 1.001332 1.956280 -0.108426
v 0.926011 1.945928 -0.187800
v 0.823121 1.931787 -0.216853
v 0.934002 1.818658 -0.187800
v 0.644910 1.907294 0.108426
v -0.412816 0.698352 0.226138
v -0.412816 0.698352 -0.226138
v -0.226138 1.230314 0.226138
v 0.412816 0.698352 0.226138
v 0.412816 0.698352 -0.226138
v 0.226138 1.230314 0.226138
v 0.226138 1.230314 -0.226138
v -0.226138 1.230314 -0.226138
v 0.316740 2.897516 0.226138
v 0.316740 2.897516 -0.226138
v 0.226138 2.453633 0.226138
v -0.316740 2.897516 0.226138
v -0.316740 2.897516 -0.226138
v -0.226138 2.453633 0.226138
v -0.226138 2.453633 -0.226138
v 0.226138 2.453633 -0.226138
vn 0.0784 0.3064 -0.9487
vn 0.3067 0.0787 -0.9486
vn 0.0779 0.0779 -0.9939
vn 0.3090 -0.0000 -0.9511
vn -0.0779 0.0779 -0.9939
vn -0.0787 0.3067 -0.9486
vn 0.0785 -0.0000 -0.9969
vn -0.0785 -0.0000 -0.9969
vn -0.3064 0.0784 -0.9487
vn -0.3090 -0.0000 -0.9511
vn -0.0000 -1.0000 -0.0000
vn -0.5855 0.0754 -0.8071
vn -0.5878 -0.0000 -0.8090
vn -0.8073 0.0757 -0.5853
vn -0.9511 -0.0000 -0.3090
vn -0.9486 0.0787 -0.3067
vn -0.9939 0.0779 -0.0779
vn -0.9939 0.0779 0.0779
vn -0.9969 -0.0000 -0.0785
vn -0.9972 -0.0000 0.0744
vn -0.9605 -0.0000 0.2784
vn -0.0000 -0.9972 0.0744
vn -0.0000 -0.9605 0.2784
vn 0.9605 -0.0000 0.2784
vn 0.9939 0.0779 0.0779
vn 0.9486 0.0787 0.3067
vn 0.9939 0.0779 -0.0779
vn 0.9972 -0.0000 0.0744
vn 0.9969 -0.0000 -0.0785
vn 0.9511 -0.0000 -0.3090
vn 0.9487 0.0784 -0.3064
vn 0.8071 0.0754 -0.5855
vn 0.8090 -0.0000 -0.5878
vn 0.5853 0.0757 -0.8073
vn 0.3089 0.3098 -0.8992
vn 0.7687 0.2866 -0.5718
vn 0.5154 0.5156 -0.6845
vn 0.5719 0.2870 -0.7685
vn 0.6845 0.5154 -0.5156
vn 0.8992 0.3089 -0.3098
vn 0.7685 0.5719 -0.2870
vn 0.5156 0.6845 -0.5154
vn 0.5718 0.7687 -0.2866
vn 0.2870 0.7685 -0.5719
vn 0.2866 0.5718 -0.7687
vn 0.3098 0.8992 -0.3089
vn 0.5855 0.8071 -0.0754
vn 0.3064 0.9487 -0.0784
vn 0.8073 0.5853 -0.0757
vn 0.0787 0.9486 -0.3067
vn 0.0779 0.9939 -0.0779
vn 0.0757 0.8073 -0.5853
vn -0.0784 0.9487 -0.3064
vn -0.0779 0.9939 -0.0779
vn -0.0754 0.8071 -0.5855
vn -0.3067 0.9486 -0.0787
vn -0.3089 0.8992 -0.3098
vn -0.0757 0.5853 -0.8073
vn -0.2866 0.7687 -0.5718
vn -0.3098 0.3089 -0.8992
vn 0.0754 0.5855 -0.8071
vn -0.5156 0.5154 -0.6845
vn -0.2870 0.5719 -0.7685
vn -0.5154 0.6845 -0.5156
vn -0.7685 0.2870 -0.5719
vn -0.5718 0.2866 -0.7687
vn -0.6845 0.5156 -0.5154
vn -0.5719 0.7685 -0.2870
vn -0.7687 0.5718 -0.2866
vn -0.5853 0.8073 -0.0757
vn -0.8071 0.5855 -0.0754
vn -0.8992 0.3098 -0.3089
vn -0.9487 0.3064 -0.0784
vn -0.9486 0.3067 0.0787
vn -0.8073 0.5853 0.0757
vn -0.9487 0.0784 0.3064
vn -0.8992 0.3089 0.3098
vn -0.5718 0.7687 0.2866
vn -0.5855 0.8071 0.0754
vn -0.3098 0.8992 0.3089
vn -0.3064 0.9487 0.0784
vn -0.5156 0.6845 0.5154
vn -0.2870 0.7685 0.5719
vn -0.7685 0.5719 0.2870
vn -0.5154 0.5156 0.6845
vn -0.2866 0.5718 0.7687
vn -0.6845 0.5154 0.5156
vn -0.5719 0.2870 0.7685
vn -0.7687 0.2866 0.5718
vn -0.8071 0.0754 0.5855
vn -0.5853 0.0757 0.8073
vn -0.3089 0.3098 0.8992
vn -0.3067 0.0787 0.9486
vn -0.0784 0.3064 0.9487
vn -0.0779 0.0779 0.9939
vn -0.0754 0.5855 0.8071
vn -0.0757 0.8073 0.5853
vn 0.0787 0.3067 0.9486
vn 0.0757 0.5853 0.8073
vn 0.0754 0.8071 0.5855
vn 0.2866 0.7687 0.5718
vn 0.3098 0.3089 0.8992
vn 0.3064 0.0784 0.9487
vn 0.0779 0.0779 0.9939
vn 0.5855 0.0754 0.8071
vn 0.5156 0.5154 0.6845
vn 0.2870 0.5719 0.7685
vn 0.8073 0.0757 0.5853
vn 0.5718 0.2866 0.7687
vn 0.7685 0.2870 0.5719
vn 0.5154 0.6845 0.5156
vn 0.6845 0.5156 0.5154
vn 0.8992 0.3098 0.3089
vn 0.5719 0.7685 0.2870
vn 0.7687 0.5718 0.2866
vn 0.8071 0.5855 0.0754
vn 0.9487 0.3064 0.0784
vn 0.5853 0.8073 0.0757
vn 0.3089 0.8992 0.3098
vn 0.3067 0.9486 0.0787
vn 0.0784 0.9487 0.3064
vn 0.0779 0.9939 0.0779
vn -0.0779 0.9939 0.0779
vn -0.0787 0.9486 0.3067
vn 0.8406 -0.0000 0.5417
vn 0.6430 -0.0000 0.7658
vn -0.0000 -0.8406 0.5417
vn -0.0000 -0.6430 0.7658
vn -0.6430 -0.0000 0.7658
vn -0.8406 -0.0000 0.5417
vn -0.1980 -0.1980 0.9600
vn 0.1980 -0.1980 0.9600
vn -0.0590 -0.0590 0.9965
vn 0.0590 -0.0590 0.9965
vn 0.9486 0.3067 -0.0787
vn -0.0000 -0.7041 -0.7101
vn 0.1092 -0.8286 -0.5490
vn -0.0000 -0.8286 -0.5598
vn -0.0000 0.3805 -0.9248
vn 0.1626 0.5528 -0.8173
vn 0.1804 0.3805 -0.9070
vn 0.0757 -0.9217 -0.3804
vn -0.0000 -0.9217 -0.3879
vn -0.0000 0.1939 -0.9810
vn 0.1914 0.1939 -0.9622
vn 0.0392 -0.9796 -0.1971
vn -0.0000 -0.9796 -0.2010
vn 0.1951 -0.0000 -0.9808
vn -0.0000 -0.0000 -1.0000
vn -0.0000 0.9796 -0.2010
vn -0.0000 1.0000 -0.0000
vn 0.0392 0.9796 -0.1971
vn 0.1914 -0.1939 -0.9622
vn -0.0000 -0.1939 -0.9810
vn -0.0000 0.9217 -0.3879
vn 0.0757 0.9217 -0.3804
vn 0.1804 -0.3805 -0.9070
vn -0.0000 -0.3805 -0.9248
vn -0.0000 0.8286 -0.5598
vn 0.1092 0.8286 -0.5490
vn 0.1626 -0.5528 -0.8173
vn -0.0000 -0.5528 -0.8333
vn -0.0000 0.7041 -0.7101
vn 0.1385 0.7041 -0.6965
vn 0.1385 -0.7041 -0.6965
vn -0.0000 0.5528 -0.8333
vn 0.2718 -0.7041 -0.6561
vn 0.3189 0.5528 -0.7699
vn 0.2142 -0.8286 -0.5172
vn 0.3539 0.3805 -0.8544
vn 0.1484 -0.9217 -0.3584
vn 0.3754 0.1939 -0.9063
vn 0.0769 -0.9796 -0.1857
vn 0.3827 -0.0000 -0.9239
vn 0.0769 0.9796 -0.1857
vn 0.3754 -0.1939 -0.9063
vn 0.1484 0.9217 -0.3584
vn 0.3539 -0.3805 -0.8544
vn 0.2142 0.8286 -0.5172
vn 0.3189 -0.5528 -0.7699
vn 0.2718 0.7041 -0.6561
vn 0.1117 0.9796 -0.1671
vn 0.1117 -0.9796 -0.1671
vn 0.5556 -0.0000 -0.8315
vn 0.5450 -0.1939 -0.8157
vn 0.2155 0.9217 -0.3225
vn 0.5138 -0.3805 -0.7689
vn 0.3110 0.8286 -0.4654
vn 0.4630 -0.5528 -0.6929
vn 0.3945 0.7041 -0.5905
vn 0.3945 -0.7041 -0.5905
vn 0.4630 0.5528 -0.6929
vn 0.3110 -0.8286 -0.4654
vn 0.5138 0.3805 -0.7689
vn 0.2155 -0.9217 -0.3225
vn 0.5450 0.1939 -0.8157
vn 0.5893 0.5528 -0.5893
vn 0.3958 -0.8286 -0.3958
vn 0.6539 0.3805 -0.6539
vn 0.2743 -0.9217 -0.2743
vn 0.6937 0.1939 -0.6937
vn 0.1421 -0.9796 -0.1421
vn 0.7071 -0.0000 -0.7071
vn 0.1421 0.9796 -0.1421
vn 0.6937 -0.1939 -0.6937
vn 0.2743 0.9217 -0.2743
vn 0.6539 -0.3805 -0.6539
vn 0.3958 0.8286 -0.3958
vn 0.5893 -0.5528 -0.5893
vn 0.5021 0.7041 -0.5021
vn 0.5021 -0.7041 -0.5021
vn 0.8157 -0.1939 -0.5450
vn 0.3225 0.9217 -0.2155
vn 0.7689 -0.3805 -0.5138
vn 0.4654 0.8286 -0.3110
vn 0.6929 -0.5528 -0.4630
vn 0.5905 0.7041 -0.3945
vn 0.5905 -0.7041 -0.3945
vn 0.6929 0.5528 -0.4630
vn 0.4654 -0.8286 -0.3110
vn 0.7689 0.3805 -0.5138
vn 0.3225 -0.9217 -0.2155
vn 0.8157 0.1939 -0.5450
vn 0.1671 -0.9796 -0.1117
vn 0.8315 -0.0000 -0.5556
vn 0.1671 0.9796 -0.1117
vn 0.5172 -0.8286 -0.2142
vn 0.8544 0.3805 -0.3539
vn 0.3584 -0.9217 -0.1484
vn 0.9063 0.1939 -0.3754
vn 0.1857 -0.9796 -0.0769
vn 0.9239 -0.0000 -0.3827
vn 0.1857 0.9796 -0.0769
vn 0.9063 -0.1939 -0.3754
vn 0.3584 0.9217 -0.1484
vn 0.8544 -0.3805 -0.3539
vn 0.5172 0.8286 -0.2142
vn 0.7699 -0.5528 -0.3189
vn 0.6561 0.7041 -0.2718
vn 0.6561 -0.7041 -0.2718
vn 0.7699 0.5528 -0.3189
vn 0.9070 -0.3805 -0.1804
vn 0.5490 0.8286 -0.1092
vn 0.8173 -0.5528 -0.1626
vn 0.6965 0.7041 -0.1385
vn 0.6965 -0.7041 -0.1385
vn 0.8173 0.5528 -0.1626
vn 0.5490 -0.8286 -0.1092
vn 0.9070 0.3805 -0.1804
vn 0.3804 -0.9217 -0.0757
vn 0.9622 0.1939 -0.1914
vn 0.1971 -0.9796 -0.0392
vn 0.9808 -0.0000 -0.1951
vn 0.1971 0.9796 -0.0392
vn 0.9622 -0.1939 -0.1914
vn 0.3804 0.9217 -0.0757
vn 0.3879 -0.9217 -0.0000
vn 0.9248 0.3805 -0.0000
vn 0.9810 0.1939 -0.0000
vn 0.2010 -0.9796 -0.0000
vn 1.0000 -0.0000 -0.0000
vn 0.2010 0.9796 -0.0000
vn 0.9810 -0.1939 -0.0000
vn 0.3879 0.9217 -0.0000
vn 0.9248 -0.3805 -0.0000
vn 0.5598 0.8286 -0.0000
vn 0.8333 -0.5528 -0.0000
vn 0.7101 0.7041 -0.0000
vn 0.7101 -0.7041 -0.0000
vn 0.8333 0.5528 -0.0000
vn 0.5598 -0.8286 -0.0000
vn 0.5490 0.8286 0.1092
vn 0.9070 -0.3805 0.1804
vn 0.8173 -0.5528 0.1626
vn 0.6965 0.7041 0.1385
vn 0.6965 -0.7041 0.1385
vn 0.8173 0.5528 0.1626
vn 0.5490 -0.8286 0.1092
vn 0.9070 0.3805 0.1804
vn 0.3804 -0.9217 0.0757
vn 0.9622 0.1939 0.1914
vn 0.1971 -0.9796 0.0392
vn 0.9808 -0.0000 0.1951
vn 0.1971 0.9796 0.0392
vn 0.9622 -0.1939 0.1914
vn 0.3804 0.9217 0.0757
vn 0.8544 0.3805 0.3539
vn 0.9063 0.1939 0.3754
vn 0.3584 -0.9217 0.1484
vn 0.1857 -0.9796 0.0769
vn 0.9239 -0.0000 0.3827
vn 0.1857 0.9796 0.0769
vn 0.9063 -0.1939 0.3754
vn 0.3584 0.9217 0.1484
vn 0.8544 -0.3805 0.3539
vn 0.5172 0.8286 0.2142
vn 0.7699 -0.5528 0.3189
vn 0.6561 0.7041 0.2718
vn 0.6561 -0.7041 0.2718
vn 0.7699 0.5528 0.3189
vn 0.5172 -0.8286 0.2142
vn 0.7689 -0.3805 0.5138
vn 0.6929 -0.5528 0.4630
vn 0.5905 0.7041 0.3945
vn 0.5905 -0.7041 0.3945
vn 0.6929 0.5528 0.4630
vn 0.4654 -0.8286 0.3110
vn 0.7689 0.3805 0.5138
vn 0.3225 -0.9217 0.2155
vn 0.8157 0.1939 0.5450
vn 0.1671 -0.9796 0.1117
vn 0.8315 -0.0000 0.5556
vn 0.1671 0.9796 0.1117
vn 0.8157 -0.1939 0.5450
vn 0.3225 0.9217 0.2155
vn 0.4654 0.8286 0.3110
vn 0.2743 -0.9217 0.2743
vn 0.1421 -0.9796 0.1421
vn 0.6937 0.1939 0.6937
vn 0.7071 -0.0000 0.7071
vn 0.1421 0.9796 0.1421
vn 0.6937 -0.1939 0.6937
vn 0.2743 0.9217 0.2743
vn 0.6539 -0.3805 0.6539
vn 0.3958 0.8286 0.3958
vn 0.5893 -0.5528 0.5893
vn 0.5021 0.7041 0.5021
vn 0.5021 -0.7041 0.5021
vn 0.5893 0.5528 0.5893
vn 0.3958 -0.8286 0.3958
vn 0.6539 0.3805 0.6539
vn 0.3945 0.7041 0.5905
vn 0.3945 -0.7041 0.5905
vn 0.4630 0.5528 0.6929
vn 0.3110 -0.8286 0.4654
vn 0.5138 0.3805 0.7689
vn 0.2155 -0.9217 0.3225
vn 0.5450 0.1939 0.8157
vn 0.1117 -0.9796 0.1671
vn 0.5556 -0.0000 0.8315
vn 0.1117 0.9796 0.1671
vn 0.5450 -0.1939 0.8157
vn 0.2155 0.9217 0.3225
vn 0.5138 -0.3805 0.7689
vn 0.3110 0.8286 0.4654
vn 0.4630 -0.5528 0.6929
vn 0.3754 0.1939 0.9063
vn 0.3827 -0.0000 0.9239
vn 0.0769 0.9796 0.1857
vn 0.0769 -0.9796 0.1857
vn 0.3754 -0.1939 0.9063
vn 0.1484 0.9217 0.3584
vn 0.3539 -0.3805 0.8544
vn 0.2142 0.8286 0.5172
vn 0.3189 -0.5528 0.7699
vn 0.2718 0.7041 0.6561
vn 0.2718 -0.7041 0.6561
vn 0.3189 0.5528 0.7699
vn 0.2142 -0.8286 0.5172
vn 0.3539 0.3805 0.8544
vn 0.1484 -0.9217 0.3584
vn 0.1385 -0.7041 0.6965
vn 0.1385 0.7041 0.6965
vn 0.1626 0.5528 0.8173
vn 0.1092 -0.8286 0.5490
vn 0.1804 0.3805 0.9070
vn 0.0757 -0.9217 0.3804
vn 0.1914 0.1939 0.9622
vn 0.0392 -0.9796 0.1971
vn 0.1951 -0.0000 0.9808
vn 0.0392 0.9796 0.1971
vn 0.1914 -0.1939 0.9622
vn 0.0757 0.9217 0.3804
vn 0.1804 -0.3805 0.9070
vn 0.1092 0.8286 0.5490
vn 0.1626 -0.5528 0.8173
vn -0.0000 -0.9796 0.2010
vn -0.0000 -0.1939 0.9810
vn -0.0000 0.9217 0.3879
vn -0.0000 -0.3805 0.9248
vn -0.0000 0.8286 0.5598
vn -0.0000 -0.5528 0.8333
vn -0.0000 0.7041 0.7101
vn -0.0000 -0.7041 0.7101
vn -0.0000 0.5528 0.8333
vn -0.0000 -0.8286 0.5598
vn -0.0000 0.3805 0.9248
vn -0.0000 -0.9217 0.3879
vn -0.0000 0.1939 0.9810
vn -0.0000 -0.0000 1.0000
vn -0.0000 0.9796 0.2010
vn -0.1385 -0.7041 0.6965
vn -0.1092 -0.8286 0.5490
vn -0.1804 0.3805 0.9070
vn -0.0757 -0.9217 0.3804
vn -0.1914 0.1939 0.9622
vn -0.0392 -0.9796 0.1971
vn -0.1951 -0.0000 0.9808
vn -0.0392 0.9796 0.1971
vn -0.1914 -0.1939 0.9622
vn -0.0757 0.9217 0.3804
vn -0.1804 -0.3805 0.9070
vn -0.1092 0.8286 0.5490
vn -0.1626 -0.5528 0.8173
vn -0.1385 0.7041 0.6965
vn -0.1626 0.5528 0.8173
vn -0.0769 0.9796 0.1857
vn -0.1484 0.9217 0.3584
vn -0.3539 -0.3805 0.8544
vn -0.2142 0.8286 0.5172
vn -0.3189 -0.5528 0.7699
vn -0.2718 0.7041 0.6561
vn -0.2718 -0.7041 0.6561
vn -0.3189 0.5528 0.7699
vn -0.2142 -0.8286 0.5172
vn -0.3539 0.3805 0.8544
vn -0.1484 -0.9217 0.3584
vn -0.3754 0.1939 0.9063
vn -0.0769 -0.9796 0.1857
vn -0.3827 -0.0000 0.9239
vn -0.3754 -0.1939 0.9063
vn -0.5138 0.3805 0.7689
vn -0.2155 -0.9217 0.3225
vn -0.5450 0.1939 0.8157
vn -0.1117 -0.9796 0.1671
vn -0.5556 -0.0000 0.8315
vn -0.1117 0.9796 0.1671
vn -0.5450 -0.1939 0.8157
vn -0.2155 0.9217 0.3225
vn -0.5138 -0.3805 0.7689
vn -0.3110 0.8286 0.4654
vn -0.4630 -0.5528 0.6929
vn -0.3945 0.7041 0.5905
vn -0.3945 -0.7041 0.5905
vn -0.4630 0.5528 0.6929
vn -0.3110 -0.8286 0.4654
vn -0.6539 -0.3805 0.6539
vn -0.3958 0.8286 0.3958
vn -0.5893 -0.5528 0.5893
vn -0.5021 0.7041 0.5021
vn -0.5021 -0.7041 0.5021
vn -0.5893 0.5528 0.5893
vn -0.3958 -0.8286 0.3958
vn -0.6539 0.3805 0.6539
vn -0.2743 -0.9217 0.2743
vn -0.6937 0.1939 0.6937
vn -0.1421 -0.9796 0.1421
vn -0.7071 -0.0000 0.7071
vn -0.1421 0.9796 0.1421
vn -0.6937 -0.1939 0.6937
vn -0.2743 0.9217 0.2743
vn -0.3225 -0.9217 0.2155
vn -0.7689 0.3805 0.5138
vn -0.8157 0.1939 0.5450
vn -0.1671 -0.9796 0.1117
vn -0.8315 -0.0000 0.5556
vn -0.1671 0.9796 0.1117
vn -0.8157 -0.1939 0.5450
vn -0.3225 0.9217 0.2155
vn -0.7689 -0.3805 0.5138
vn -0.4654 0.8286 0.3110
vn -0.6929 -0.5528 0.4630
vn -0.5905 0.7041 0.3945
vn -0.5905 -0.7041 0.3945
vn -0.6929 0.5528 0.4630
vn -0.4654 -0.8286 0.3110
vn -0.5172 0.8286 0.2142
vn -0.8544 -0.3805 0.3539
vn -0.7699 -0.5528 0.3189
vn -0.6561 0.7041 0.2718
vn -0.6561 -0.7041 0.2718
vn -0.7699 0.5528 0.3189
vn -0.5172 -0.8286 0.2142
vn -0.8544 0.3805 0.3539
vn -0.3584 -0.9217 0.1484
vn -0.9063 0.1939 0.3754
vn -0.1857 -0.9796 0.0769
vn -0.9239 -0.0000 0.3827
vn -0.1857 0.9796 0.0769
vn -0.9063 -0.1939 0.3754
vn -0.3584 0.9217 0.1484
vn -0.9070 0.3805 0.1804
vn -0.9622 0.1939 0.1914
vn -0.1971 -0.9796 0.0392
vn -0.9808 -0.0000 0.1951
vn -0.1971 0.9796 0.0392
vn -0.9622 -0.1939 0.1914
vn -0.3804 0.9217 0.0757
vn -0.9070 -0.3805 0.1804
vn -0.5490 0.8286 0.1092
vn -0.8173 -0.5528 0.1626
vn -0.6965 0.7041 0.1385
vn -0.6965 -0.7041 0.1385
vn -0.8173 0.5528 0.1626
vn -0.5490 -0.8286 0.1092
vn -0.3804 -0.9217 0.0757
vn -0.9248 -0.3805 -0.0000
vn -0.8333 -0.5528 -0.0000
vn -0.7101 0.7041 -0.0000
vn -0.7101 -0.7041 -0.0000
vn -0.8333 0.5528 -0.0000
vn -0.5598 -0.8286 -0.0000
vn -0.9248 0.3805 -0.0000
vn -0.3879 -0.9217 -0.0000
vn -0.9810 0.1939 -0.0000
vn -0.2010 -0.9796 -0.0000
vn -1.0000 -0.0000 -0.0000
vn -0.2010 0.9796 -0.0000
vn -0.9810 -0.1939 -0.0000
vn -0.3879 0.9217 -0.0000
vn -0.5598 0.8286 -0.0000
vn -0.1971 -0.9796 -0.0392
vn -0.9622 0.1939 -0.1914
vn -0.9808 -0.0000 -0.1951
vn -0.1971 0.9796 -0.0392
vn -0.9622 -0.1939 -0.1914
vn -0.3804 0.9217 -0.0757
vn -0.9070 -0.3805 -0.1804
vn -0.5490 0.8286 -0.1092
vn -0.8173 -0.5528 -0.1626
vn -0.6965 0.7041 -0.1385
vn -0.6965 -0.7041 -0.1385
vn -0.8173 0.5528 -0.1626
vn -0.5490 -0.8286 -0.1092
vn -0.9070 0.3805 -0.1804
vn -0.3804 -0.9217 -0.0757
vn -0.6561 -0.7041 -0.2718
vn -0.6561 0.7041 -0.2718
vn -0.7699 0.5528 -0.3189
vn -0.5172 -0.8286 -0.2142
vn -0.8544 0.3805 -0.3539
vn -0.3584 -0.9217 -0.1484
vn -0.9063 0.1939 -0.3754
vn -0.1857 -0.9796 -0.0769
vn -0.9239 -0.0000 -0.3827
vn -0.1857 0.9796 -0.0769
vn -0.9063 -0.1939 -0.3754
vn -0.3584 0.9217 -0.1484
vn -0.8544 -0.3805 -0.3539
vn -0.5172 0.8286 -0.2142
vn -0.7699 -0.5528 -0.3189
vn -0.1671 0.9796 -0.1117
vn -0.1671 -0.9796 -0.1117
vn -0.8157 -0.1939 -0.5450
vn -0.3225 0.9217 -0.2155
vn -0.7689 -0.3805 -0.5138
vn -0.4654 0.8286 -0.3110
vn -0.6929 -0.5528 -0.4630
vn -0.5905 0.7041 -0.3945
vn -0.5905 -0.7041 -0.3945
vn -0.6929 0.5528 -0.4630
vn -0.4654 -0.8286 -0.3110
vn -0.7689 0.3805 -0.5138
vn -0.3225 -0.9217 -0.2155
vn -0.8157 0.1939 -0.5450
vn -0.8315 -0.0000 -0.5556
vn -0.5021 0.7041 -0.5021
vn -0.5893 0.5528 -0.5893
vn -0.5021 -0.7041 -0.5021
vn -0.3958 -0.8286 -0.3958
vn -0.6539 0.3805 -0.6539
vn -0.2743 -0.9217 -0.2743
vn -0.6937 0.1939 -0.6937
vn -0.1421 -0.9796 -0.1421
vn -0.7071 -0.0000 -0.7071
vn -0.1421 0.9796 -0.1421
vn -0.6937 -0.1939 -0.6937
vn -0.2743 0.9217 -0.2743
vn -0.6539 -0.3805 -0.6539
vn -0.3958 0.8286 -0.3958
vn -0.5893 -0.5528 -0.5893
vn -0.5450 -0.1939 -0.8157
vn -0.2155 0.9217 -0.3225
vn -0.5138 -0.3805 -0.7689
vn -0.3110 0.8286 -0.4654
vn -0.4630 -0.5528 -0.6929
vn -0.3945 0.7041 -0.5905
vn -0.3945 -0.7041 -0.5905
vn -0.4630 0.5528 -0.6929
vn -0.3110 -0.8286 -0.4654
vn -0.5138 0.3805 -0.7689
vn -0.2155 -0.9217 -0.3225
vn -0.5450 0.1939 -0.8157
vn -0.1117 -0.9796 -0.1671
vn -0.5556 -0.0000 -0.8315
vn -0.1117 0.9796 -0.1671
vn -0.2718 -0.7041 -0.6561
vn -0.2142 -0.8286 -0.5172
vn -0.3539 0.3805 -0.8544
vn -0.1484 -0.9217 -0.3584
vn -0.3754 0.1939 -0.9063
vn -0.0769 -0.9796 -0.1857
vn -0.3827 -0.0000 -0.9239
vn -0.0769 0.9796 -0.1857
vn -0.3754 -0.1939 -0.9063
vn -0.1484 0.9217 -0.3584
vn -0.3539 -0.3805 -0.8544
vn -0.2142 0.8286 -0.5172
vn -0.3189 -0.5528 -0.7699
vn -0.2718 0.7041 -0.6561
vn -0.3189 0.5528 -0.7699
vn -0.0757 0.9217 -0.3804
vn -0.1804 -0.3805 -0.9070
vn -0.1092 0.8286 -0.5490
vn -0.1626 -0.5528 -0.8173
vn -0.1385 0.7041 -0.6965
vn -0.1385 -0.7041 -0.6965
vn -0.1626 0.5528 -0.8173
vn -0.1092 -0.8286 -0.5490
vn -0.1804 0.3805 -0.9070
vn -0.0757 -0.9217 -0.3804
vn -0.1914 0.1939 -0.9622
vn -0.0392 -0.9796 -0.1971
vn -0.1951 -0.0000 -0.9808
vn -0.0392 0.9796 -0.1971
vn -0.1914 -0.1939 -0.9622
vn 0.8694 0.1097 0.4818
vn 0.8764 -0.0000 0.4816
vn 0.8694 -0.1097 0.4818
vn 0.9921 -0.1253 -0.0000
vn 0.8694 0.1097 -0.4818
vn 0.8764 -0.0000 -0.4816
vn 0.8694 -0.1097 -0.4818
vn 0.8484 -0.2179 0.4824
vn 0.9685 -0.2489 -0.0000
vn 0.8484 -0.2179 -0.4824
vn 0.6989 -0.1790 -0.6924
vn 0.7165 -0.0902 -0.6917
vn 0.6698 -0.2651 -0.6936
vn 0.8136 -0.3231 -0.4834
vn 0.9294 -0.3692 -0.0000
vn 0.6294 -0.3473 -0.6952
vn 0.7652 -0.4236 -0.4848
vn 0.8748 -0.4844 -0.0000
vn 0.7652 -0.4236 0.4848
vn 0.8136 -0.3231 0.4834
vn 0.6294 -0.3473 0.6952
vn 0.6698 -0.2651 0.6936
vn 0.6989 -0.1790 0.6924
vn 0.2604 -0.0671 0.9632
vn 0.2493 -0.0986 0.9634
vn 0.2490 -0.0992 0.9634
vn 0.2673 -0.0338 0.9630
vn 0.2605 -0.0666 0.9632
vn 0.7165 -0.0902 0.6917
vn 0.2696 -0.0000 0.9630
vn 0.2673 -0.0336 0.9630
vn 0.7165 0.0902 0.6917
vn 0.7224 -0.0000 0.6915
vn 0.2673 0.0336 0.9630
vn -0.2696 -0.0000 0.9630
vn -0.2673 -0.0336 0.9630
vn -0.2673 0.0336 0.9630
vn -0.2673 0.0338 0.9630
vn -0.7224 -0.0000 0.6915
vn -0.8647 -0.1090 0.4904
vn -0.8716 -0.0000 0.4901
vn -0.8647 0.1090 0.4904
vn -0.7165 0.0906 0.6917
vn -0.2605 0.0666 0.9632
vn -0.2604 0.0671 0.9632
vn -0.8438 0.2165 0.4911
vn -0.6987 0.1798 0.6925
vn -0.9686 0.2485 -0.0000
vn -0.9922 0.1251 -0.0000
vn -0.8647 0.1090 -0.4904
vn -0.8438 0.2165 -0.4911
vn -0.8716 -0.0000 -0.4901
vn -0.9922 -0.1251 -0.0000
vn -0.8647 -0.1090 -0.4904
vn -0.7224 -0.0000 -0.6915
vn -0.7165 0.0906 -0.6917
vn -0.2673 -0.0336 -0.9630
vn -0.2696 -0.0000 -0.9630
vn -0.2673 0.0336 -0.9630
vn -0.2673 0.0338 -0.9630
vn -0.6987 0.1798 -0.6925
vn -0.2605 0.0666 -0.9632
vn -0.2604 0.0671 -0.9632
vn 0.2605 -0.0666 -0.9632
vn 0.2673 -0.0338 -0.9630
vn 0.2604 -0.0671 -0.9632
vn 0.2673 -0.0336 -0.9630
vn 0.2696 -0.0000 -0.9630
vn -0.2493 0.0986 -0.9634
vn -0.2490 0.0992 -0.9634
vn 0.2493 -0.0986 -0.9634
vn 0.2490 -0.0992 -0.9634
vn -0.2338 0.1289 -0.9637
vn -0.2334 0.1296 -0.9637
vn 0.2338 -0.1289 -0.9637
vn 0.2334 -0.1296 -0.9637
vn -0.2144 0.1571 -0.9640
vn -0.2138 0.1577 -0.9641
vn 0.2144 -0.1571 -0.9640
vn 0.2138 -0.1577 -0.9641
vn 0.5782 -0.4241 -0.6970
vn 0.7038 -0.5177 -0.4864
vn 0.1912 -0.1826 -0.9644
vn 0.1906 -0.1832 -0.9644
vn 0.5170 -0.4941 -0.6990
vn 0.6300 -0.6040 -0.4881
vn 0.8054 -0.5927 -0.0000
vn 0.7217 -0.6922 -0.0000
vn 0.6300 -0.6040 0.4881
vn 0.7038 -0.5177 0.4864
vn 0.5170 -0.4941 0.6990
vn 0.5782 -0.4241 0.6970
vn 0.2138 -0.1577 0.9641
vn 0.1912 -0.1826 0.9644
vn 0.1906 -0.1832 0.9644
vn 0.2334 -0.1296 0.9637
vn 0.2144 -0.1571 0.9640
vn 0.2338 -0.1289 0.9637
vn -0.2334 0.1296 0.9637
vn -0.2144 0.1571 0.9640
vn -0.2138 0.1577 0.9641
vn -0.2490 0.0992 0.9634
vn -0.2338 0.1289 0.9637
vn -0.2493 0.0986 0.9634
vn -0.6693 0.2663 0.6936
vn -0.7611 0.4208 0.4936
vn -0.6286 0.3486 0.6952
vn -0.8092 0.3210 0.4922
vn -0.8752 0.4838 -0.0000
vn -0.9296 0.3686 -0.0000
vn -0.8092 0.3210 -0.4922
vn -0.7611 0.4208 -0.4936
vn -0.6693 0.2663 -0.6936
vn -0.6286 0.3486 -0.6952
vn -0.8059 0.5920 -0.0000
vn -0.7000 0.5144 -0.4954
vn -0.5772 0.4254 -0.6970
vn -0.7223 0.6915 -0.0000
vn -0.6266 0.6001 -0.4972
vn -0.5157 0.4954 -0.6990
vn -0.1912 0.1826 -0.9644
vn -0.1906 0.1832 -0.9644
vn -0.5418 0.6762 -0.4991
vn -0.4451 0.5572 -0.7010
vn -0.1648 0.2050 -0.9648
vn -0.1641 0.2055 -0.9648
vn 0.1648 -0.2050 -0.9648
vn 0.1641 -0.2055 -0.9648
vn -0.1354 0.2240 -0.9651
vn -0.1347 0.2243 -0.9652
vn 0.1354 -0.2240 -0.9651
vn 0.1347 -0.2243 -0.9652
vn 0.3678 -0.6089 -0.7029
vn 0.5448 -0.6806 -0.4899
vn 0.4493 -0.7460 -0.4915
vn 0.4465 -0.5561 -0.7010
vn 0.6247 -0.7809 -0.0000
vn 0.5157 -0.8568 -0.0000
vn 0.4493 -0.7460 0.4915
vn 0.5448 -0.6806 0.4899
vn 0.3678 -0.6089 0.7029
vn 0.4465 -0.5561 0.7010
vn 0.1641 -0.2055 0.9648
vn 0.1354 -0.2240 0.9651
vn 0.1347 -0.2243 0.9652
vn 0.1648 -0.2050 0.9648
vn -0.1641 0.2055 0.9648
vn -0.1354 0.2240 0.9651
vn -0.1347 0.2243 0.9652
vn -0.1906 0.1832 0.9644
vn -0.1648 0.2050 0.9648
vn -0.1912 0.1826 0.9644
vn -0.5157 0.4954 0.6990
vn -0.5418 0.6762 0.4991
vn -0.4451 0.5572 0.7010
vn -0.5772 0.4254 0.6970
vn -0.6266 0.6001 0.4972
vn -0.7000 0.5144 0.4954
vn -0.6254 0.7803 -0.0000
vn -0.5164 0.8563 -0.0000
vn -0.4469 0.7412 0.5009
vn -0.4469 0.7412 -0.5009
vn -0.3664 0.6096 -0.7029
vn -0.3971 0.9178 -0.0000
vn -0.3432 0.7936 -0.5024
vn -0.2810 0.6517 -0.7045
vn -0.1037 0.2391 -0.9654
vn -0.1031 0.2393 -0.9655
vn -0.2328 0.8320 -0.5036
vn -0.1904 0.6824 -0.7058
vn -0.0702 0.2501 -0.9657
vn -0.0697 0.2502 -0.9657
vn 0.0702 -0.2501 -0.9657
vn 0.1031 -0.2393 -0.9655
vn 0.0697 -0.2502 -0.9657
vn 0.1037 -0.2391 -0.9654
vn 0.1912 -0.6822 -0.7058
vn 0.3451 -0.7987 -0.4929
vn 0.2340 -0.8374 -0.4940
vn 0.2822 -0.6512 -0.7045
vn 0.3965 -0.9180 -0.0000
vn 0.2691 -0.9631 -0.0000
vn 0.2340 -0.8374 0.4940
vn 0.3451 -0.7987 0.4929
vn 0.1912 -0.6822 0.7058
vn 0.2822 -0.6512 0.7045
vn 0.1031 -0.2393 0.9655
vn 0.0702 -0.2501 0.9657
vn 0.0697 -0.2502 0.9657
vn 0.1037 -0.2391 0.9654
vn -0.1031 0.2393 0.9655
vn -0.0702 0.2501 0.9657
vn -0.0697 0.2502 0.9657
vn -0.1037 0.2391 0.9654
vn -0.2810 0.6517 0.7045
vn -0.2328 0.8320 0.5036
vn -0.1904 0.6824 0.7058
vn -0.3664 0.6096 0.7029
vn -0.3432 0.7936 0.5024
vn -0.2695 0.9630 -0.0000
vn -0.1362 0.9907 -0.0000
vn -0.1176 0.8554 0.5044
vn -0.1176 0.8554 -0.5044
vn -0.0961 0.7011 -0.7066
vn -0.0000 0.8633 -0.5047
vn -0.0000 0.7074 -0.7068
vn -0.0000 0.2590 -0.9659
vn -0.0352 0.2568 -0.9658
vn -0.0354 0.2568 -0.9658
vn -0.0000 -0.2590 -0.9659
vn 0.0352 -0.2568 -0.9658
vn 0.0354 -0.2568 -0.9658
vn -0.0000 -0.7074 -0.7068
vn 0.1182 -0.8610 -0.4947
vn -0.0000 -0.8689 -0.4949
vn 0.0966 -0.7010 -0.7066
vn 0.1360 -0.9907 -0.0000
vn -0.0000 -0.8689 0.4949
vn 0.1182 -0.8610 0.4947
vn -0.0000 -0.7074 0.7068
vn 0.0966 -0.7010 0.7065
vn 0.0352 -0.2568 0.9658
vn -0.0000 -0.2590 0.9659
vn 0.0354 -0.2568 0.9658
vn -0.0352 0.2568 0.9658
vn -0.0000 0.2590 0.9659
vn -0.0354 0.2568 0.9658
vn -0.0961 0.7011 0.7066
vn -0.0000 0.8633 0.5047
vn -0.0000 0.7074 0.7068
vn 0.0961 0.7011 0.7066
vn 0.1176 0.8554 0.5044
vn 0.1362 0.9907 -0.0000
vn 0.1176 0.8554 -0.5044
vn 0.2328 0.8320 0.5036
vn 0.2695 0.9630 -0.0000
vn 0.2328 0.8320 -0.5036
vn 0.1904 0.6824 -0.7058
vn 0.0961 0.7011 -0.7066
vn 0.0354 0.2568 -0.9658
vn 0.0697 0.2502 -0.9657
vn 0.0702 0.2501 -0.9657
vn 0.0352 0.2568 -0.9658
vn -0.0354 -0.2568 -0.9658
vn -0.0697 -0.2502 -0.9657
vn -0.0702 -0.2501 -0.9657
vn -0.0352 -0.2568 -0.9658
vn -0.0966 -0.7010 -0.7066
vn -0.2340 -0.8374 -0.4940
vn -0.1912 -0.6822 -0.7058
vn -0.1182 -0.8610 -0.4947
vn -0.2691 -0.9631 -0.0000
vn -0.1360 -0.9907 -0.0000
vn -0.1182 -0.8610 0.4947
vn -0.2340 -0.8374 0.4940
vn -0.0966 -0.7010 0.7066
vn -0.1912 -0.6822 0.7058
vn -0.0697 -0.2502 0.9657
vn -0.0354 -0.2568 0.9658
vn -0.0702 -0.2501 0.9657
vn -0.0352 -0.2568 0.9658
vn 0.0697 0.2502 0.9657
vn 0.0354 0.2568 0.9658
vn 0.0702 0.2501 0.9657
vn 0.0352 0.2568 0.9658
vn 0.1904 0.6824 0.7058
vn 0.1031 0.2393 0.9655
vn 0.1037 0.2391 0.9654
vn 0.2810 0.6517 0.7045
vn 0.3432 0.7936 0.5024
vn 0.3971 0.9178 -0.0000
vn 0.3664 0.6096 0.7029
vn 0.4469 0.7412 0.5009
vn 0.5164 0.8563 -0.0000
vn 0.4469 0.7412 -0.5009
vn 0.3432 0.7936 -0.5024
vn 0.3664 0.6096 -0.7029
vn 0.2810 0.6517 -0.7045
vn 0.1037 0.2391 -0.9654
vn 0.1347 0.2243 -0.9652
vn 0.1354 0.2240 -0.9651
vn 0.1031 0.2393 -0.9655
vn -0.1037 -0.2391 -0.9654
vn -0.1347 -0.2243 -0.9652
vn -0.1354 -0.2240 -0.9651
vn -0.1031 -0.2393 -0.9655
vn -0.2822 -0.6512 -0.7045
vn -0.4493 -0.7460 -0.4915
vn -0.3678 -0.6089 -0.7029
vn -0.3451 -0.7987 -0.4929
vn -0.5157 -0.8568 -0.0000
vn -0.3965 -0.9180 -0.0000
vn -0.3451 -0.7987 0.4929
vn -0.4493 -0.7460 0.4915
vn -0.2822 -0.6512 0.7045
vn -0.3678 -0.6089 0.7029
vn -0.1347 -0.2243 0.9652
vn -0.1037 -0.2391 0.9654
vn -0.1354 -0.2240 0.9651
vn -0.1031 -0.2393 0.9655
vn 0.1347 0.2243 0.9652
vn 0.1354 0.2240 0.9651
vn -0.1641 -0.2055 0.9648
vn -0.1648 -0.2050 0.9648
vn 0.1641 0.2055 0.9648
vn 0.1648 0.2050 0.9648
vn 0.4451 0.5572 0.7010
vn 0.5418 0.6762 0.4991
vn 0.1906 0.1832 0.9644
vn 0.1912 0.1826 0.9644
vn 0.5157 0.4954 0.6990
vn 0.6266 0.6001 0.4972
vn 0.6254 0.7803 -0.0000
vn 0.7223 0.6915 -0.0000
vn 0.6266 0.6001 -0.4972
vn 0.5418 0.6762 -0.4991
vn 0.5157 0.4954 -0.6990
vn 0.4451 0.5572 -0.7010
vn 0.1648 0.2050 -0.9648
vn 0.1906 0.1832 -0.9644
vn 0.1912 0.1826 -0.9644
vn 0.1641 0.2055 -0.9648
vn -0.1648 -0.2050 -0.9648
vn -0.1906 -0.1832 -0.9644
vn -0.1912 -0.1826 -0.9644
vn -0.1641 -0.2055 -0.9648
vn -0.4465 -0.5561 -0.7010
vn -0.6300 -0.6040 -0.4881
vn -0.5170 -0.4941 -0.6990
vn -0.5448 -0.6806 -0.4899
vn -0.7217 -0.6922 -0.0000
vn -0.6247 -0.7809 -0.0000
vn -0.5448 -0.6806 0.4899
vn -0.6300 -0.6040 0.4881
vn -0.4465 -0.5561 0.7010
vn -0.5170 -0.4941 0.6990
vn -0.1906 -0.1832 0.9644
vn -0.1912 -0.1826 0.9644
vn -0.7038 -0.5177 0.4864
vn -0.5782 -0.4241 0.6970
vn -0.2138 -0.1577 0.9641
vn -0.2144 -0.1571 0.9640
vn 0.2138 0.1577 0.9641
vn 0.2144 0.1571 0.9640
vn -0.2334 -0.1296 0.9637
vn -0.2338 -0.1289 0.9637
vn 0.2334 0.1296 0.9637
vn 0.2338 0.1289 0.9637
vn 0.6286 0.3486 0.6952
vn 0.7000 0.5144 0.4954
vn 0.7611 0.4208 0.4936
vn 0.5772 0.4254 0.6970
vn 0.8059 0.5920 -0.0000
vn 0.8752 0.4838 -0.0000
vn 0.7611 0.4208 -0.4936
vn 0.7000 0.5144 -0.4954
vn 0.6286 0.3486 -0.6952
vn 0.5772 0.4254 -0.6970
vn 0.2144 0.1571 -0.9640
vn 0.2334 0.1296 -0.9637
vn 0.2338 0.1289 -0.9637
vn 0.2138 0.1577 -0.9641
vn -0.2144 -0.1571 -0.9640
vn -0.2334 -0.1296 -0.9637
vn -0.2338 -0.1289 -0.9637
vn -0.2138 -0.1577 -0.9641
vn -0.5782 -0.4241 -0.6970
vn -0.7652 -0.4236 -0.4848
vn -0.6294 -0.3473 -0.6952
vn -0.7038 -0.5177 -0.4864
vn -0.8748 -0.4844 -0.0000
vn -0.8054 -0.5927 -0.0000
vn -0.7652 -0.4236 0.4848
vn -0.6294 -0.3473 0.6952
vn -0.9294 -0.3692 -0.0000
vn -0.8136 -0.3231 0.4834
vn -0.6698 -0.2651 0.6936
vn -0.2490 -0.0992 0.9634
vn -0.2493 -0.0986 0.9634
vn -0.8484 -0.2179 0.4824
vn -0.6989 -0.1790 0.6924
vn -0.2604 -0.0671 0.9632
vn -0.2605 -0.0666 0.9632
vn 0.2604 0.0671 0.9632
vn 0.2493 0.0986 0.9634
vn 0.2605 0.0666 0.9632
vn 0.2490 0.0992 0.9634
vn 0.6987 0.1798 0.6925
vn 0.8092 0.3210 0.4922
vn 0.8438 0.2165 0.4911
vn 0.6693 0.2663 0.6936
vn 0.9296 0.3686 -0.0000
vn 0.9686 0.2485 -0.0000
vn 0.8438 0.2165 -0.4911
vn 0.8092 0.3210 -0.4922
vn 0.6987 0.1798 -0.6925
vn 0.6693 0.2663 -0.6936
vn 0.2493 0.0986 -0.9634
vn 0.2604 0.0671 -0.9632
vn 0.2605 0.0666 -0.9632
vn 0.2490 0.0992 -0.9634
vn -0.2493 -0.0986 -0.9634
vn -0.2604 -0.0671 -0.9632
vn -0.2605 -0.0666 -0.9632
vn -0.2490 -0.0992 -0.9634
vn -0.6698 -0.2651 -0.6936
vn -0.8484 -0.2179 -0.4824
vn -0.6989 -0.1790 -0.6924
vn -0.8136 -0.3231 -0.4834
vn -0.9685 -0.2489 -0.0000
vn -0.9921 -0.1253 -0.0000
vn -0.8694 -0.1097 0.4818
vn -0.8694 -0.1097 -0.4818
vn -0.7165 -0.0902 0.6917
vn -0.8764 -0.0000 0.4816
vn -0.2673 -0.0338 0.9630
vn 0.2673 0.0338 0.9630
vn 0.8647 0.1090 0.4904
vn 0.8716 -0.0000 0.4901
vn 0.7165 0.0906 0.6917
vn 0.9922 0.1251 -0.0000
vn 0.8716 -0.0000 -0.4901
vn 0.8647 0.1090 -0.4904
vn 0.7224 -0.0000 -0.6915
vn 0.7165 0.0906 -0.6917
vn 0.2673 0.0336 -0.9630
vn 0.2673 0.0338 -0.9630
vn -0.2673 -0.0338 -0.9630
vn -0.7165 -0.0902 -0.6917
vn -0.8764 -0.0000 -0.4816
vn -0.7165 0.0902 -0.6917
vn -0.8694 0.1097 -0.4818
vn -0.9921 0.1253 -0.0000
vn -0.8694 0.1097 0.4818
vn -0.8484 0.2179 0.4824
vn -0.9685 0.2489 -0.0000
vn -0.8484 0.2179 -0.4824
vn -0.6989 0.1790 0.6924
vn -0.7165 0.0902 0.6917
vn 0.7165 -0.0906 0.6917
vn 0.8438 -0.2165 0.4911
vn 0.6987 -0.1798 0.6925
vn 0.8647 -0.1090 0.4904
vn 0.9686 -0.2485 -0.0000
vn 0.9922 -0.1251 -0.0000
vn 0.8647 -0.1090 -0.4904
vn 0.8438 -0.2165 -0.4911
vn 0.7165 -0.0906 -0.6917
vn 0.6987 -0.1798 -0.6925
vn -0.6989 0.1790 -0.6924
vn -0.6698 0.2651 -0.6936
vn -0.8136 0.3231 -0.4834
vn -0.9294 0.3692 -0.0000
vn -0.6294 0.3473 -0.6952
vn -0.7652 0.4236 -0.4848
vn -0.8748 0.4844 -0.0000
vn -0.7652 0.4236 0.4848
vn -0.8136 0.3231 0.4834
vn -0.6294 0.3473 0.6952
vn -0.6698 0.2651 0.6936
vn 0.6693 -0.2663 0.6937
vn 0.7611 -0.4208 0.4936
vn 0.6286 -0.3486 0.6952
vn 0.8092 -0.3210 0.4922
vn 0.8752 -0.4838 -0.0000
vn 0.9296 -0.3686 -0.0000
vn 0.8092 -0.3210 -0.4922
vn 0.7611 -0.4208 -0.4936
vn 0.6693 -0.2663 -0.6937
vn 0.6286 -0.3486 -0.6952
vn -0.5782 0.4241 -0.6970
vn -0.7038 0.5177 -0.4864
vn -0.5170 0.4941 -0.6990
vn -0.6300 0.6040 -0.4881
vn -0.8054 0.5927 -0.0000
vn -0.7217 0.6922 -0.0000
vn -0.6300 0.6040 0.4881
vn -0.7038 0.5177 0.4864
vn -0.5170 0.4941 0.6990
vn -0.5782 0.4241 0.6970
vn 0.5772 -0.4254 0.6970
vn 0.6266 -0.6001 0.4972
vn 0.5157 -0.4954 0.6990
vn 0.7000 -0.5144 0.4954
vn 0.7223 -0.6915 -0.0000
vn 0.8059 -0.5920 -0.0000
vn 0.7000 -0.5144 -0.4954
vn 0.6266 -0.6001 -0.4972
vn 0.5772 -0.4254 -0.6970
vn 0.5157 -0.4954 -0.6990
vn 0.5418 -0.6762 -0.4991
vn 0.4451 -0.5572 -0.7010
vn -0.3678 0.6089 -0.7029
vn -0.5448 0.6806 -0.4899
vn -0.4493 0.7460 -0.4915
vn -0.4465 0.5561 -0.7010
vn -0.6247 0.7809 -0.0000
vn -0.5157 0.8568 -0.0000
vn -0.4493 0.7460 0.4915
vn -0.5448 0.6806 0.4899
vn -0.3678 0.6089 0.7029
vn -0.4465 0.5561 0.7010
vn 0.4451 -0.5572 0.7010
vn 0.4469 -0.7412 0.5009
vn 0.3664 -0.6096 0.7029
vn 0.5418 -0.6762 0.4991
vn 0.5164 -0.8563 -0.0000
vn 0.6254 -0.7803 -0.0000
vn 0.4469 -0.7412 -0.5009
vn 0.3664 -0.6096 -0.7029
vn 0.3971 -0.9178 -0.0000
vn 0.3432 -0.7936 -0.5024
vn 0.2810 -0.6517 -0.7045
vn 0.2328 -0.8320 -0.5036
vn 0.1904 -0.6824 -0.7058
vn -0.1912 0.6822 -0.7058
vn -0.3451 0.7987 -0.4929
vn -0.2340 0.8374 -0.4940
vn -0.2822 0.6512 -0.7045
vn -0.3965 0.9180 -0.0000
vn -0.2691 0.9631 -0.0000
vn -0.2340 0.8374 0.4940
vn -0.3451 0.7987 0.4929
vn -0.1912 0.6822 0.7058
vn -0.2822 0.6512 0.7045
vn 0.2810 -0.6517 0.7045
vn 0.2328 -0.8320 0.5036
vn 0.1904 -0.6824 0.7058
vn 0.3432 -0.7936 0.5024
vn 0.2695 -0.9630 -0.0000
vn 0.1362 -0.9907 -0.0000
vn 0.1176 -0.8554 0.5044
vn 0.1176 -0.8554 -0.5044
vn 0.0961 -0.7011 -0.7066
vn -0.0000 -0.8633 -0.5047
vn -0.1182 0.8610 -0.4947
vn -0.0000 0.8689 -0.4949
vn -0.0966 0.7010 -0.7066
vn -0.1360 0.9907 -0.0000
vn -0.0000 0.8689 0.4949
vn -0.1182 0.8610 0.4947
vn -0.0966 0.7010 0.7066
vn 0.0961 -0.7011 0.7066
vn -0.0000 -0.8633 0.5047
vn -0.0961 -0.7011 0.7066
vn -0.1176 -0.8554 0.5044
vn -0.1362 -0.9907 -0.0000
vn -0.1176 -0.8554 -0.5044
vn -0.2328 -0.8320 0.5036
vn -0.2695 -0.9630 -0.0000
vn -0.2328 -0.8320 -0.5036
vn -0.1904 -0.6824 -0.7058
vn -0.0961 -0.7011 -0.7066
vn 0.0966 0.7010 -0.7066
vn 0.2340 0.8374 -0.4940
vn 0.1912 0.6822 -0.7058
vn 0.1182 0.8610 -0.4947
vn 0.2691 0.9631 -0.0000
vn 0.1360 0.9907 -0.0000
vn 0.1182 0.8610 0.4947
vn 0.2340 0.8374 0.4940
vn 0.0966 0.7010 0.7066
vn 0.1912 0.6822 0.7058
vn -0.1903 -0.6824 0.7058
vn -0.2810 -0.6517 0.7045
vn -0.3432 -0.7936 0.5024
vn -0.3971 -0.9178 -0.0000
vn -0.3664 -0.6096 0.7029
vn -0.4469 -0.7412 0.5009
vn -0.5164 -0.8563 -0.0000
vn -0.4469 -0.7412 -0.5009
vn -0.3432 -0.7936 -0.5024
vn -0.3664 -0.6096 -0.7029
vn -0.2810 -0.6517 -0.7045
vn 0.2822 0.6512 -0.7045
vn 0.4493 0.7460 -0.4915
vn 0.3678 0.6089 -0.7029
vn 0.3451 0.7987 -0.4929
vn 0.5157 0.8568 -0.0000
vn 0.3965 0.9180 -0.0000
vn 0.3451 0.7987 0.4929
vn 0.4493 0.7460 0.4915
vn 0.2822 0.6512 0.7045
vn 0.3678 0.6089 0.7029
vn -0.4451 -0.5572 0.7010
vn -0.5418 -0.6762 0.4991
vn -0.5157 -0.4954 0.6990
vn -0.6266 -0.6001 0.4972
vn -0.6254 -0.7803 -0.0000
vn -0.7223 -0.6915 -0.0000
vn -0.6266 -0.6001 -0.4972
vn -0.5418 -0.6762 -0.4991
vn -0.5157 -0.4954 -0.6990
vn -0.4451 -0.5572 -0.7010
vn 0.4465 0.5561 -0.7010
vn 0.6300 0.6040 -0.4881
vn 0.5170 0.4941 -0.6990
vn 0.5448 0.6806 -0.4899
vn 0.7217 0.6922 -0.0000
vn 0.6247 0.7809 -0.0000
vn 0.5448 0.6806 0.4899
vn 0.6300 0.6040 0.4881
vn 0.4465 0.5561 0.7010
vn 0.5170 0.4941 0.6990
vn 0.7038 0.5177 0.4864
vn 0.5782 0.4241 0.6970
vn -0.6286 -0.3486 0.6952
vn -0.7000 -0.5144 0.4954
vn -0.7611 -0.4208 0.4936
vn -0.5772 -0.4254 0.6970
vn -0.8059 -0.5920 -0.0000
vn -0.8752 -0.4838 -0.0000
vn -0.7611 -0.4208 -0.4936
vn -0.7000 -0.5144 -0.4954
vn -0.6286 -0.3486 -0.6952
vn -0.5772 -0.4254 -0.6970
vn 0.5782 0.4241 -0.6970
vn 0.7652 0.4236 -0.4848
vn 0.6294 0.3473 -0.6952
vn 0.7038 0.5177 -0.4864
vn 0.8748 0.4844 -0.0000
vn 0.8054 0.5927 -0.0000
vn 0.7652 0.4236 0.4848
vn 0.6294 0.3473 0.6952
vn 0.9294 0.3692 -0.0000
vn 0.8136 0.3231 0.4834
vn 0.6698 0.2651 0.6936
vn 0.8484 0.2179 0.4824
vn 0.6989 0.1790 0.6924
vn -0.6987 -0.1798 0.6925
vn -0.8092 -0.3210 0.4922
vn -0.8438 -0.2165 0.4911
vn -0.6693 -0.2663 0.6936
vn -0.9296 -0.3686 -0.0000
vn -0.9686 -0.2485 -0.0000
vn -0.8438 -0.2165 -0.4911
vn -0.8092 -0.3210 -0.4922
vn -0.6987 -0.1798 -0.6925
vn -0.6693 -0.2663 -0.6937
vn 0.6698 0.2651 -0.6936
vn 0.8484 0.2179 -0.4824
vn 0.6989 0.1790 -0.6924
vn 0.8136 0.3231 -0.4834
vn 0.9685 0.2489 -0.0000
vn 0.9921 0.1253 -0.0000
vn 0.7165 0.0902 -0.6917
vn -0.7165 -0.0906 -0.6917
vn -0.7165 -0.0906 0.6917
vn -0.9436 0.3311 -0.0000
vn 0.9436 0.3311 -0.0000
vn 0.9798 -0.2000 -0.0000
vn -0.9798 -0.2000 -0.0000
vn -0.8090 -0.0000 -0.5878
vn 0.5878 -0.0000 -0.8090
vt 0.643727 0.765639
vt 0.642744 0.767915
vt 0.641976 0.766422
vt 0.621115 0.785651
vt 0.592261 0.675458
vt 0.593865 0.674505
vt 0.619211 0.785228
vt 0.561612 0.691100
vt 0.591385 0.673870
vt 0.560773 0.689447
vt 0.515282 0.831062
vt 0.624754 0.789809
vt 0.590547 0.672282
vt 0.559933 0.687788
vt 0.589745 0.670674
vt 0.558257 0.684468
vt 0.588974 0.669051
vt 0.588229 0.667389
vt 0.547443 0.571551
vt 0.557424 0.682812
vt 0.514824 0.584449
vt 0.514406 0.582588
vt 0.682299 0.854609
vt 0.605284 0.948582
vt 0.603494 0.947503
vt 0.683609 0.855719
vt 0.701120 0.832500
vt 0.702220 0.833533
vt 0.645983 0.772912
vt 0.624374 0.788359
vt 0.645081 0.771790
vt 0.644253 0.770608
vt 0.623627 0.787214
vt 0.643480 0.769312
vt 0.644361 0.767355
vt 0.645399 0.769793
vt 0.645952 0.768366
vt 0.644856 0.768726
vt 0.646309 0.769173
vt 0.646140 0.770828
vt 0.647062 0.769959
vt 0.646842 0.768492
vt 0.647809 0.769082
vt 0.647212 0.767370
vt 0.645867 0.767130
vt 0.648549 0.767942
vt 0.648969 0.769897
vt 0.649907 0.768765
vt 0.648018 0.770956
vt 0.649469 0.766551
vt 0.650884 0.767574
vt 0.647806 0.765700
vt 0.711913 0.685152
vt 0.713274 0.686348
vt 0.710548 0.683881
vt 0.714470 0.684964
vt 0.713082 0.683663
vt 0.709153 0.682505
vt 0.711836 0.682478
vt 0.592940 0.672819
vt 0.595462 0.673450
vt 0.645781 0.765109
vt 0.593384 0.670541
vt 0.594373 0.671782
vt 0.710768 0.681209
vt 0.712912 0.681387
vt 0.591408 0.669993
vt 0.592084 0.671360
vt 0.712188 0.680390
vt 0.713472 0.680275
vt 0.714149 0.682290
vt 0.715034 0.680871
vt 0.715647 0.683487
vt 0.716828 0.681934
vt 0.591770 0.666066
vt 0.590753 0.668428
vt 0.589961 0.666692
vt 0.592813 0.669449
vt 0.549149 0.570817
vt 0.550841 0.570015
vt 0.546766 0.569822
vt 0.548493 0.569021
vt 0.793759 0.756445
vt 0.793601 0.759128
vt 0.792271 0.757736
vt 0.792305 0.760336
vt 0.790870 0.759019
vt 0.794682 0.760282
vt 0.793671 0.761545
vt 0.794916 0.758125
vt 0.792703 0.889513
vt 0.792669 0.891570
vt 0.791559 0.890610
vt 0.793769 0.892033
vt 0.793574 0.890814
vt 0.549371 0.566947
vt 0.550058 0.568279
vt 0.791884 0.892811
vt 0.793305 0.893567
vt 0.546146 0.568046
vt 0.790825 0.894323
vt 0.792416 0.895368
vt 0.790501 0.891875
vt 0.789337 0.893283
vt 0.789006 0.890851
vt 0.787942 0.892229
vt 0.790141 0.889468
vt 0.791372 0.888055
vt 0.707918 0.835407
vt 0.708590 0.833681
vt 0.708991 0.831614
vt 0.706957 0.831895
vt 0.706432 0.834645
vt 0.705773 0.836087
vt 0.707077 0.836904
vt 0.704522 0.835285
vt 0.705699 0.833003
vt 0.706858 0.833257
vt 0.703334 0.834436
vt 0.705210 0.834030
vt 0.704248 0.833367
vt 0.705733 0.832102
vt 0.704963 0.832537
vt 0.703281 0.832518
vt 0.705265 0.831044
vt 0.704256 0.831683
vt 0.703344 0.830600
vt 0.702209 0.831513
vt 0.704560 0.829744
vt 0.706569 0.830426
vt 0.705838 0.828912
vt 0.708170 0.829606
vt 0.707143 0.828027
vt 0.789522 0.760303
vt 0.790832 0.761666
vt 0.792243 0.763037
vt 0.684973 0.856869
vt 0.687425 0.856501
vt 0.770947 0.918424
vt 0.771253 0.920833
vt 0.607555 0.949215
vt 0.514511 0.580513
vt 0.770650 0.915975
vt 0.689801 0.856146
vt 0.770345 0.913548
vt 0.692137 0.855798
vt 0.647030 0.771954
vt 0.088225 0.729215
vt 0.081608 0.737686
vt 0.079622 0.732668
vt 0.131722 0.724597
vt 0.138087 0.732102
vt 0.130948 0.731158
vt 0.071625 0.741976
vt 0.069564 0.737853
vt 0.124554 0.723969
vt 0.124253 0.730691
vt 0.058118 0.748841
vt 0.056590 0.745921
vt 0.117728 0.730625
vt 0.117553 0.723932
vt 0.181055 0.743883
vt 0.196588 0.752960
vt 0.179588 0.747072
vt 0.042458 0.755176
vt 0.111222 0.730958
vt 0.110603 0.724320
vt 0.166955 0.735933
vt 0.164963 0.740286
vt 0.104593 0.731727
vt 0.103521 0.725268
vt 0.156406 0.731018
vt 0.154541 0.736247
vt 0.097590 0.732981
vt 0.096147 0.726853
vt 0.147437 0.727855
vt 0.145807 0.733712
vt 0.090023 0.734877
vt 0.139227 0.725857
vt 0.091561 0.740362
vt 0.137148 0.738070
vt 0.083216 0.742599
vt 0.130391 0.737313
vt 0.073322 0.746125
vt 0.124038 0.736973
vt 0.059389 0.751880
vt 0.117872 0.736925
vt 0.194926 0.756130
vt 0.178121 0.750222
vt 0.043252 0.756848
vt 0.111714 0.737193
vt 0.163355 0.744617
vt 0.105406 0.737798
vt 0.153055 0.741333
vt 0.098726 0.738810
vt 0.144498 0.739339
vt 0.193841 0.758119
vt 0.176887 0.753425
vt 0.043914 0.758709
vt 0.060421 0.755015
vt 0.118001 0.742907
vt 0.112112 0.743129
vt 0.162068 0.748905
vt 0.106069 0.743611
vt 0.151781 0.746302
vt 0.099668 0.744424
vt 0.143495 0.744751
vt 0.092683 0.745651
vt 0.136445 0.743756
vt 0.084578 0.747414
vt 0.129959 0.743183
vt 0.074708 0.750284
vt 0.123884 0.742939
vt 0.135879 0.749249
vt 0.085645 0.752159
vt 0.129633 0.748820
vt 0.075819 0.754444
vt 0.123772 0.748646
vt 0.061227 0.758229
vt 0.118100 0.748665
vt 0.192939 0.760244
vt 0.175868 0.756671
vt 0.044428 0.760734
vt 0.112430 0.748835
vt 0.160931 0.753142
vt 0.106596 0.749212
vt 0.150846 0.751146
vt 0.100398 0.749848
vt 0.142782 0.749990
vt 0.093579 0.750806
vt 0.112682 0.754361
vt 0.160044 0.757358
vt 0.107004 0.754649
vt 0.150160 0.755890
vt 0.100957 0.755130
vt 0.142264 0.755087
vt 0.094269 0.755855
vt 0.135471 0.754581
vt 0.086459 0.756849
vt 0.129404 0.754285
vt 0.076683 0.758601
vt 0.123708 0.754181
vt 0.061821 0.761511
vt 0.118193 0.754223
vt 0.192175 0.762427
vt 0.175061 0.759947
vt 0.044782 0.762899
vt 0.087044 0.761494
vt 0.129273 0.759620
vt 0.077291 0.762746
vt 0.123687 0.759583
vt 0.062522 0.764756
vt 0.118282 0.759644
vt 0.191508 0.764649
vt 0.174461 0.763230
vt 0.045613 0.766710
vt 0.112880 0.759755
vt 0.159539 0.761553
vt 0.107310 0.759966
vt 0.149655 0.760582
vt 0.101365 0.760311
vt 0.141842 0.760104
vt 0.094770 0.760824
vt 0.135255 0.759779
vt 0.107523 0.765205
vt 0.149355 0.765238
vt 0.101639 0.765425
vt 0.141660 0.765051
vt 0.095098 0.765742
vt 0.135118 0.764914
vt 0.087421 0.766107
vt 0.129220 0.764868
vt 0.077676 0.766868
vt 0.123705 0.764896
vt 0.063023 0.767995
vt 0.118367 0.764977
vt 0.190996 0.766938
vt 0.174056 0.766511
vt 0.046253 0.768935
vt 0.113031 0.765063
vt 0.159260 0.765705
vt 0.077832 0.770973
vt 0.129248 0.770072
vt 0.123763 0.770163
vt 0.063329 0.771217
vt 0.118450 0.770264
vt 0.190678 0.769261
vt 0.173838 0.769790
vt 0.046737 0.771165
vt 0.113137 0.770329
vt 0.159073 0.769835
vt 0.107651 0.770405
vt 0.149295 0.769854
vt 0.101787 0.770507
vt 0.141632 0.769956
vt 0.095261 0.770636
vt 0.135111 0.770003
vt 0.087599 0.770706
vt 0.149427 0.774444
vt 0.107698 0.775605
vt 0.101813 0.775591
vt 0.141762 0.774843
vt 0.095263 0.775534
vt 0.135230 0.775079
vt 0.087584 0.775312
vt 0.129358 0.775267
vt 0.077779 0.775077
vt 0.123861 0.775424
vt 0.063136 0.774447
vt 0.118533 0.775547
vt 0.190498 0.771555
vt 0.173813 0.773059
vt 0.046755 0.771846
vt 0.113203 0.775593
vt 0.159106 0.773958
vt 0.129554 0.780491
vt 0.124003 0.780720
vt 0.077487 0.779197
vt 0.062749 0.777695
vt 0.118619 0.780868
vt 0.190417 0.773814
vt 0.173982 0.776297
vt 0.046373 0.774100
vt 0.113230 0.780895
vt 0.159501 0.778056
vt 0.107663 0.780844
vt 0.149715 0.779041
vt 0.101716 0.780711
vt 0.142054 0.779741
vt 0.095102 0.780463
vt 0.135475 0.780178
vt 0.087378 0.779947
vt 0.107544 0.786160
vt 0.101490 0.785902
vt 0.142527 0.784684
vt 0.094768 0.785452
vt 0.135853 0.785334
vt 0.086921 0.784617
vt 0.129842 0.785783
vt 0.077066 0.783345
vt 0.124194 0.786091
vt 0.062482 0.780965
vt 0.118709 0.786269
vt 0.190543 0.776041
vt 0.174347 0.779508
vt 0.045936 0.777965
vt 0.113216 0.786278
vt 0.159990 0.782157
vt 0.150257 0.783663
vt 0.076283 0.787507
vt 0.061711 0.784148
vt 0.124442 0.791584
vt 0.118807 0.791798
vt 0.190810 0.778180
vt 0.174918 0.782679
vt 0.045856 0.778625
vt 0.113161 0.791788
vt 0.160725 0.786263
vt 0.107334 0.791596
vt 0.151020 0.788312
vt 0.101126 0.791200
vt 0.143200 0.789690
vt 0.094253 0.790524
vt 0.136372 0.790581
vt 0.086287 0.789338
vt 0.130235 0.791185
vt 0.144021 0.794792
vt 0.093533 0.795721
vt 0.137110 0.795968
vt 0.085411 0.794150
vt 0.130753 0.796748
vt 0.075230 0.791693
vt 0.124756 0.797251
vt 0.060725 0.787310
vt 0.118914 0.797506
vt 0.191177 0.780226
vt 0.175704 0.785789
vt 0.045087 0.780699
vt 0.113060 0.797477
vt 0.161854 0.790335
vt 0.107023 0.797201
vt 0.151989 0.793009
vt 0.100607 0.796650
vt 0.125146 0.803145
vt 0.119035 0.803454
vt 0.191741 0.782165
vt 0.176713 0.788834
vt 0.044183 0.782710
vt 0.059517 0.790435
vt 0.112907 0.803402
vt 0.163147 0.794424
vt 0.106596 0.803029
vt 0.153294 0.797790
vt 0.099909 0.802298
vt 0.145165 0.800036
vt 0.092575 0.801079
vt 0.137999 0.801522
vt 0.084217 0.799075
vt 0.131405 0.802512
vt 0.074014 0.795934
vt 0.091344 0.806624
vt 0.146591 0.805436
vt 0.139134 0.807303
vt 0.082711 0.804107
vt 0.132226 0.808550
vt 0.072446 0.800216
vt 0.125632 0.809339
vt 0.058329 0.793606
vt 0.119173 0.809713
vt 0.192427 0.783947
vt 0.177960 0.791792
vt 0.042743 0.785960
vt 0.112692 0.809636
vt 0.164773 0.798505
vt 0.106029 0.809144
vt 0.154921 0.802649
vt 0.098999 0.808194
vt 0.042461 0.786489
vt 0.056645 0.796551
vt 0.112401 0.816263
vt 0.166767 0.802567
vt 0.105292 0.815624
vt 0.156933 0.807594
vt 0.097833 0.814400
vt 0.148364 0.811028
vt 0.089788 0.812394
vt 0.140561 0.813367
vt 0.080872 0.809244
vt 0.133258 0.814931
vt 0.070418 0.804476
vt 0.126236 0.815917
vt 0.119333 0.816373
vt 0.193238 0.785542
vt 0.179465 0.794639
vt 0.087825 0.818450
vt 0.078572 0.814540
vt 0.134553 0.821747
vt 0.067986 0.808731
vt 0.126991 0.822983
vt 0.054684 0.799383
vt 0.119522 0.823546
vt 0.194108 0.786938
vt 0.181239 0.797336
vt 0.041218 0.787962
vt 0.112015 0.823393
vt 0.169287 0.806532
vt 0.104340 0.822564
vt 0.159357 0.812609
vt 0.096345 0.820996
vt 0.150565 0.816847
vt 0.142352 0.819781
vt 0.183446 0.799723
vt 0.172152 0.810443
vt 0.103110 0.830087
vt 0.162396 0.817749
vt 0.094445 0.828073
vt 0.153312 0.822953
vt 0.085356 0.824840
vt 0.144605 0.826628
vt 0.075725 0.819996
vt 0.136190 0.829111
vt 0.065081 0.812950
vt 0.127940 0.830674
vt 0.052432 0.802068
vt 0.119746 0.831374
vt 0.194523 0.787270
vt 0.039864 0.789239
vt 0.111504 0.831164
vt 0.138273 0.837166
vt 0.061624 0.817086
vt 0.129147 0.839163
vt 0.049878 0.804559
vt 0.120017 0.840047
vt 0.195877 0.788093
vt 0.185940 0.801916
vt 0.038444 0.790285
vt 0.110824 0.839759
vt 0.175582 0.814223
vt 0.101511 0.838347
vt 0.166106 0.822969
vt 0.092010 0.835740
vt 0.156739 0.829365
vt 0.082241 0.831614
vt 0.147455 0.834003
vt 0.072213 0.825604
vt 0.099411 0.847547
vt 0.170570 0.828167
vt 0.088859 0.844135
vt 0.161032 0.836103
vt 0.078292 0.838824
vt 0.151094 0.842016
vt 0.067880 0.831332
vt 0.140958 0.846099
vt 0.057529 0.821062
vt 0.130702 0.848688
vt 0.047014 0.806801
vt 0.120349 0.849820
vt 0.197212 0.788672
vt 0.188726 0.803852
vt 0.037009 0.791069
vt 0.109914 0.849421
vt 0.179726 0.817742
vt 0.052703 0.824767
vt 0.144471 0.856160
vt 0.132737 0.859574
vt 0.043839 0.808723
vt 0.120762 0.861048
vt 0.199064 0.789326
vt 0.191743 0.805583
vt 0.035623 0.791567
vt 0.108675 0.860489
vt 0.184501 0.820966
vt 0.096613 0.857959
vt 0.176154 0.833364
vt 0.084731 0.853422
vt 0.166485 0.843204
vt 0.073242 0.846505
vt 0.155804 0.850812
vt 0.062526 0.837109
vt 0.182868 0.838246
vt 0.092807 0.869964
vt 0.079236 0.863802
vt 0.173445 0.850604
vt 0.066714 0.854667
vt 0.161992 0.860540
vt 0.055902 0.842796
vt 0.149157 0.867692
vt 0.047054 0.828035
vt 0.135451 0.872279
vt 0.040368 0.810240
vt 0.121283 0.874223
vt 0.199915 0.789429
vt 0.195035 0.806862
vt 0.034364 0.791774
vt 0.106964 0.873442
vt 0.190099 0.823646
vt 0.155579 0.881211
vt 0.139128 0.887478
vt 0.036636 0.811255
vt 0.121953 0.890021
vt 0.200559 0.789282
vt 0.198554 0.807600
vt 0.033326 0.791706
vt 0.104570 0.888983
vt 0.196414 0.825576
vt 0.087492 0.884133
vt 0.191243 0.842647
vt 0.071786 0.875487
vt 0.182509 0.858239
vt 0.058151 0.863264
vt 0.170271 0.871360
vt 0.047710 0.848125
vt 0.040500 0.830635
vt 0.079697 0.901556
vt 0.061527 0.888517
vt 0.194538 0.865897
vt 0.046651 0.872182
vt 0.181489 0.883217
vt 0.037668 0.852581
vt 0.164801 0.897694
vt 0.032999 0.832249
vt 0.144119 0.906199
vt 0.032708 0.811658
vt 0.122821 0.909196
vt 0.200873 0.789003
vt 0.202209 0.807696
vt 0.032614 0.791420
vt 0.101258 0.908184
vt 0.203474 0.826395
vt 0.201427 0.845964
vt 0.032614 0.713296
vt 0.037461 0.732412
vt 0.033800 0.732312
vt 0.114045 0.628027
vt 0.132878 0.650427
vt 0.114982 0.649147
vt 0.204696 0.728386
vt 0.204800 0.748548
vt 0.200783 0.728790
vt 0.035120 0.751038
vt 0.097310 0.651953
vt 0.091389 0.632965
vt 0.196930 0.709449
vt 0.204383 0.707897
vt 0.080897 0.658551
vt 0.071798 0.642962
vt 0.200111 0.687245
vt 0.189729 0.691942
vt 0.054724 0.656476
vt 0.066257 0.668562
vt 0.179084 0.676709
vt 0.190186 0.668127
vt 0.054214 0.681540
vt 0.042758 0.674208
vt 0.176314 0.651156
vt 0.165667 0.664498
vt 0.034935 0.693416
vt 0.045197 0.697048
vt 0.149955 0.655634
vt 0.157718 0.639070
vt 0.039727 0.714189
vt 0.137107 0.630867
vt 0.063112 0.689149
vt 0.170588 0.685263
vt 0.158099 0.676169
vt 0.053385 0.701527
vt 0.144485 0.669752
vt 0.046176 0.716191
vt 0.130211 0.666217
vt 0.041027 0.733174
vt 0.115658 0.665471
vt 0.204141 0.748284
vt 0.197062 0.729813
vt 0.035358 0.750988
vt 0.101255 0.667372
vt 0.190326 0.712050
vt 0.087436 0.671991
vt 0.181551 0.697267
vt 0.074584 0.679351
vt 0.203165 0.748237
vt 0.193601 0.731348
vt 0.036550 0.750663
vt 0.044338 0.734376
vt 0.104052 0.680230
vt 0.184609 0.715315
vt 0.092200 0.683597
vt 0.174967 0.702930
vt 0.080799 0.689096
vt 0.164052 0.693456
vt 0.070060 0.696636
vt 0.152535 0.686554
vt 0.060197 0.706549
vt 0.140577 0.681836
vt 0.051714 0.718952
vt 0.128399 0.679330
vt 0.116173 0.678851
vt 0.158968 0.701204
vt 0.148355 0.695880
vt 0.075517 0.703823
vt 0.065752 0.711786
vt 0.137717 0.692344
vt 0.056522 0.722257
vt 0.127114 0.690512
vt 0.047360 0.736123
vt 0.116577 0.690191
vt 0.201943 0.748423
vt 0.190444 0.733293
vt 0.036936 0.750669
vt 0.106116 0.691228
vt 0.179799 0.719070
vt 0.095753 0.693755
vt 0.169545 0.708747
vt 0.085531 0.697941
vt 0.107680 0.700846
vt 0.175735 0.723110
vt 0.098458 0.702783
vt 0.165156 0.714513
vt 0.089193 0.706024
vt 0.154986 0.708481
vt 0.079837 0.710663
vt 0.145162 0.704328
vt 0.070296 0.717086
vt 0.135580 0.701632
vt 0.060637 0.725905
vt 0.126177 0.700265
vt 0.050078 0.738234
vt 0.116899 0.700047
vt 0.200596 0.748909
vt 0.187605 0.735561
vt 0.037954 0.751040
vt 0.083281 0.717161
vt 0.074022 0.722362
vt 0.133959 0.709969
vt 0.064139 0.729775
vt 0.125481 0.708934
vt 0.052487 0.740635
vt 0.117161 0.708789
vt 0.199194 0.749692
vt 0.185082 0.738080
vt 0.039031 0.751727
vt 0.108889 0.709415
vt 0.172333 0.727316
vt 0.100551 0.710922
vt 0.161568 0.720171
vt 0.092066 0.713470
vt 0.151854 0.715315
vt 0.142689 0.712056
vt 0.169326 0.731580
vt 0.102183 0.718352
vt 0.158700 0.725648
vt 0.094356 0.720396
vt 0.149405 0.721737
vt 0.086037 0.723339
vt 0.140740 0.719201
vt 0.077087 0.727565
vt 0.132724 0.717550
vt 0.067105 0.733779
vt 0.124958 0.716770
vt 0.054597 0.743270
vt 0.117376 0.716681
vt 0.198811 0.750074
vt 0.183015 0.740974
vt 0.040101 0.752717
vt 0.109838 0.717174
vt 0.196876 0.752429
vt 0.042068 0.754759
vt 0.914373 0.747043
vt 0.919896 0.740148
vt 0.919942 0.747040
vt 0.919900 0.753922
vt 0.914398 0.753921
vt 0.908884 0.740189
vt 0.908839 0.747066
vt 0.908871 0.753944
vt 0.919936 0.760803
vt 0.914378 0.760814
vt 0.908829 0.760824
vt 0.902953 0.760808
vt 0.902987 0.753937
vt 0.902960 0.767692
vt 0.908801 0.767713
vt 0.914349 0.767709
vt 0.902942 0.774582
vt 0.908756 0.774614
vt 0.914330 0.774612
vt 0.919913 0.774601
vt 0.919885 0.767693
vt 0.925738 0.774605
vt 0.925773 0.767699
vt 0.925767 0.760803
vt 0.932205 0.767710
vt 0.925758 0.753923
vt 0.932172 0.760806
vt 0.925769 0.747043
vt 0.932247 0.753925
vt 0.925754 0.740156
vt 0.932242 0.740169
vt 0.932205 0.747049
vt 0.939594 0.740196
vt 0.939497 0.747076
vt 0.939521 0.753961
vt 0.947850 0.740220
vt 0.947755 0.747088
vt 0.947819 0.753953
vt 0.939568 0.760836
vt 0.947761 0.760822
vt 0.956635 0.760791
vt 0.956671 0.753950
vt 0.872153 0.760599
vt 0.880990 0.753841
vt 0.881030 0.760690
vt 0.872181 0.753778
vt 0.881070 0.746998
vt 0.956712 0.740248
vt 0.956635 0.747106
vt 0.872223 0.740116
vt 0.872212 0.746943
vt 0.881029 0.740150
vt 0.889202 0.747019
vt 0.889269 0.753862
vt 0.889287 0.740177
vt 0.896599 0.747029
vt 0.896577 0.753903
vt 0.889280 0.760736
vt 0.896573 0.760783
vt 0.903046 0.747057
vt 0.889163 0.767609
vt 0.896531 0.767669
vt 0.889151 0.774490
vt 0.896423 0.774553
vt 0.889023 0.781380
vt 0.896339 0.781436
vt 0.902893 0.781494
vt 0.908768 0.781531
vt 0.896340 0.788353
vt 0.902860 0.788425
vt 0.908695 0.788463
vt 0.914298 0.781523
vt 0.914285 0.788460
vt 0.919869 0.788490
vt 0.919881 0.781538
vt 0.925758 0.788482
vt 0.925730 0.781533
vt 0.932280 0.788455
vt 0.932318 0.781518
vt 0.932274 0.774613
vt 0.939663 0.781515
vt 0.939566 0.774588
vt 0.939624 0.767695
vt 0.947900 0.774592
vt 0.947840 0.767699
vt 0.956820 0.774508
vt 0.956717 0.767629
vt 0.872004 0.774260
vt 0.880903 0.767538
vt 0.880904 0.774408
vt 0.872082 0.767429
vt 0.871878 0.781113
vt 0.880749 0.781288
vt 0.871677 0.788025
vt 0.880588 0.788179
vt 0.888907 0.788284
vt 0.880565 0.795098
vt 0.888886 0.795210
vt 0.896241 0.795288
vt 0.902779 0.795373
vt 0.888737 0.802153
vt 0.896205 0.802247
vt 0.902705 0.802335
vt 0.908685 0.795413
vt 0.908671 0.802378
vt 0.914276 0.795428
vt 0.914272 0.802404
vt 0.919841 0.802393
vt 0.919862 0.795440
vt 0.925799 0.802402
vt 0.925780 0.795439
vt 0.932305 0.802376
vt 0.932323 0.795404
vt 0.939730 0.802391
vt 0.939667 0.795397
vt 0.939740 0.788443
vt 0.948103 0.795402
vt 0.948051 0.788443
vt 0.947976 0.781505
vt 0.957035 0.788368
vt 0.956930 0.781420
vt 0.957121 0.795345
vt 0.871607 0.794951
vt 0.957189 0.802340
vt 0.948175 0.802365
vt 0.871441 0.801884
vt 0.880391 0.802032
vt 0.871372 0.808816
vt 0.880362 0.808983
vt 0.888675 0.809102
vt 0.896110 0.809227
vt 0.880191 0.815951
vt 0.888643 0.816084
vt 0.896005 0.816200
vt 0.902659 0.809321
vt 0.902599 0.816315
vt 0.908596 0.809366
vt 0.908513 0.816374
vt 0.914228 0.809380
vt 0.914175 0.816388
vt 0.919819 0.816386
vt 0.919869 0.809378
vt 0.925743 0.816386
vt 0.925774 0.809390
vt 0.932392 0.816372
vt 0.932263 0.809372
vt 0.939776 0.816335
vt 0.939825 0.809358
vt 0.948190 0.816330
vt 0.948121 0.809344
vt 0.957140 0.809316
vt 0.957204 0.816261
vt 0.871184 0.815745
vt 0.957300 0.823222
vt 0.948272 0.823318
vt 0.870966 0.822719
vt 0.879985 0.822924
vt 0.888472 0.823108
vt 0.870850 0.829708
vt 0.879875 0.829916
vt 0.888270 0.830124
vt 0.895930 0.823213
vt 0.895865 0.830263
vt 0.902481 0.823334
vt 0.902390 0.830380
vt 0.908493 0.823399
vt 0.908398 0.830450
vt 0.914140 0.823415
vt 0.914089 0.830474
vt 0.919784 0.830475
vt 0.919799 0.823415
vt 0.925808 0.830476
vt 0.925767 0.823414
vt 0.932351 0.830448
vt 0.932342 0.823386
vt 0.939895 0.830357
vt 0.939896 0.823344
vt 0.948353 0.830325
vt 0.957416 0.830203
vt 0.939931 0.837423
vt 0.948457 0.837339
vt 0.957483 0.837180
vt 0.879760 0.836925
vt 0.870708 0.836665
vt 0.948634 0.844355
vt 0.957654 0.844150
vt 0.879473 0.843916
vt 0.870512 0.843620
vt 0.887925 0.844195
vt 0.888170 0.837151
vt 0.895549 0.844415
vt 0.895624 0.837325
vt 0.902142 0.844571
vt 0.902337 0.837451
vt 0.908254 0.844667
vt 0.908303 0.837539
vt 0.913975 0.844690
vt 0.914032 0.837565
vt 0.919758 0.837567
vt 0.919726 0.844711
vt 0.925805 0.837556
vt 0.925824 0.844694
vt 0.932472 0.837528
vt 0.932554 0.844636
vt 0.940130 0.844520
vt 0.932620 0.851797
vt 0.940221 0.851633
vt 0.948733 0.851399
vt 0.957843 0.851123
vt 0.940500 0.858792
vt 0.949038 0.858485
vt 0.958126 0.858083
vt 0.870314 0.850552
vt 0.878998 0.857890
vt 0.870061 0.857435
vt 0.879273 0.850902
vt 0.887450 0.858348
vt 0.887717 0.851259
vt 0.895050 0.858716
vt 0.895268 0.851553
vt 0.901838 0.858963
vt 0.902047 0.851735
vt 0.908004 0.859109
vt 0.908149 0.851847
vt 0.913859 0.859167
vt 0.913962 0.851896
vt 0.919780 0.851914
vt 0.919751 0.859198
vt 0.925885 0.851885
vt 0.925930 0.859140
vt 0.932800 0.859016
vt 0.926090 0.866499
vt 0.932995 0.866313
vt 0.940677 0.866020
vt 0.949409 0.865591
vt 0.933202 0.873708
vt 0.941110 0.873339
vt 0.949800 0.872742
vt 0.958511 0.865057
vt 0.958995 0.872035
vt 0.869702 0.864262
vt 0.878094 0.871889
vt 0.869153 0.871037
vt 0.878622 0.864881
vt 0.886628 0.872659
vt 0.887094 0.865473
vt 0.894308 0.873245
vt 0.894738 0.865942
vt 0.901275 0.873673
vt 0.901590 0.866265
vt 0.907603 0.873945
vt 0.907834 0.866451
vt 0.913732 0.874063
vt 0.913796 0.866562
vt 0.919753 0.866561
vt 0.919844 0.874062
vt 0.926238 0.873957
vt 0.919868 0.881737
vt 0.926449 0.881587
vt 0.933620 0.881262
vt 0.941637 0.880732
vt 0.926773 0.889459
vt 0.934157 0.888992
vt 0.942338 0.888258
vt 0.950459 0.879957
vt 0.951299 0.887215
vt 0.959655 0.879012
vt 0.960509 0.886010
vt 0.868411 0.877796
vt 0.876375 0.885970
vt 0.867464 0.884539
vt 0.877290 0.878912
vt 0.884950 0.887249
vt 0.885908 0.879915
vt 0.892982 0.888263
vt 0.893789 0.880669
vt 0.900279 0.888985
vt 0.900813 0.881231
vt 0.907026 0.889439
vt 0.907353 0.881583
vt 0.913444 0.889634
vt 0.913603 0.881732
vt 0.919923 0.889664
vt 0.913291 0.897971
vt 0.920111 0.897927
vt 0.927185 0.897588
vt 0.934888 0.896935
vt 0.920310 0.906621
vt 0.927861 0.906155
vt 0.935936 0.905175
vt 0.943290 0.895923
vt 0.944543 0.903717
vt 0.952283 0.894533
vt 0.953667 0.901890
vt 0.961558 0.893008
vt 0.962874 0.899972
vt 0.866260 0.891259
vt 0.873642 0.900102
vt 0.864789 0.897930
vt 0.875121 0.893036
vt 0.882380 0.902219
vt 0.883862 0.894668
vt 0.890666 0.904044
vt 0.892009 0.896030
vt 0.898438 0.905428
vt 0.899524 0.897005
vt 0.905881 0.906299
vt 0.906503 0.897644
vt 0.913090 0.906698
vt 0.912765 0.916272
vt 0.920752 0.916141
vt 0.904876 0.915602
vt 0.928907 0.915271
vt 0.912375 0.926820
vt 0.921454 0.926665
vt 0.930602 0.925214
vt 0.937364 0.913715
vt 0.939653 0.922706
vt 0.946255 0.911636
vt 0.948614 0.919583
vt 0.955343 0.909222
vt 0.957492 0.916399
vt 0.964480 0.906874
vt 0.966405 0.913666
vt 0.863017 0.904515
vt 0.869452 0.913952
vt 0.860910 0.911028
vt 0.871743 0.907108
vt 0.877780 0.917310
vt 0.880422 0.909812
vt 0.886109 0.920788
vt 0.888814 0.912279
vt 0.894644 0.923815
vt 0.896929 0.914262
vt 0.903439 0.925917
vt 0.899161 0.578767
vt 0.906741 0.567291
vt 0.907432 0.577895
vt 0.916020 0.566947
vt 0.915542 0.577926
vt 0.923517 0.578560
vt 0.922429 0.587966
vt 0.915156 0.587531
vt 0.907852 0.587568
vt 0.929901 0.588897
vt 0.925140 0.568210
vt 0.931501 0.580038
vt 0.937685 0.590343
vt 0.933975 0.570440
vt 0.939628 0.582089
vt 0.946019 0.592192
vt 0.942404 0.573668
vt 0.948002 0.584628
vt 0.954698 0.594367
vt 0.950685 0.577184
vt 0.956619 0.587386
vt 0.963520 0.596525
vt 0.958958 0.580594
vt 0.965290 0.589973
vt 0.864599 0.594369
vt 0.872221 0.584882
vt 0.873999 0.592340
vt 0.862901 0.587312
vt 0.870064 0.577530
vt 0.881529 0.582428
vt 0.883274 0.590484
vt 0.879147 0.574323
vt 0.890576 0.580328
vt 0.892012 0.589001
vt 0.888283 0.571189
vt 0.900199 0.588018
vt 0.897482 0.568698
vt 0.893079 0.597355
vt 0.900861 0.596683
vt 0.908049 0.596357
vt 0.914929 0.596330
vt 0.901331 0.604929
vt 0.908155 0.604698
vt 0.914699 0.604696
vt 0.921219 0.604924
vt 0.921762 0.596676
vt 0.927960 0.605401
vt 0.928767 0.597348
vt 0.935316 0.606135
vt 0.936322 0.598354
vt 0.943292 0.607196
vt 0.944420 0.599732
vt 0.951965 0.608509
vt 0.953149 0.601429
vt 0.960888 0.609917
vt 0.962062 0.603187
vt 0.867177 0.608565
vt 0.875416 0.599805
vt 0.876517 0.607228
vt 0.866022 0.601474
vt 0.884575 0.598403
vt 0.885550 0.606157
vt 0.893831 0.605394
vt 0.886297 0.613755
vt 0.894373 0.613182
vt 0.901618 0.612834
vt 0.908296 0.612683
vt 0.894772 0.620775
vt 0.901877 0.620535
vt 0.908334 0.620417
vt 0.914598 0.612707
vt 0.914463 0.620414
vt 0.920574 0.620522
vt 0.920859 0.612845
vt 0.926971 0.620778
vt 0.927422 0.613189
vt 0.933939 0.621220
vt 0.934458 0.613766
vt 0.941659 0.621834
vt 0.942419 0.614562
vt 0.950220 0.622615
vt 0.951051 0.615576
vt 0.959184 0.623498
vt 0.959959 0.616695
vt 0.868836 0.622689
vt 0.877390 0.614585
vt 0.878107 0.621872
vt 0.868094 0.615634
vt 0.886891 0.621223
vt 0.878537 0.629095
vt 0.887252 0.628586
vt 0.895137 0.628241
vt 0.902089 0.628056
vt 0.887626 0.635845
vt 0.895370 0.635586
vt 0.902202 0.635434
vt 0.908361 0.627958
vt 0.908451 0.635358
vt 0.914359 0.627953
vt 0.914344 0.635357
vt 0.920208 0.635394
vt 0.920357 0.628025
vt 0.926382 0.635536
vt 0.926633 0.628215
vt 0.933137 0.635803
vt 0.933487 0.628556
vt 0.940820 0.636160
vt 0.941161 0.629042
vt 0.949203 0.636622
vt 0.949705 0.629632
vt 0.958160 0.637184
vt 0.958618 0.630326
vt 0.869854 0.636789
vt 0.879008 0.636251
vt 0.869360 0.629736
vt 0.870268 0.643804
vt 0.879412 0.643372
vt 0.887916 0.643022
vt 0.895576 0.642831
vt 0.879629 0.650432
vt 0.888184 0.650151
vt 0.895748 0.649999
vt 0.902352 0.642718
vt 0.902420 0.649904
vt 0.908453 0.642648
vt 0.908532 0.649850
vt 0.914284 0.642624
vt 0.914259 0.649815
vt 0.919983 0.649822
vt 0.920087 0.642651
vt 0.926067 0.649901
vt 0.926200 0.642753
vt 0.932684 0.650069
vt 0.932913 0.642966
vt 0.940250 0.650277
vt 0.940406 0.643240
vt 0.948585 0.650542
vt 0.948907 0.643600
vt 0.957496 0.650926
vt 0.957805 0.644051
vt 0.870605 0.650801
vt 0.957232 0.657778
vt 0.948299 0.657479
vt 0.870855 0.657783
vt 0.879911 0.657453
vt 0.888388 0.657237
vt 0.871143 0.664738
vt 0.880149 0.664452
vt 0.888578 0.664275
vt 0.895905 0.657109
vt 0.896063 0.664171
vt 0.902523 0.657024
vt 0.902587 0.664082
vt 0.908550 0.656961
vt 0.908583 0.664024
vt 0.914242 0.656939
vt 0.914263 0.664008
vt 0.919915 0.663990
vt 0.919967 0.656931
vt 0.925867 0.664027
vt 0.925926 0.656993
vt 0.932444 0.664128
vt 0.932544 0.657128
vt 0.939846 0.664207
vt 0.940030 0.657251
vt 0.948174 0.664406
vt 0.957059 0.664613
vt 0.939678 0.671174
vt 0.948087 0.671302
vt 0.956948 0.671458
vt 0.880348 0.671414
vt 0.871385 0.671652
vt 0.947937 0.678198
vt 0.956858 0.678309
vt 0.880500 0.678347
vt 0.871585 0.678541
vt 0.888800 0.678248
vt 0.888759 0.671287
vt 0.896282 0.678147
vt 0.896087 0.671173
vt 0.902733 0.678072
vt 0.902701 0.671097
vt 0.908651 0.678030
vt 0.908623 0.671043
vt 0.914271 0.678012
vt 0.914241 0.671023
vt 0.919878 0.671002
vt 0.919849 0.677977
vt 0.925822 0.671020
vt 0.925785 0.677988
vt 0.932397 0.671091
vt 0.932360 0.678021
vt 0.939688 0.678116
vt 0.932249 0.684951
vt 0.939640 0.685032
vt 0.947939 0.685103
vt 0.956827 0.685161
vt 0.939619 0.691948
vt 0.947956 0.691988
vt 0.956825 0.692040
vt 0.871756 0.685405
vt 0.880739 0.692145
vt 0.871828 0.692270
vt 0.880636 0.685248
vt 0.888960 0.692086
vt 0.888967 0.685183
vt 0.896331 0.692011
vt 0.896287 0.685097
vt 0.902871 0.691962
vt 0.902825 0.685024
vt 0.908764 0.691924
vt 0.908676 0.684987
vt 0.914311 0.691901
vt 0.914271 0.684963
vt 0.919896 0.684933
vt 0.919880 0.691885
vt 0.925771 0.684937
vt 0.925742 0.691874
vt 0.932297 0.691879
vt 0.925786 0.698801
vt 0.932250 0.698790
vt 0.939632 0.698851
vt 0.947858 0.698881
vt 0.932181 0.705713
vt 0.939631 0.705735
vt 0.947888 0.705786
vt 0.956798 0.698934
vt 0.956792 0.705818
vt 0.871941 0.699131
vt 0.880849 0.705919
vt 0.872015 0.705994
vt 0.880866 0.699047
vt 0.889127 0.705860
vt 0.889107 0.698977
vt 0.896497 0.705803
vt 0.896395 0.698907
vt 0.902951 0.705784
vt 0.902906 0.698881
vt 0.908800 0.705750
vt 0.908778 0.698843
vt 0.914355 0.705728
vt 0.914327 0.698821
vt 0.919866 0.698808
vt 0.919908 0.705712
vt 0.925792 0.705713
vt 0.919917 0.712607
vt 0.925752 0.712611
vt 0.932275 0.712615
vt 0.939511 0.712645
vt 0.925788 0.719493
vt 0.932184 0.719502
vt 0.939551 0.719557
vt 0.947902 0.712676
vt 0.947817 0.719567
vt 0.956792 0.712715
vt 0.956769 0.719609
vt 0.872113 0.712843
vt 0.881014 0.719610
vt 0.872203 0.719666
vt 0.880955 0.712768
vt 0.889253 0.719623
vt 0.889262 0.712749
vt 0.896570 0.719555
vt 0.896511 0.712686
vt 0.903027 0.719561
vt 0.902985 0.712681
vt 0.908822 0.719547
vt 0.908825 0.712654
vt 0.914372 0.719508
vt 0.914385 0.712617
vt 0.919935 0.719498
vt 0.914421 0.726391
vt 0.919961 0.726384
vt 0.925749 0.726381
vt 0.932207 0.726401
vt 0.919926 0.733267
vt 0.925759 0.733265
vt 0.932226 0.733284
vt 0.939543 0.726450
vt 0.939581 0.733330
vt 0.947873 0.726462
vt 0.947796 0.733344
vt 0.956774 0.726497
vt 0.956693 0.733378
vt 0.872203 0.726485
vt 0.881119 0.733311
vt 0.872240 0.733296
vt 0.881058 0.726454
vt 0.889331 0.733319
vt 0.889234 0.726468
vt 0.896615 0.733302
vt 0.896612 0.726434
vt 0.903022 0.733312
vt 0.903011 0.726439
vt 0.908842 0.733307
vt 0.908882 0.726428
vt 0.914395 0.733285
vt 0.914388 0.740168
vt 0.903040 0.740181
vt 0.896553 0.740166
vt 0.261525 0.562799
vt 0.383289 0.449111
vt 0.383854 0.562187
vt 0.303580 0.258699
vt 0.369020 0.032614
vt 0.449177 0.112372
vt 0.137138 0.265658
vt 0.032614 0.100185
vt 0.223423 0.178942
vt 0.217295 0.345416
vt 0.137538 0.425573
vt 0.260960 0.449723
vt 0.640542 0.032614
vt 0.562529 0.174036
vt 0.530071 0.065717
vt 0.636905 0.313867
vt 0.586082 0.501718
vt 0.514406 0.414260
vt 0.797777 0.328225
vt 0.831079 0.501718
vt 0.708581 0.401325
vt 0.726101 0.240767
vt 0.813559 0.169091
vt 0.673000 0.140933
vt 0.514901 0.836878
vt 0.514406 0.834932
vt 0.514538 0.832927
vt 0.516566 0.829517
vt 0.518265 0.828445
vt 0.622563 0.786329
vt 0.559094 0.686128
vt 0.592420 0.667926
vt 0.795681 0.759539
vt 0.547935 0.567395
vt 0.967386 0.583545
vt 0.860910 0.580339
vt 0.032614 0.222516
vt 0.057381 0.345816
vt 0.885235 0.399901
vt 0.885235 0.256549
s 1
usemtl マテリアル.003
f 3/1/1 2/2/2 1/3/3
f 32/4/4 1/3/3 2/2/2
f 3/1/1 5/5/5 6/6/6
f 5/5/5 4/7/7 8/8/8
f 7/9/9 6/6/6 5/5/5
f 5/5/5 9/10/10 7/9/9
f 10/11/11 32/4/11 24/12/11
f 9/10/10 11/13/12 7/9/9
f 10/14/13 13/15/14 11/13/12
f 13/15/14 14/16/15 15/17/16
f 14/16/15 17/18/17 15/17/16
f 20/19/18 16/20/19 18/21/20
f 19/22/21 20/19/18 18/21/20
f 21/23/22 19/24/23 18/25/22
f 22/26/24 23/27/25 118/28/26
f 25/29/27 21/23/28 24/12/29
f 25/29/27 26/30/30 27/31/31
f 26/30/30 29/32/32 27/31/31
f 28/33/33 31/34/34 29/32/32
f 31/34/34 32/4/4 2/2/2
f 34/35/35 31/34/34 2/2/2
f 31/34/34 36/36/36 29/32/32
f 34/35/35 35/37/37 33/38/38
f 33/38/38 38/39/39 36/36/36
f 29/32/32 37/40/40 27/31/31
f 37/40/40 38/39/39 39/41/41
f 39/41/41 40/42/42 42/43/43
f 35/37/37 40/42/42 38/39/39
f 41/44/44 35/37/37 57/45/45
f 44/46/46 40/42/42 41/44/44
f 43/47/47 44/46/46 45/48/48
f 130/49/49 42/43/43 43/47/47
f 45/48/48 46/50/50 47/51/51
f 44/46/46 48/52/52 46/50/50
f 47/51/51 49/53/53 50/54/54
f 46/50/50 52/55/55 49/53/53
f 49/53/53 132/56/56 50/54/54
f 52/55/55 51/57/57 49/53/53
f 54/58/58 53/59/59 52/55/55
f 48/52/52 54/58/58 52/55/55
f 58/60/60 54/61/58 6/6/6
f 56/62/61 6/6/6 54/61/58
f 56/62/61 34/35/35 3/1/1
f 48/52/52 57/45/45 56/62/61
f 58/60/60 59/63/62 55/64/63
f 55/65/63 62/66/64 53/59/59
f 69/67/65 59/63/62 60/68/66
f 59/69/62 61/70/67 62/66/64
f 63/71/68 61/70/67 65/72/69
f 51/57/57 62/66/64 63/71/68
f 64/73/70 65/72/69 66/74/71
f 51/57/57 64/73/70 132/56/56
f 66/75/71 67/76/72 68/77/73
f 67/76/72 61/78/67 69/67/65
f 68/77/73 15/17/16 17/18/17
f 67/76/72 13/15/14 15/17/16
f 13/15/14 60/68/66 11/13/12
f 68/77/73 20/19/18 70/79/74
f 66/75/71 70/79/74 72/80/75
f 131/81/76 70/79/74 20/19/18
f 71/82/77 72/80/75 70/79/74
f 72/83/75 76/84/78 74/85/79
f 64/73/70 72/83/75 74/85/79
f 74/85/79 77/86/80 75/87/81
f 132/56/56 74/85/79 75/87/81
f 77/86/80 78/88/82 79/89/83
f 73/90/84 78/88/82 76/84/78
f 79/91/83 80/92/85 89/93/86
f 81/94/87 80/92/85 78/95/82
f 71/82/77 81/96/87 73/97/84
f 84/98/88 81/94/87 82/99/89
f 83/100/90 71/82/77 131/81/76
f 85/101/91 82/99/89 83/102/90
f 86/103/92 85/101/91 88/104/93
f 86/103/92 80/92/85 84/98/88
f 87/105/94 88/104/93 128/106/95
f 90/107/96 86/103/92 87/105/94
f 91/108/97 89/93/86 90/107/96
f 90/107/96 95/109/98 92/110/99
f 91/108/97 92/110/99 93/111/100
f 92/110/99 113/112/101 93/111/100
f 97/113/102 92/110/99 95/109/98
f 98/114/103 95/109/98 96/115/104
f 87/105/94 96/115/104 95/109/98
f 100/116/105 97/113/102 98/114/103
f 97/113/102 102/117/106 94/118/107
f 119/119/108 99/120/109 100/116/105
f 101/121/110 102/117/106 99/120/109
f 94/118/107 103/122/111 113/112/101
f 104/123/112 103/122/111 102/117/106
f 107/124/113 104/123/112 101/121/110
f 108/125/114 104/123/112 105/126/115
f 106/127/116 107/124/113 117/128/117
f 109/129/118 105/126/115 106/127/116
f 110/130/119 109/129/118 112/131/120
f 110/130/119 103/122/111 108/125/114
f 111/132/121 112/131/120 114/133/122
f 93/111/100 110/130/119 111/132/121
f 114/133/122 45/48/48 47/51/51
f 112/131/120 43/47/47 45/48/48
f 115/134/123 111/132/121 114/133/122
f 50/54/54 114/133/122 47/51/51
f 75/87/81 116/135/124 115/134/123
f 50/54/54 75/87/81 115/134/123
f 77/86/80 91/136/97 116/135/124
f 116/135/124 93/111/100 111/132/121
f 109/129/118 130/49/49 43/47/47
f 117/128/117 118/28/26 23/27/25
f 107/124/113 119/119/108 118/28/26
f 120/137/125 118/28/26 119/119/108
f 121/138/126 119/119/108 100/116/105
f 120/137/127 123/139/128 122/140/127
f 22/26/23 122/141/127 19/24/23
f 123/139/129 83/102/90 122/140/130
f 122/142/130 131/81/76 19/22/21
f 124/143/131 85/101/91 123/139/129
f 123/139/128 126/144/132 124/143/131
f 125/145/133 88/104/93 124/143/131
f 126/144/132 125/145/133 124/143/131
f 127/146/134 98/114/103 96/115/104
f 126/144/132 100/116/105 98/114/103
f 96/115/104 125/145/133 127/146/134
f 117/128/117 25/29/27 129/147/135
f 106/127/116 129/147/135 130/49/49
f 27/31/31 129/147/135 25/29/27
f 37/40/40 130/49/49 129/147/135
f 11/13/12 58/60/60 7/9/9
f 611/148/136 153/149/137 612/150/138
f 609/151/139 145/152/140 146/153/141
f 612/150/138 154/154/142 613/155/143
f 136/156/144 146/153/141 147/157/145
f 613/155/143 155/158/146 614/159/147
f 136/156/144 148/160/148 137/161/149
f 606/162/150 133/163/151 141/164/152
f 140/165/11 614/159/147 155/158/146
f 137/161/149 149/166/153 138/167/154
f 607/168/155 141/164/152 142/169/156
f 138/167/154 150/170/157 610/171/158
f 134/172/159 142/169/156 143/173/160
f 610/171/158 151/174/161 139/175/162
f 608/176/163 143/173/160 144/177/164
f 139/175/162 152/178/165 611/148/136
f 135/179/166 144/177/164 145/152/140
f 151/174/161 167/180/167 152/178/165
f 144/177/164 160/181/168 145/152/140
f 153/149/137 167/180/167 168/182/169
f 145/152/140 161/183/170 146/153/141
f 154/154/142 168/182/169 169/184/171
f 147/157/145 161/183/170 162/185/172
f 154/154/142 170/186/173 155/158/146
f 147/157/145 163/187/174 148/160/148
f 141/164/152 133/188/151 156/189/175
f 140/190/11 155/158/146 170/186/173
f 148/160/148 164/191/176 149/166/153
f 141/164/152 157/192/177 142/169/156
f 149/166/153 165/193/178 150/170/157
f 142/169/156 158/194/179 143/173/160
f 150/170/157 166/195/180 151/174/161
f 143/173/160 159/196/181 144/177/164
f 156/189/175 133/197/151 171/198/182
f 140/199/11 170/186/173 185/200/183
f 164/191/176 178/201/184 179/202/185
f 156/189/175 172/203/186 157/192/177
f 164/191/176 180/204/187 165/193/178
f 157/192/177 173/205/188 158/194/179
f 166/195/180 180/204/187 181/206/189
f 158/194/179 174/207/190 159/196/181
f 167/180/167 181/206/189 182/208/191
f 159/196/181 175/209/192 160/181/168
f 168/182/169 182/208/191 183/210/193
f 160/181/168 176/211/194 161/183/170
f 168/182/169 184/212/195 169/184/171
f 161/183/170 177/213/196 162/185/172
f 169/184/171 185/200/183 170/186/173
f 162/185/172 178/201/184 163/187/174
f 174/207/190 190/214/197 175/209/192
f 182/208/191 198/215/198 183/210/193
f 175/209/192 191/216/199 176/211/194
f 183/210/193 199/217/200 184/212/195
f 177/213/196 191/216/199 192/218/201
f 184/212/195 200/219/202 185/200/183
f 178/201/184 192/218/201 193/220/203
f 171/198/182 133/221/151 186/222/204
f 140/223/11 185/200/183 200/219/202
f 178/201/184 194/224/205 179/202/185
f 171/198/182 187/225/206 172/203/186
f 179/202/185 195/226/207 180/204/187
f 172/203/186 188/227/208 173/205/188
f 181/206/189 195/226/207 196/228/209
f 173/205/188 189/229/210 174/207/190
f 181/206/189 197/230/211 182/208/191
f 193/220/203 209/231/212 194/224/205
f 186/222/204 202/232/213 187/225/206
f 194/224/205 210/233/214 195/226/207
f 187/225/206 203/234/215 188/227/208
f 196/228/209 210/233/214 211/235/216
f 188/227/208 204/236/217 189/229/210
f 196/228/209 212/237/218 197/230/211
f 190/214/197 204/236/217 205/238/219
f 197/230/211 213/239/220 198/215/198
f 190/214/197 206/240/221 191/216/199
f 199/217/200 213/239/220 214/241/222
f 192/218/201 206/240/221 207/242/223
f 199/217/200 215/243/224 200/219/202
f 193/220/203 207/242/223 208/244/225
f 186/222/204 133/245/151 201/246/226
f 140/247/11 200/219/202 215/243/224
f 212/237/218 228/248/227 213/239/220
f 205/238/219 221/249/228 206/240/221
f 213/239/220 229/250/229 214/241/222
f 207/242/223 221/249/228 222/251/230
f 215/243/224 229/250/229 230/252/231
f 208/244/225 222/251/230 223/253/232
f 201/246/226 133/254/151 216/255/233
f 140/256/11 215/243/224 230/252/231
f 208/244/225 224/257/234 209/231/212
f 201/246/226 217/258/235 202/232/213
f 209/231/212 225/259/236 210/233/214
f 202/232/213 218/260/237 203/234/215
f 211/235/216 225/259/236 226/261/238
f 203/234/215 219/262/239 204/236/217
f 211/235/216 227/263/240 212/237/218
f 205/238/219 219/262/239 220/264/241
f 224/257/234 240/265/242 225/259/236
f 217/258/235 233/266/243 218/260/237
f 226/261/238 240/265/242 241/267/244
f 218/260/237 234/268/245 219/262/239
f 226/261/238 242/269/246 227/263/240
f 220/264/241 234/268/245 235/270/247
f 228/248/227 242/269/246 243/271/248
f 220/264/241 236/272/249 221/249/228
f 229/250/229 243/271/248 244/273/250
f 222/251/230 236/272/249 237/274/251
f 229/250/229 245/275/252 230/252/231
f 223/253/232 237/274/251 238/276/253
f 216/255/233 133/277/151 231/278/254
f 140/279/11 230/252/231 245/275/252
f 223/253/232 239/280/255 224/257/234
f 217/258/235 231/278/254 232/281/256
f 243/271/248 259/282/257 244/273/250
f 237/274/251 251/283/258 252/284/259
f 244/273/250 260/285/260 245/275/252
f 238/276/253 252/284/259 253/286/261
f 231/278/254 133/287/151 246/288/262
f 140/289/11 245/275/252 260/285/260
f 238/276/253 254/290/263 239/280/255
f 232/281/256 246/288/262 247/291/264
f 239/280/255 255/292/265 240/265/242
f 232/281/256 248/293/266 233/266/243
f 241/267/244 255/292/265 256/294/267
f 233/266/243 249/295/268 234/268/245
f 241/267/244 257/296/269 242/269/246
f 235/270/247 249/295/268 250/297/270
f 243/271/248 257/296/269 258/298/271
f 235/270/247 251/283/258 236/272/249
f 247/291/264 263/299/272 248/293/266
f 256/294/267 270/300/273 271/301/274
f 248/293/266 264/302/275 249/295/268
f 256/294/267 272/303/276 257/296/269
f 250/297/270 264/302/275 265/304/277
f 258/298/271 272/303/276 273/305/278
f 250/297/270 266/306/279 251/283/258
f 258/298/271 274/307/280 259/282/257
f 252/284/259 266/306/279 267/308/281
f 259/282/257 275/309/282 260/285/260
f 253/286/261 267/308/281 268/310/283
f 246/288/262 133/311/151 261/312/284
f 140/313/11 260/285/260 275/309/282
f 253/286/261 269/314/285 254/290/263
f 246/288/262 262/315/286 247/291/264
f 254/290/263 270/300/273 255/292/265
f 267/308/281 281/316/287 282/317/288
f 275/309/282 289/318/289 290/319/290
f 268/310/283 282/317/288 283/320/291
f 261/312/284 133/321/151 276/322/292
f 140/323/11 275/309/282 290/319/290
f 268/310/283 284/324/293 269/314/285
f 261/312/284 277/325/294 262/315/286
f 269/314/285 285/326/295 270/300/273
f 263/299/272 277/325/294 278/327/296
f 271/301/274 285/326/295 286/328/297
f 263/299/272 279/329/298 264/302/275
f 271/301/274 287/330/299 272/303/276
f 265/304/277 279/329/298 280/331/300
f 273/305/278 287/330/299 288/332/301
f 265/304/277 281/316/287 266/306/279
f 273/305/278 289/318/289 274/307/280
f 286/328/297 300/333/302 301/334/303
f 278/327/296 294/335/304 279/329/298
f 286/328/297 302/336/305 287/330/299
f 280/331/300 294/335/304 295/337/306
f 288/332/301 302/336/305 303/338/307
f 280/331/300 296/339/308 281/316/287
f 288/332/301 304/340/309 289/318/289
f 282/317/288 296/339/308 297/341/310
f 289/318/289 305/342/311 290/319/290
f 283/320/291 297/341/310 298/343/312
f 276/322/292 133/344/151 291/345/313
f 140/346/11 290/319/290 305/342/311
f 283/320/291 299/347/314 284/324/293
f 276/322/292 292/348/315 277/325/294
f 284/324/293 300/333/302 285/326/295
f 278/327/296 292/348/315 293/349/316
f 305/342/311 319/350/317 320/351/318
f 298/343/312 312/352/319 313/353/320
f 291/345/313 133/354/151 306/355/321
f 140/356/11 305/342/311 320/351/318
f 298/343/312 314/357/322 299/347/314
f 291/345/313 307/358/323 292/348/315
f 299/347/314 315/359/324 300/333/302
f 292/348/315 308/360/325 293/349/316
f 301/334/303 315/359/324 316/361/326
f 293/349/316 309/362/327 294/335/304
f 301/334/303 317/363/328 302/336/305
f 295/337/306 309/362/327 310/364/329
f 302/336/305 318/365/330 303/338/307
f 295/337/306 311/366/331 296/339/308
f 304/340/309 318/365/330 319/350/317
f 297/341/310 311/366/331 312/352/319
f 308/360/325 324/367/332 309/362/327
f 316/361/326 332/368/333 317/363/328
f 310/364/329 324/367/332 325/369/334
f 318/365/330 332/368/333 333/370/335
f 310/364/329 326/371/336 311/366/331
f 318/365/330 334/372/337 319/350/317
f 312/352/319 326/371/336 327/373/338
f 319/350/317 335/374/339 320/351/318
f 313/353/320 327/373/338 328/375/340
f 306/355/321 133/376/151 321/377/341
f 140/378/11 320/351/318 335/374/339
f 313/353/320 329/379/342 314/357/322
f 307/358/323 321/377/341 322/380/343
f 314/357/322 330/381/344 315/359/324
f 308/360/325 322/380/343 323/382/345
f 316/361/326 330/381/344 331/383/346
f 328/375/340 342/384/347 343/385/348
f 321/377/341 133/386/151 336/387/349
f 140/388/11 335/374/339 350/389/350
f 328/375/340 344/390/351 329/379/342
f 321/377/341 337/391/352 322/380/343
f 329/379/342 345/392/353 330/381/344
f 322/380/343 338/393/354 323/382/345
f 331/383/346 345/392/353 346/394/355
f 323/382/345 339/395/356 324/367/332
f 331/383/346 347/396/357 332/368/333
f 325/369/334 339/395/356 340/397/358
f 333/370/335 347/396/357 348/398/359
f 325/369/334 341/399/360 326/371/336
f 333/370/335 349/400/361 334/372/337
f 327/373/338 341/399/360 342/384/347
f 334/372/337 350/389/350 335/374/339
f 346/394/355 362/401/362 347/396/357
f 340/397/358 354/402/363 355/403/364
f 348/398/359 362/401/362 363/404/365
f 340/397/358 356/405/366 341/399/360
f 348/398/359 364/406/367 349/400/361
f 342/384/347 356/405/366 357/407/368
f 349/400/361 365/408/369 350/389/350
f 343/385/348 357/407/368 358/409/370
f 336/387/349 133/410/151 351/411/371
f 140/412/11 350/389/350 365/408/369
f 343/385/348 359/413/372 344/390/351
f 336/387/349 352/414/373 337/391/352
f 344/390/351 360/415/374 345/392/353
f 337/391/352 353/416/375 338/393/354
f 346/394/355 360/415/374 361/417/376
f 338/393/354 354/402/363 339/395/356
f 140/418/11 365/408/369 380/419/377
f 358/409/370 374/420/378 359/413/372
f 351/411/371 367/421/379 352/414/373
f 359/413/372 375/422/380 360/415/374
f 353/416/375 367/421/379 368/423/381
f 361/417/376 375/422/380 376/424/382
f 353/416/375 369/425/383 354/402/363
f 361/417/376 377/426/384 362/401/362
f 355/403/364 369/425/383 370/427/385
f 363/404/365 377/426/384 378/428/386
f 355/403/364 371/429/387 356/405/366
f 363/404/365 379/430/388 364/406/367
f 357/407/368 371/429/387 372/431/389
f 365/408/369 379/430/388 380/419/377
f 358/409/370 372/431/389 373/432/390
f 351/411/371 133/433/151 366/434/391
f 378/428/386 392/435/392 393/436/393
f 370/427/385 386/437/394 371/429/387
f 378/428/386 394/438/395 379/430/388
f 372/431/389 386/437/394 387/439/396
f 379/430/388 395/440/397 380/419/377
f 373/432/390 387/439/396 388/441/398
f 366/434/391 133/442/151 381/443/399
f 140/444/11 380/419/377 395/440/397
f 373/432/390 389/445/400 374/420/378
f 366/434/391 382/446/401 367/421/379
f 374/420/378 390/447/402 375/422/380
f 367/421/379 383/448/403 368/423/381
f 376/424/382 390/447/402 391/449/404
f 368/423/381 384/450/405 369/425/383
f 376/424/382 392/435/392 377/426/384
f 370/427/385 384/450/405 385/451/406
f 382/446/401 396/452/407 397/453/408
f 389/445/400 405/454/409 390/447/402
f 382/446/401 398/455/410 383/448/403
f 391/449/404 405/454/409 406/456/411
f 383/448/403 399/457/412 384/450/405
f 391/449/404 407/458/413 392/435/392
f 385/451/406 399/457/412 400/459/414
f 393/436/393 407/458/413 408/460/415
f 385/451/406 401/461/416 386/437/394
f 393/436/393 409/462/417 394/438/395
f 387/439/396 401/461/416 402/463/418
f 394/438/395 410/464/419 395/440/397
f 388/441/398 402/463/418 403/465/420
f 381/443/399 133/466/151 396/452/407
f 140/467/11 395/440/397 410/464/419
f 388/441/398 404/468/421 389/445/400
f 400/459/414 416/469/422 401/461/416
f 408/460/415 424/470/423 409/462/417
f 402/463/418 416/469/422 417/471/424
f 410/464/419 424/470/423 425/472/425
f 403/465/420 417/471/424 418/473/426
f 396/452/407 133/474/151 411/475/427
f 140/476/11 410/464/419 425/472/425
f 403/465/420 419/477/428 404/468/421
f 397/453/408 411/475/427 412/478/429
f 404/468/421 420/479/430 405/454/409
f 397/453/408 413/480/431 398/455/410
f 406/456/411 420/479/430 421/481/432
f 398/455/410 414/482/433 399/457/412
f 406/456/411 422/483/434 407/458/413
f 400/459/414 414/482/433 415/484/435
f 408/460/415 422/483/434 423/485/436
f 419/477/428 435/486/437 420/479/430
f 412/478/429 428/487/438 413/480/431
f 421/481/432 435/486/437 436/488/439
f 413/480/431 429/489/440 414/482/433
f 421/481/432 437/490/441 422/483/434
f 415/484/435 429/489/440 430/491/442
f 423/485/436 437/490/441 438/492/443
f 415/484/435 431/493/444 416/469/422
f 423/485/436 439/494/445 424/470/423
f 417/471/424 431/493/444 432/495/446
f 425/472/425 439/494/445 440/496/447
f 418/473/426 432/495/446 433/497/448
f 411/475/427 133/498/151 426/499/449
f 140/500/11 425/472/425 440/496/447
f 418/473/426 434/501/450 419/477/428
f 411/475/427 427/502/451 412/478/429
f 438/492/443 454/503/452 439/494/445
f 432/495/446 446/504/453 447/505/454
f 439/494/445 455/506/455 440/496/447
f 433/497/448 447/505/454 448/507/456
f 426/499/449 133/508/151 441/509/457
f 140/510/11 440/496/447 455/506/455
f 433/497/448 449/511/458 434/501/450
f 426/499/449 442/512/459 427/502/451
f 434/501/450 450/513/460 435/486/437
f 427/502/451 443/514/461 428/487/438
f 436/488/439 450/513/460 451/515/462
f 428/487/438 444/516/463 429/489/440
f 436/488/439 452/517/464 437/490/441
f 430/491/442 444/516/463 445/518/465
f 438/492/443 452/517/464 453/519/466
f 430/491/442 446/504/453 431/493/444
f 442/512/459 458/520/467 443/514/461
f 451/515/462 465/521/468 466/522/469
f 443/514/461 459/523/470 444/516/463
f 451/515/462 467/524/471 452/517/464
f 444/516/463 460/525/472 445/518/465
f 453/519/466 467/524/471 468/526/473
f 445/518/465 461/527/474 446/504/453
f 453/519/466 469/528/475 454/503/452
f 447/505/454 461/527/474 462/529/476
f 454/503/452 470/530/477 455/506/455
f 448/507/456 462/529/476 463/531/478
f 441/509/457 133/532/151 456/533/479
f 140/534/11 455/506/455 470/530/477
f 448/507/456 464/535/480 449/511/458
f 441/509/457 457/536/481 442/512/459
f 449/511/458 465/521/468 450/513/460
f 462/529/476 476/537/482 477/538/483
f 469/528/475 485/539/484 470/530/477
f 463/531/478 477/538/483 478/540/485
f 456/533/479 133/541/151 471/542/486
f 140/543/11 470/530/477 485/539/484
f 463/531/478 479/544/487 464/535/480
f 456/533/479 472/545/488 457/536/481
f 464/535/480 480/546/489 465/521/468
f 457/536/481 473/547/490 458/520/467
f 466/522/469 480/546/489 481/548/491
f 458/520/467 474/549/492 459/523/470
f 466/522/469 482/550/493 467/524/471
f 460/525/472 474/549/492 475/551/494
f 468/526/473 482/550/493 483/552/495
f 460/525/472 476/537/482 461/527/474
f 468/526/473 484/553/496 469/528/475
f 481/548/491 495/554/497 496/555/498
f 473/547/490 489/556/499 474/549/492
f 481/548/491 497/557/500 482/550/493
f 475/551/494 489/556/499 490/558/501
f 483/552/495 497/557/500 498/559/502
f 475/551/494 491/560/503 476/537/482
f 483/552/495 499/561/504 484/553/496
f 477/538/483 491/560/503 492/562/505
f 484/553/496 500/563/506 485/539/484
f 478/540/485 492/562/505 493/564/507
f 471/542/486 133/565/151 486/566/508
f 140/567/11 485/539/484 500/563/506
f 478/540/485 494/568/509 479/544/487
f 471/542/486 487/569/510 472/545/488
f 479/544/487 495/554/497 480/546/489
f 473/547/490 487/569/510 488/570/511
f 499/571/504 515/572/512 500/573/506
f 493/574/507 507/575/513 508/576/514
f 486/577/508 133/578/151 501/579/515
f 140/580/11 500/573/506 515/572/512
f 493/574/507 509/581/516 494/582/509
f 486/577/508 502/583/517 487/584/510
f 494/582/509 510/585/518 495/586/497
f 488/587/511 502/583/517 503/588/519
f 496/589/498 510/585/518 511/590/520
f 488/587/511 504/591/521 489/592/499
f 496/589/498 512/593/522 497/594/500
f 490/595/501 504/591/521 505/596/523
f 498/597/502 512/593/522 513/598/524
f 490/595/501 506/599/525 491/600/503
f 498/597/502 514/601/526 499/571/504
f 492/602/505 506/599/525 507/575/513
f 511/590/520 527/603/527 512/593/522
f 505/596/523 519/604/528 520/605/529
f 513/598/524 527/603/527 528/606/530
f 505/596/523 521/607/531 506/599/525
f 513/598/524 529/608/532 514/601/526
f 507/575/513 521/607/531 522/609/533
f 514/601/526 530/610/534 515/572/512
f 508/576/514 522/609/533 523/611/535
f 501/579/515 133/612/151 516/613/536
f 140/614/11 515/572/512 530/610/534
f 508/576/514 524/615/537 509/581/516
f 501/579/515 517/616/538 502/583/517
f 509/581/516 525/617/539 510/585/518
f 503/588/519 517/616/538 518/618/540
f 511/590/520 525/617/539 526/619/541
f 503/588/519 519/604/528 504/591/521
f 516/613/536 133/620/151 531/621/542
f 140/622/11 530/610/534 545/623/543
f 523/611/535 539/624/544 524/615/537
f 517/616/538 531/621/542 532/625/545
f 524/615/537 540/626/546 525/617/539
f 517/616/538 533/627/547 518/618/540
f 526/619/541 540/626/546 541/628/548
f 518/618/540 534/629/549 519/604/528
f 526/619/541 542/630/550 527/603/527
f 520/605/529 534/629/549 535/631/551
f 528/606/530 542/630/550 543/632/552
f 520/605/529 536/633/553 521/607/531
f 529/608/532 543/632/552 544/634/554
f 522/609/533 536/633/553 537/635/555
f 529/608/532 545/623/543 530/610/534
f 523/611/535 537/635/555 538/636/556
f 535/631/551 549/637/557 550/638/558
f 543/632/552 557/639/559 558/640/560
f 535/631/551 551/641/561 536/633/553
f 543/632/552 559/642/562 544/634/554
f 537/635/555 551/641/561 552/643/563
f 544/634/554 560/644/564 545/623/543
f 538/636/556 552/643/563 553/645/565
f 531/621/542 133/646/151 546/647/566
f 140/648/11 545/623/543 560/644/564
f 538/636/556 554/649/567 539/624/544
f 531/621/542 547/650/568 532/625/545
f 539/624/544 555/651/569 540/626/546
f 533/627/547 547/650/568 548/652/570
f 541/628/548 555/651/569 556/653/571
f 533/627/547 549/637/557 534/629/549
f 541/628/548 557/639/559 542/630/550
f 553/645/565 569/654/572 554/649/567
f 546/647/566 562/655/573 547/650/568
f 554/649/567 570/656/574 555/651/569
f 548/652/570 562/655/573 563/657/575
f 556/653/571 570/656/574 571/658/576
f 548/652/570 564/659/577 549/637/557
f 556/653/571 572/660/578 557/639/559
f 550/638/558 564/659/577 565/661/579
f 558/640/560 572/660/578 573/662/580
f 550/638/558 566/663/581 551/641/561
f 558/640/560 574/664/582 559/642/562
f 552/643/563 566/663/581 567/665/583
f 559/642/562 575/666/584 560/644/564
f 553/645/565 567/665/583 568/667/585
f 546/647/566 133/668/151 561/669/586
f 140/670/11 560/644/564 575/666/584
f 573/662/580 587/671/587 588/672/588
f 565/661/579 581/673/589 566/663/581
f 573/662/580 589/674/590 574/664/582
f 567/665/583 581/673/589 582/675/591
f 574/664/582 590/676/592 575/666/584
f 568/667/585 582/675/591 583/677/593
f 561/669/586 133/678/151 576/679/594
f 140/680/11 575/666/584 590/676/592
f 568/667/585 584/681/595 569/654/572
f 562/655/573 576/679/594 577/682/596
f 569/654/572 585/683/597 570/656/574
f 562/655/573 578/684/598 563/657/575
f 571/658/576 585/683/597 586/685/599
f 563/657/575 579/686/600 564/659/577
f 571/658/576 587/671/587 572/660/578
f 565/661/579 579/686/600 580/687/601
f 576/679/594 592/688/602 577/682/596
f 584/681/595 600/689/603 585/683/597
f 578/684/598 592/688/602 593/690/604
f 586/685/599 600/689/603 601/691/605
f 578/684/598 594/692/606 579/686/600
f 586/685/599 602/693/607 587/671/587
f 580/687/601 594/692/606 595/694/608
f 588/672/588 602/693/607 603/695/609
f 580/687/601 596/696/610 581/673/589
f 588/672/588 604/697/611 589/674/590
f 582/675/591 596/696/610 597/698/612
f 590/676/592 604/697/611 605/699/613
f 583/677/593 597/698/612 598/700/614
f 576/679/594 133/701/151 591/702/615
f 140/703/11 590/676/592 605/699/613
f 583/677/593 599/704/616 584/681/595
f 596/696/610 135/179/166 609/151/139
f 603/695/609 613/155/143 604/697/611
f 597/698/612 609/151/139 136/156/144
f 604/697/611 614/159/147 605/699/613
f 598/700/614 136/156/144 137/161/149
f 591/702/615 133/705/151 606/162/150
f 140/706/11 605/699/613 614/159/147
f 598/700/614 138/167/154 599/704/616
f 592/688/602 606/162/150 607/168/155
f 599/704/616 610/171/158 600/689/603
f 593/690/604 607/168/155 134/172/159
f 600/689/603 139/175/162 601/691/605
f 594/692/606 134/172/159 608/176/163
f 601/691/605 611/148/136 602/693/607
f 595/694/608 608/176/163 135/179/166
f 603/695/609 611/148/136 612/150/138
f 615/707/261 1185/708/617 616/709/618
f 615/707/261 621/710/619 619/711/620
f 1186/712/621 615/707/261 618/713/622
f 622/714/623 615/707/261 619/711/620
f 619/711/620 634/715/624 620/716/625
f 624/717/626 619/711/620 620/716/625
f 625/718/627 622/714/623 624/717/626
f 623/719/628 618/713/622 622/714/623
f 627/720/629 624/717/626 626/721/630
f 626/721/630 620/716/625 629/722/631
f 669/723/632 626/721/630 628/724/633
f 628/724/633 629/722/631 630/725/634
f 629/722/631 632/726/635 630/725/634
f 620/716/625 631/727/636 629/722/631
f 631/727/636 681/728/637 632/726/635
f 634/715/624 633/729/638 631/727/636
f 621/710/619 635/730/639 634/715/624
f 635/730/640 684/731/641 633/729/642
f 637/732/643 636/733/644 635/730/640
f 616/709/618 637/732/645 621/710/619
f 639/734/646 638/735/647 637/732/643
f 616/709/618 640/736/648 639/734/649
f 639/734/646 642/737/650 641/738/646
f 641/738/651 644/739/652 643/740/651
f 641/738/651 646/741/653 638/735/654
f 643/740/655 1190/742/656 645/743/657
f 643/740/655 648/744/658 646/741/659
f 638/735/654 647/745/660 636/733/661
f 646/741/659 649/746/662 647/745/663
f 648/744/658 651/747/664 649/746/662
f 645/743/657 650/748/665 648/744/658
f 651/749/664 652/750/666 692/751/667
f 650/752/665 655/753/668 652/750/666
f 645/743/657 654/754/669 653/755/507
f 654/756/669 655/753/668 653/757/507
f 656/758/670 657/759/671 655/753/668
f 652/750/666 657/759/671 660/760/672
f 658/761/673 659/762/674 657/759/674
f 660/760/675 659/762/674 662/763/676
f 692/751/667 660/760/672 661/764/677
f 661/764/678 662/763/676 663/765/679
f 663/765/680 623/719/681 625/718/682
f 662/763/683 1189/766/684 623/719/681
f 665/767/685 663/765/679 664/768/686
f 664/768/687 625/718/682 627/720/688
f 667/769/689 664/768/686 666/770/690
f 666/770/691 627/720/688 669/723/692
f 696/771/693 666/770/690 668/772/694
f 668/772/695 669/723/692 670/773/696
f 670/773/697 628/724/633 672/774/698
f 699/775/699 670/773/696 671/776/700
f 671/776/701 672/774/698 673/777/702
f 673/777/702 674/778/703 675/779/704
f 672/774/698 630/725/634 674/778/703
f 674/778/703 677/780/705 675/779/704
f 630/725/634 676/781/706 674/778/703
f 676/781/706 679/782/707 677/780/705
f 632/726/635 678/783/708 676/781/706
f 678/783/709 715/784/710 679/782/711
f 681/728/712 680/785/713 678/783/709
f 633/729/642 682/786/714 681/728/712
f 682/786/715 718/787/716 680/785/717
f 684/731/718 683/788/719 682/786/715
f 636/733/661 685/789/720 684/731/718
f 685/789/721 687/790/722 683/788/723
f 647/745/663 686/791/724 685/789/721
f 686/791/724 689/792/725 687/790/722
f 649/746/662 688/793/726 686/791/724
f 689/794/725 690/795/727 691/796/728
f 688/797/726 692/751/667 690/795/727
f 691/796/728 665/767/729 667/769/730
f 690/795/727 661/764/677 665/767/729
f 694/798/731 691/796/728 693/799/732
f 693/799/732 667/769/730 696/771/733
f 721/800/734 693/799/732 695/801/735
f 695/801/735 696/771/733 697/802/736
f 697/802/737 668/772/694 699/775/738
f 724/803/739 697/802/736 698/804/740
f 698/804/741 699/775/738 700/805/742
f 700/805/743 671/776/700 702/806/744
f 727/807/745 700/805/742 701/808/746
f 701/808/747 702/806/744 703/809/748
f 703/809/749 704/810/750 705/811/751
f 702/806/752 673/777/702 704/810/750
f 705/811/751 706/812/753 707/813/754
f 704/810/750 675/779/704 706/812/753
f 706/812/753 709/814/755 707/813/754
f 675/779/704 708/815/756 706/812/753
f 708/815/756 711/816/757 709/814/755
f 677/780/705 710/817/758 708/815/756
f 710/817/759 713/818/760 711/816/761
f 679/782/711 712/819/762 710/817/759
f 712/819/763 747/820/764 713/818/765
f 715/784/766 714/821/767 712/819/763
f 680/785/717 716/822/768 715/784/766
f 716/822/769 720/823/770 714/821/771
f 718/787/772 717/824/773 716/822/769
f 683/788/723 719/825/774 718/787/772
f 719/825/774 721/826/734 717/824/773
f 687/790/722 694/827/731 719/825/774
f 717/824/773 722/828/775 720/823/770
f 722/829/775 695/801/735 724/803/739
f 720/823/770 723/830/776 748/831/777
f 723/832/776 724/803/739 725/833/778
f 725/833/778 698/804/740 727/807/779
f 750/834/780 725/833/778 726/835/781
f 726/835/781 727/807/779 728/836/782
f 728/836/783 701/808/746 730/837/784
f 753/838/785 728/836/782 729/839/786
f 729/839/787 730/837/784 731/840/788
f 731/840/789 732/841/790 733/842/791
f 730/837/792 703/809/748 732/841/790
f 733/842/793 734/843/794 735/844/795
f 732/841/796 705/811/751 734/843/794
f 735/844/795 736/845/797 737/846/798
f 734/843/794 707/813/754 736/845/797
f 736/845/797 739/847/799 737/846/798
f 707/813/754 738/848/800 736/845/797
f 738/848/800 741/849/801 739/847/799
f 709/814/755 740/850/802 738/848/800
f 740/850/803 743/851/804 741/849/805
f 711/816/761 742/852/806 740/850/803
f 742/852/807 745/853/808 743/851/809
f 713/818/765 744/854/810 742/852/807
f 744/854/811 749/855/812 745/853/813
f 747/820/814 746/856/815 744/854/811
f 714/821/771 748/831/777 747/820/814
f 748/831/777 750/857/780 746/856/815
f 746/856/815 751/858/816 749/855/812
f 751/859/816 726/835/781 753/838/785
f 749/855/812 752/860/817 774/861/818
f 752/862/817 753/838/785 754/863/819
f 754/863/819 729/839/786 756/864/820
f 777/865/151 754/863/819 755/866/821
f 755/866/821 756/864/820 757/867/822
f 757/867/823 758/868/824 759/869/823
f 756/864/825 731/840/788 758/868/824
f 759/869/826 760/870/827 761/871/826
f 758/868/828 733/842/791 760/870/827
f 761/871/829 762/872/830 763/873/831
f 760/870/832 735/844/795 762/872/830
f 763/873/831 764/874/833 765/875/11
f 762/872/830 737/846/798 764/874/833
f 764/874/833 767/876/834 765/875/11
f 737/846/798 766/877/835 764/874/833
f 766/877/835 769/878/836 767/876/834
f 739/847/799 768/879/837 766/877/835
f 768/879/838 771/880/839 769/878/839
f 741/849/805 770/881/840 768/879/838
f 770/881/841 773/882/842 771/880/842
f 743/851/809 772/883/843 770/881/841
f 772/883/844 775/884/845 773/882/846
f 745/853/813 774/861/818 772/883/844
f 774/861/818 777/885/151 775/884/845
f 798/886/847 775/884/845 776/887/848
f 776/887/848 777/885/151 778/888/849
f 777/865/151 780/889/850 778/890/849
f 801/891/851 778/888/849 779/892/852
f 778/890/849 781/893/853 779/894/852
f 780/889/850 783/895/854 781/893/853
f 755/866/821 782/896/855 780/889/850
f 782/896/856 785/897/857 783/895/858
f 757/867/823 784/898/859 782/896/856
f 784/898/860 787/899/861 785/897/862
f 759/869/826 786/900/863 784/898/860
f 786/900/864 789/901/865 787/899/866
f 761/871/829 788/902/867 786/900/864
f 788/902/867 791/903/868 789/901/865
f 763/873/831 790/904/869 788/902/867
f 791/903/868 792/905/870 793/906/871
f 790/904/869 767/876/834 792/905/870
f 793/906/871 794/907/872 795/908/873
f 792/905/870 769/878/836 794/907/872
f 795/908/874 796/909/875 797/910/876
f 794/907/877 771/880/839 796/909/875
f 797/910/878 798/886/879 799/911/880
f 796/909/881 773/882/842 798/886/879
f 799/911/882 776/887/848 801/891/851
f 822/912/883 799/911/880 800/913/884
f 800/913/885 801/891/851 802/914/886
f 802/914/886 779/892/852 804/915/887
f 825/916/888 802/914/886 803/917/889
f 803/917/889 804/915/887 805/918/890
f 804/919/887 807/920/891 805/921/890
f 779/894/852 806/922/892 804/919/887
f 806/922/892 809/923/893 807/920/891
f 781/893/853 808/924/894 806/922/892
f 808/924/895 811/925/896 809/923/897
f 783/895/858 810/926/898 808/924/895
f 810/926/899 813/927/900 811/925/901
f 785/897/862 812/928/902 810/926/899
f 812/928/903 815/929/904 813/927/905
f 787/899/866 814/930/906 812/928/903
f 814/930/906 817/931/907 815/929/904
f 789/901/865 816/932/908 814/930/906
f 817/931/907 818/933/909 819/934/910
f 816/932/908 793/906/871 818/933/909
f 819/934/910 820/935/911 821/936/912
f 818/933/909 795/908/873 820/935/911
f 821/936/913 822/912/914 823/937/915
f 820/935/916 797/910/876 822/912/914
f 823/937/917 800/913/884 825/916/918
f 846/938/919 823/937/915 824/939/920
f 824/939/921 825/916/918 826/940/922
f 826/940/923 803/917/889 828/941/924
f 849/942/925 826/940/922 827/943/926
f 827/943/927 828/941/924 829/944/928
f 829/944/928 830/945/929 831/946/930
f 828/941/924 805/918/890 830/945/929
f 830/947/929 833/948/931 831/949/930
f 805/921/890 832/950/932 830/947/929
f 832/950/932 835/951/933 833/948/931
f 807/920/891 834/952/934 832/950/932
f 834/952/935 837/953/936 835/951/937
f 809/923/897 836/954/938 834/952/935
f 836/954/939 839/955/940 837/953/941
f 811/925/901 838/956/942 836/954/939
f 838/956/943 841/957/944 839/955/945
f 813/927/905 840/958/946 838/956/943
f 840/958/946 843/959/947 841/957/944
f 815/929/904 842/960/948 840/958/946
f 843/959/947 844/961/949 845/962/950
f 842/960/948 819/934/910 844/961/949
f 845/962/950 846/938/951 847/963/952
f 844/961/949 821/936/912 846/938/951
f 847/963/953 824/939/920 849/942/954
f 870/964/955 847/963/952 848/965/956
f 848/965/957 849/942/954 850/966/958
f 850/966/959 827/943/926 852/967/960
f 873/968/961 850/966/958 851/969/962
f 851/969/963 852/967/960 853/970/964
f 853/970/965 854/971/966 855/972/967
f 852/967/968 829/944/928 854/971/966
f 855/972/967 856/973/969 857/974/970
f 854/971/966 831/946/930 856/973/969
f 856/975/969 859/976/971 857/977/970
f 831/949/930 858/978/972 856/975/969
f 858/978/972 861/979/973 859/976/971
f 833/948/931 860/980/974 858/978/972
f 860/980/975 863/981/976 861/979/977
f 835/951/937 862/982/978 860/980/975
f 862/982/979 865/983/980 863/981/981
f 837/953/941 864/984/982 862/982/979
f 864/984/983 867/985/984 865/983/985
f 839/955/945 866/986/986 864/984/983
f 866/986/986 869/987/987 867/985/984
f 841/957/944 868/988/988 866/986/986
f 869/987/987 870/964/955 871/989/989
f 868/988/988 845/962/950 870/964/955
f 871/989/989 848/965/956 873/968/990
f 894/990/991 871/989/989 872/991/992
f 872/991/992 873/968/990 874/992/993
f 874/992/994 851/969/962 876/993/995
f 897/994/996 874/992/993 875/995/997
f 875/995/998 876/993/995 877/996/999
f 877/996/1000 878/997/1001 879/998/1002
f 876/993/1003 853/970/964 878/997/1001
f 879/998/1004 880/999/1005 881/1000/1006
f 878/997/1007 855/972/967 880/999/1005
f 881/1000/1006 882/1001/1008 883/1002/1009
f 880/999/1005 857/974/970 882/1001/1008
f 882/1003/1008 885/1004/1010 883/1005/1009
f 857/977/970 884/1006/1011 882/1003/1008
f 884/1006/1011 887/1007/1012 885/1004/1010
f 859/976/971 886/1008/1013 884/1006/1011
f 886/1008/1014 889/1009/1015 887/1007/1016
f 861/979/977 888/1010/1017 886/1008/1014
f 888/1010/1018 891/1011/1019 889/1009/1020
f 863/981/981 890/1012/1021 888/1010/1018
f 890/1012/1022 893/1013/1023 891/1011/1024
f 865/983/985 892/1014/1025 890/1012/1022
f 892/1014/1025 895/1015/1026 893/1013/1023
f 867/985/984 894/990/991 892/1014/1025
f 895/1015/1026 872/991/992 897/994/996
f 896/1016/1027 897/994/996 898/1017/1028
f 893/1013/1023 896/1016/1027 918/1018/1029
f 898/1017/1028 875/995/997 900/1019/1030
f 921/1020/507 898/1017/1028 899/1021/1031
f 899/1021/1031 900/1019/1030 901/1022/655
f 901/1022/651 902/1023/652 903/1024/651
f 900/1019/1032 877/996/999 902/1023/652
f 903/1024/646 904/1025/650 905/1026/646
f 902/1023/1033 879/998/1002 904/1025/650
f 905/1026/649 906/1027/1034 907/1028/1035
f 904/1025/1036 881/1000/1006 906/1027/1034
f 907/1028/1035 908/1029/1037 909/1030/261
f 906/1027/1034 883/1002/1009 908/1029/1037
f 908/1031/1037 911/1032/1038 909/1033/261
f 883/1005/1009 910/1034/1039 908/1031/1037
f 910/1034/1039 913/1035/1040 911/1032/1038
f 885/1004/1010 912/1036/1041 910/1034/1039
f 912/1036/1042 915/1037/684 913/1035/684
f 887/1007/1016 914/1038/1043 912/1036/1042
f 914/1038/673 917/1039/674 915/1037/674
f 889/1009/1020 916/1040/1044 914/1038/673
f 916/1040/1045 919/1041/1046 917/1039/671
f 891/1011/1024 918/1018/1029 916/1040/1045
f 918/1018/1029 921/1020/507 919/1041/1046
f 942/1042/1047 919/1043/1046 920/1044/1048
f 920/1044/1048 921/1045/507 922/1046/1049
f 921/1045/507 924/1047/1050 922/1046/1049
f 922/1046/1049 925/1048/1051 923/1049/1052
f 945/1050/1053 922/1046/1049 923/1049/1052
f 924/1047/1050 927/1051/1054 925/1048/1051
f 899/1052/1031 926/1053/1055 924/1047/1050
f 926/1053/654 929/1054/660 927/1051/661
f 901/1055/651 928/1056/653 926/1053/654
f 928/1056/643 931/1057/644 929/1054/640
f 903/1058/646 930/1059/647 928/1056/643
f 930/1059/1056 933/1060/1057 931/1057/1058
f 905/1061/649 932/1062/1059 930/1059/1056
f 932/1062/1059 935/1063/1060 933/1060/1057
f 907/1064/1035 934/1065/1061 932/1062/1059
f 935/1066/1060 936/1067/1062 937/1068/1063
f 934/1069/1061 911/1070/1038 936/1067/1062
f 937/1068/1063 938/1071/1064 939/1072/1065
f 936/1067/1062 913/1073/1040 938/1071/1064
f 939/1072/680 940/1074/681 941/1075/682
f 938/1071/683 915/1076/684 940/1074/681
f 941/1075/678 942/1042/676 943/1077/679
f 940/1074/675 917/1078/674 942/1042/676
f 943/1077/1066 920/1044/1048 945/1050/1053
f 966/1079/685 943/1077/679 944/1080/686
f 944/1080/1067 945/1050/1053 946/1081/1068
f 946/1081/1068 923/1049/1052 948/1082/1069
f 969/1083/1070 946/1081/1068 947/1084/1071
f 947/1084/1071 948/1082/1069 949/1085/1072
f 948/1082/1069 951/1086/1073 949/1085/1072
f 923/1049/1052 950/1087/1074 948/1082/1069
f 950/1087/1074 953/1088/1075 951/1086/1073
f 925/1048/1051 952/1089/1076 950/1087/1074
f 952/1089/718 955/1090/719 953/1088/715
f 927/1051/661 954/1091/720 952/1089/718
f 954/1091/642 957/1092/714 955/1090/712
f 929/1054/640 956/1093/641 954/1091/642
f 956/1093/1077 959/1094/1078 957/1092/1079
f 931/1057/1058 958/1095/1080 956/1093/1077
f 958/1095/1080 961/1096/1081 959/1094/1078
f 933/1060/1057 960/1097/1082 958/1095/1080
f 961/1098/1081 962/1099/1083 963/1100/1084
f 960/1101/1082 937/1068/1063 962/1099/1083
f 963/1100/1084 964/1102/1085 965/1103/1086
f 962/1099/1083 939/1072/1065 964/1102/1085
f 965/1103/691 966/1079/688 967/1104/692
f 964/1102/687 941/1075/682 966/1079/688
f 967/1104/689 944/1080/686 969/1083/690
f 990/1105/695 967/1104/692 968/1106/696
f 968/1106/693 969/1083/690 970/1107/694
f 970/1107/1087 947/1084/1071 972/1108/1088
f 993/1109/737 970/1107/694 971/1110/738
f 971/1110/1089 972/1108/1088 973/1111/1090
f 973/1111/1090 974/1112/1091 975/1113/1092
f 972/1108/1088 949/1085/1072 974/1112/1091
f 974/1112/1091 977/1114/1093 975/1113/1092
f 949/1085/1072 976/1115/1094 974/1112/1091
f 976/1115/1094 979/1116/1095 977/1114/1093
f 951/1086/1073 978/1117/1096 976/1115/1094
f 978/1117/717 981/1118/768 979/1116/766
f 953/1088/715 980/1119/716 978/1117/717
f 980/1119/709 983/1120/710 981/1118/711
f 955/1090/712 982/1121/713 980/1119/709
f 982/1121/1097 985/1122/1098 983/1120/1099
f 957/1092/1079 984/1123/1100 982/1121/1097
f 984/1123/1100 987/1124/1101 985/1122/1098
f 959/1094/1078 986/1125/1102 984/1123/1100
f 987/1126/1101 988/1127/1103 989/1128/1104
f 986/1129/1102 963/1100/1084 988/1127/1103
f 989/1128/1104 990/1105/1105 991/1130/1106
f 988/1127/1103 965/1103/1086 990/1105/1105
f 991/1130/699 968/1106/696 993/1109/700
f 1014/1131/1107 991/1130/1106 992/1132/1108
f 992/1132/743 993/1109/700 994/1133/744
f 994/1133/741 971/1110/738 996/1134/742
f 1017/1135/747 994/1133/744 995/1136/748
f 995/1136/745 996/1134/742 997/1137/746
f 997/1137/1109 998/1138/1110 999/1139/1111
f 996/1134/1112 973/1111/1090 998/1138/1110
f 999/1139/1111 1000/1140/1113 1001/1141/1114
f 998/1138/1110 975/1113/1092 1000/1140/1113
f 1000/1140/1113 1003/1142/1115 1001/1141/1114
f 975/1113/1092 1002/1143/1116 1000/1140/1113
f 1002/1143/1116 1005/1144/1117 1003/1142/1115
f 977/1114/1093 1004/1145/1118 1002/1143/1116
f 1004/1145/763 1007/1146/764 1005/1144/765
f 979/1116/766 1006/1147/767 1004/1145/763
f 1006/1147/759 1009/1148/760 1007/1146/761
f 981/1118/711 1008/1149/762 1006/1147/759
f 1008/1149/1119 1011/1150/1120 1009/1148/1121
f 983/1120/1099 1010/1151/1122 1008/1149/1119
f 1010/1151/1122 1013/1152/1123 1011/1150/1120
f 985/1122/1098 1012/1153/1124 1010/1151/1122
f 1013/1154/1123 1014/1131/1107 1015/1155/1125
f 1012/1156/1124 989/1128/1104 1014/1131/1107
f 1015/1155/1125 992/1132/1108 1017/1135/1126
f 1038/1157/1127 1015/1155/1125 1016/1158/1128
f 1016/1158/1128 1017/1135/1126 1018/1159/1129
f 1018/1159/792 995/1136/748 1020/1160/790
f 1041/1161/1130 1018/1159/1129 1019/1162/1131
f 1019/1162/789 1020/1160/790 1021/1163/791
f 1021/1163/787 1022/1164/784 1023/1165/788
f 1020/1160/783 997/1137/746 1022/1164/784
f 1023/1165/1132 1024/1166/1133 1025/1167/1134
f 1022/1164/1135 999/1139/1111 1024/1166/1133
f 1025/1167/1134 1026/1168/1136 1027/1169/1137
f 1024/1166/1133 1001/1141/1114 1026/1168/1136
f 1026/1168/1136 1029/1170/1138 1027/1169/1137
f 1001/1141/1114 1028/1171/1139 1026/1168/1136
f 1028/1171/1139 1031/1172/1140 1029/1170/1138
f 1003/1142/1115 1030/1173/1141 1028/1171/1139
f 1030/1173/807 1033/1174/808 1031/1172/809
f 1005/1144/765 1032/1175/810 1030/1173/807
f 1032/1175/803 1035/1176/804 1033/1174/805
f 1007/1146/761 1034/1177/806 1032/1175/803
f 1034/1177/1142 1037/1178/1143 1035/1176/1144
f 1009/1148/1121 1036/1179/1145 1034/1177/1142
f 1036/1179/1145 1039/1180/1146 1037/1178/1143
f 1011/1150/1120 1038/1181/1127 1036/1179/1145
f 1039/1182/1146 1016/1158/1128 1041/1161/1130
f 1037/1178/1143 1040/1183/1147 1062/1184/1148
f 1040/1185/1147 1041/1161/1130 1042/1186/1149
f 1042/1186/1149 1019/1162/1131 1044/1187/1150
f 1065/1188/11 1042/1186/1149 1043/1189/1151
f 1043/1189/1151 1044/1187/1150 1045/1190/829
f 1045/1190/826 1046/1191/827 1047/1192/826
f 1044/1187/828 1021/1163/791 1046/1191/827
f 1047/1192/823 1048/1193/824 1049/1194/823
f 1046/1191/825 1023/1165/788 1048/1193/824
f 1049/1194/822 1050/1195/1152 1051/1196/1153
f 1048/1193/1154 1025/1167/1134 1050/1195/1152
f 1051/1196/1153 1052/1197/1155 1053/1198/151
f 1050/1195/1152 1027/1169/1137 1052/1197/1155
f 1052/1197/1155 1055/1199/1156 1053/1198/151
f 1027/1169/1137 1054/1200/1157 1052/1197/1155
f 1054/1200/1157 1057/1201/846 1055/1199/1156
f 1029/1170/1138 1056/1202/1158 1054/1200/1157
f 1056/1202/841 1059/1203/842 1057/1201/842
f 1031/1172/809 1058/1204/843 1056/1202/841
f 1058/1204/838 1061/1205/839 1059/1203/839
f 1033/1174/805 1060/1206/840 1058/1204/838
f 1060/1206/1159 1063/1207/1160 1061/1205/836
f 1035/1176/1144 1062/1184/1148 1060/1206/1159
f 1062/1184/1148 1065/1208/11 1063/1207/1160
f 1086/1209/1161 1063/1207/1160 1064/1210/1162
f 1064/1210/1162 1065/1208/11 1066/1211/1163
f 1065/1188/11 1068/1212/1164 1066/1213/1163
f 1089/1214/1165 1066/1211/1163 1067/1215/1166
f 1066/1213/1163 1069/1216/1167 1067/1217/1166
f 1068/1212/1164 1071/1218/1168 1069/1216/1167
f 1043/1189/1151 1070/1219/1169 1068/1212/1164
f 1070/1219/860 1073/1220/861 1071/1218/862
f 1045/1190/826 1072/1221/863 1070/1219/860
f 1072/1221/856 1075/1222/857 1073/1220/858
f 1047/1192/823 1074/1223/859 1072/1221/856
f 1074/1223/1170 1077/1224/1171 1075/1222/1172
f 1049/1194/822 1076/1225/1173 1074/1223/1170
f 1076/1225/1173 1079/1226/1174 1077/1224/1171
f 1051/1196/1153 1078/1227/1175 1076/1225/1173
f 1079/1226/1174 1080/1228/1176 1081/1229/1177
f 1078/1227/1175 1055/1199/1156 1080/1228/1176
f 1081/1229/1177 1082/1230/1178 1083/1231/1179
f 1080/1228/1176 1057/1201/846 1082/1230/1178
f 1083/1231/878 1084/1232/879 1085/1233/880
f 1082/1230/881 1059/1203/842 1084/1232/879
f 1085/1233/874 1086/1209/875 1087/1234/876
f 1084/1232/877 1061/1205/839 1086/1209/875
f 1087/1234/1180 1064/1210/1162 1089/1214/1165
f 1110/1235/916 1087/1234/876 1088/1236/914
f 1088/1236/1181 1089/1214/1165 1090/1237/1182
f 1090/1237/1182 1067/1215/1166 1092/1238/1183
f 1113/1239/1184 1090/1237/1182 1091/1240/1185
f 1091/1240/1185 1092/1238/1183 1093/1241/1186
f 1092/1242/1183 1095/1243/1187 1093/1244/1186
f 1067/1217/1166 1094/1245/1188 1092/1242/1183
f 1094/1245/1188 1097/1246/1189 1095/1243/1187
f 1069/1216/1167 1096/1247/1190 1094/1245/1188
f 1096/1247/899 1099/1248/900 1097/1246/901
f 1071/1218/862 1098/1249/902 1096/1247/899
f 1098/1249/895 1101/1250/896 1099/1248/897
f 1073/1220/858 1100/1251/898 1098/1249/895
f 1100/1251/1191 1103/1252/1192 1101/1250/1193
f 1075/1222/1172 1102/1253/1194 1100/1251/1191
f 1102/1253/1194 1105/1254/1195 1103/1252/1192
f 1077/1224/1171 1104/1255/1196 1102/1253/1194
f 1105/1254/1195 1106/1256/1197 1107/1257/1198
f 1104/1255/1196 1081/1229/1177 1106/1256/1197
f 1107/1257/1198 1108/1258/1199 1109/1259/1200
f 1106/1256/1197 1083/1231/1179 1108/1258/1199
f 1109/1259/917 1110/1235/884 1111/1260/918
f 1108/1258/883 1085/1233/880 1110/1235/884
f 1111/1260/913 1088/1236/914 1113/1239/915
f 1134/1261/921 1111/1260/918 1112/1262/922
f 1112/1262/919 1113/1239/915 1114/1263/920
f 1114/1263/1201 1091/1240/1185 1116/1264/1202
f 1137/1265/953 1114/1263/920 1115/1266/954
f 1115/1266/1203 1116/1264/1202 1117/1267/1204
f 1117/1267/1204 1118/1268/1205 1119/1269/1206
f 1116/1264/1202 1093/1241/1186 1118/1268/1205
f 1118/1270/1205 1121/1271/1207 1119/1272/1206
f 1093/1244/1186 1120/1273/1208 1118/1270/1205
f 1120/1273/1208 1123/1274/1209 1121/1271/1207
f 1095/1243/1187 1122/1275/1210 1120/1273/1208
f 1122/1275/939 1125/1276/940 1123/1274/941
f 1097/1246/901 1124/1277/942 1122/1275/939
f 1124/1277/935 1127/1278/936 1125/1276/937
f 1099/1248/897 1126/1279/938 1124/1277/935
f 1126/1279/1211 1129/1280/1212 1127/1278/1213
f 1101/1250/1193 1128/1281/1214 1126/1279/1211
f 1128/1281/1214 1131/1282/1215 1129/1280/1212
f 1103/1252/1192 1130/1283/1216 1128/1281/1214
f 1131/1282/1215 1132/1284/1217 1133/1285/1218
f 1130/1283/1216 1107/1257/1198 1132/1284/1217
f 1133/1285/1218 1134/1261/1219 1135/1286/1220
f 1132/1284/1217 1109/1259/1200 1134/1261/1219
f 1135/1286/925 1112/1262/922 1137/1265/926
f 1158/1287/1221 1135/1286/1220 1136/1288/1222
f 1136/1288/959 1137/1265/926 1138/1289/960
f 1138/1289/957 1115/1266/954 1140/1290/958
f 1161/1291/963 1138/1289/960 1139/1292/964
f 1139/1292/961 1140/1290/958 1141/1293/962
f 1141/1293/1223 1142/1294/1224 1143/1295/1225
f 1140/1290/1226 1117/1267/1204 1142/1294/1224
f 1143/1295/1225 1144/1296/1227 1145/1297/1228
f 1142/1294/1224 1119/1269/1206 1144/1296/1227
f 1144/1298/1227 1147/1299/1229 1145/1300/1228
f 1119/1272/1206 1146/1301/1230 1144/1298/1227
f 1146/1301/1230 1149/1302/1231 1147/1299/1229
f 1121/1271/1207 1148/1303/1232 1146/1301/1230
f 1148/1303/979 1151/1304/980 1149/1302/981
f 1123/1274/941 1150/1305/982 1148/1303/979
f 1150/1305/975 1153/1306/976 1151/1304/977
f 1125/1276/937 1152/1307/978 1150/1305/975
f 1152/1307/1233 1155/1308/1234 1153/1306/1235
f 1127/1278/1213 1154/1309/1236 1152/1307/1233
f 1154/1309/1236 1157/1310/1237 1155/1308/1234
f 1129/1280/1212 1156/1311/1238 1154/1309/1236
f 1157/1310/1237 1158/1287/1221 1159/1312/1239
f 1156/1311/1238 1133/1285/1218 1158/1287/1221
f 1159/1312/1239 1136/1288/1222 1161/1291/1240
f 1182/1313/1241 1159/1312/1239 1160/1314/1242
f 1160/1314/1242 1161/1291/1240 1162/1315/1243
f 1162/1315/1003 1139/1292/964 1164/1316/1001
f 1184/1317/1244 1162/1315/1243 1163/1318/1245
f 1163/1318/1000 1164/1316/1001 1165/1319/1002
f 1165/1319/998 1166/1320/995 1167/1321/999
f 1164/1316/994 1141/1293/962 1166/1320/995
f 1167/1321/1246 1168/1322/1247 1169/1323/1248
f 1166/1320/1249 1143/1295/1225 1168/1322/1247
f 1169/1323/1248 1170/1324/1250 1171/1325/1251
f 1168/1322/1247 1145/1297/1228 1170/1324/1250
f 1170/1326/1250 1173/1327/1252 1171/1328/1251
f 1145/1300/1228 1172/1329/1253 1170/1326/1250
f 1172/1329/1253 1175/1330/1254 1173/1327/1252
f 1147/1299/1229 1174/1331/1255 1172/1329/1253
f 1174/1331/1018 1177/1332/1019 1175/1330/1020
f 1149/1302/981 1176/1333/1021 1174/1331/1018
f 1176/1333/1014 1179/1334/1015 1177/1332/1016
f 1151/1304/977 1178/1335/1017 1176/1333/1014
f 1178/1335/1256 1181/1336/1257 1179/1334/1258
f 1153/1306/1235 1180/1337/1259 1178/1335/1256
f 1180/1337/1259 1183/1338/1260 1181/1336/1257
f 1155/1308/1234 1182/1313/1241 1180/1337/1259
f 1183/1338/1260 1160/1314/1242 1184/1317/1244
f 617/1339/1261 1184/1317/1244 1185/708/617
f 1181/1336/1257 617/1339/1261 1186/712/621
f 1185/708/617 1163/1318/1245 640/736/648
f 1179/1334/1258 1186/712/621 1187/1340/1262
f 1187/1340/1262 618/713/622 1189/766/1040
f 1188/1341/1042 1189/766/684 659/762/684
f 1177/1332/1016 1187/1340/1043 1188/1341/1042
f 1175/1330/1020 1188/1341/1044 658/761/673
f 1173/1327/1252 658/761/1263 656/758/670
f 1171/1328/1251 656/758/670 654/756/669
f 1190/742/656 1171/1325/1251 654/754/669
f 644/739/1264 1169/1323/1248 1190/742/656
f 642/737/1032 1167/1321/999 644/739/652
f 640/736/1033 1165/1319/1002 642/737/650
f 1193/1342/1265 1192/1343/1265 1191/1344/1265
f 1195/1345/11 1191/1346/11 1192/1347/11
f 1196/1348/390 1191/1349/390 1194/1350/390
f 1197/1351/1266 1194/1350/1266 1195/1345/1266
f 1198/1352/151 1196/1348/151 1197/1351/151
f 1198/1353/149 1195/1345/149 1192/1343/149
f 1201/1354/1267 1200/1355/1267 1199/1356/1267
f 1203/1357/151 1199/1358/151 1200/1359/151
f 1204/1360/390 1199/1361/390 1202/1362/390
f 1205/1363/1268 1202/1362/1268 1203/1357/1268
f 1206/1364/11 1204/1360/11 1205/1363/11
f 1206/1365/149 1203/1357/149 1200/1355/149
f 3/1/1 34/35/35 2/2/2
f 32/4/4 4/7/7 1/3/3
f 3/1/1 1/3/3 5/5/5
f 5/5/5 1/3/3 4/7/7
f 7/9/9 58/60/60 6/6/6
f 5/5/5 8/8/8 9/10/10
f 18/25/22 16/1366/11 14/1367/11
f 14/1367/11 12/1368/11 10/11/11
f 10/11/11 9/1369/11 8/1370/11
f 8/1370/11 4/7/11 32/4/11
f 32/4/11 30/1371/11 28/33/11
f 28/33/11 26/30/11 24/12/11
f 24/12/11 21/23/22 18/25/22
f 18/25/22 14/1367/11 10/11/11
f 10/11/11 8/1370/11 32/4/11
f 32/4/11 28/33/11 24/12/11
f 24/12/11 18/25/22 10/11/11
f 9/10/10 10/14/13 11/13/12
f 10/14/13 12/1372/1269 13/15/14
f 13/15/14 12/1372/1269 14/16/15
f 14/16/15 16/20/19 17/18/17
f 20/19/18 17/18/17 16/20/19
f 19/22/21 131/81/76 20/19/18
f 21/23/22 22/26/23 19/24/23
f 22/26/24 21/23/28 23/27/25
f 25/29/27 23/27/25 21/23/28
f 25/29/27 24/12/29 26/30/30
f 26/30/30 28/33/33 29/32/32
f 28/33/33 30/1371/1270 31/34/34
f 31/34/34 30/1371/1270 32/4/4
f 34/35/35 33/38/38 31/34/34
f 31/34/34 33/38/38 36/36/36
f 34/35/35 57/45/45 35/37/37
f 33/38/38 35/37/37 38/39/39
f 29/32/32 36/36/36 37/40/40
f 37/40/40 36/36/36 38/39/39
f 39/41/41 38/39/39 40/42/42
f 41/44/44 40/42/42 35/37/37
f 44/46/46 42/43/43 40/42/42
f 43/47/47 42/43/43 44/46/46
f 130/49/49 39/41/41 42/43/43
f 45/48/48 44/46/46 46/50/50
f 44/46/46 41/44/44 48/52/52
f 47/51/51 46/50/50 49/53/53
f 46/50/50 48/52/52 52/55/55
f 49/53/53 51/57/57 132/56/56
f 52/55/55 53/59/59 51/57/57
f 54/58/58 55/65/63 53/59/59
f 48/52/52 56/62/61 54/58/58
f 58/60/60 55/64/63 54/61/58
f 56/62/61 3/1/1 6/6/6
f 56/62/61 57/45/45 34/35/35
f 48/52/52 41/44/44 57/45/45
f 58/60/60 60/68/66 59/63/62
f 55/65/63 59/69/62 62/66/64
f 69/67/65 61/78/67 59/63/62
f 63/71/68 62/66/64 61/70/67
f 51/57/57 53/59/59 62/66/64
f 64/73/70 63/71/68 65/72/69
f 51/57/57 63/71/68 64/73/70
f 66/75/71 65/1373/69 67/76/72
f 67/76/72 65/1373/69 61/78/67
f 68/77/73 67/76/72 15/17/16
f 67/76/72 69/67/65 13/15/14
f 13/15/14 69/67/65 60/68/66
f 68/77/73 17/18/17 20/19/18
f 66/75/71 68/77/73 70/79/74
f 131/81/76 71/82/77 70/79/74
f 71/82/77 73/97/84 72/80/75
f 72/83/75 73/90/84 76/84/78
f 64/73/70 66/74/71 72/83/75
f 74/85/79 76/84/78 77/86/80
f 132/56/56 64/73/70 74/85/79
f 77/86/80 76/84/78 78/88/82
f 73/90/84 81/1374/87 78/88/82
f 79/91/83 78/95/82 80/92/85
f 71/82/77 82/1375/89 81/96/87
f 84/98/88 80/92/85 81/94/87
f 83/100/90 82/1375/89 71/82/77
f 85/101/91 84/98/88 82/99/89
f 86/103/92 84/98/88 85/101/91
f 86/103/92 89/93/86 80/92/85
f 87/105/94 86/103/92 88/104/93
f 90/107/96 89/93/86 86/103/92
f 91/108/97 79/91/83 89/93/86
f 90/107/96 87/105/94 95/109/98
f 91/108/97 90/107/96 92/110/99
f 92/110/99 94/118/107 113/112/101
f 97/113/102 94/118/107 92/110/99
f 98/114/103 97/113/102 95/109/98
f 87/105/94 128/106/95 96/115/104
f 100/116/105 99/120/109 97/113/102
f 97/113/102 99/120/109 102/117/106
f 119/119/108 101/121/110 99/120/109
f 101/121/110 104/123/112 102/117/106
f 94/118/107 102/117/106 103/122/111
f 107/124/113 105/126/115 104/123/112
f 108/125/114 103/122/111 104/123/112
f 106/127/116 105/126/115 107/124/113
f 109/129/118 108/125/114 105/126/115
f 110/130/119 108/125/114 109/129/118
f 110/130/119 113/112/101 103/122/111
f 111/132/121 110/130/119 112/131/120
f 93/111/100 113/112/101 110/130/119
f 114/133/122 112/131/120 45/48/48
f 112/131/120 109/129/118 43/47/47
f 115/134/123 116/135/124 111/132/121
f 50/54/54 115/134/123 114/133/122
f 75/87/81 77/86/80 116/135/124
f 50/54/54 132/56/56 75/87/81
f 77/86/80 79/89/83 91/136/97
f 116/135/124 91/136/97 93/111/100
f 109/129/118 106/127/116 130/49/49
f 117/128/117 107/124/113 118/28/26
f 107/124/113 101/121/110 119/119/108
f 120/137/125 22/26/24 118/28/26
f 121/138/126 120/137/125 119/119/108
f 120/137/127 121/138/128 123/139/128
f 22/26/23 120/137/127 122/141/127
f 123/139/129 85/101/91 83/102/90
f 122/142/130 83/100/90 131/81/76
f 124/143/131 88/104/93 85/101/91
f 123/139/128 121/138/128 126/144/132
f 125/145/133 128/106/95 88/104/93
f 126/144/132 127/146/134 125/145/133
f 127/146/134 126/144/132 98/114/103
f 126/144/132 121/138/126 100/116/105
f 96/115/104 128/106/95 125/145/133
f 117/128/117 23/27/25 25/29/27
f 106/127/116 117/128/117 129/147/135
f 27/31/31 37/40/40 129/147/135
f 37/40/40 39/41/41 130/49/49
f 11/13/12 60/68/66 58/60/60
f 611/148/136 152/178/165 153/149/137
f 609/151/139 135/179/166 145/152/140
f 612/150/138 153/149/137 154/154/142
f 136/156/144 609/151/139 146/153/141
f 613/155/143 154/154/142 155/158/146
f 136/156/144 147/157/145 148/160/148
f 137/161/149 148/160/148 149/166/153
f 607/168/155 606/162/150 141/164/152
f 138/167/154 149/166/153 150/170/157
f 134/172/159 607/168/155 142/169/156
f 610/171/158 150/170/157 151/174/161
f 608/176/163 134/172/159 143/173/160
f 139/175/162 151/174/161 152/178/165
f 135/179/166 608/176/163 144/177/164
f 151/174/161 166/195/180 167/180/167
f 144/177/164 159/196/181 160/181/168
f 153/149/137 152/178/165 167/180/167
f 145/152/140 160/181/168 161/183/170
f 154/154/142 153/149/137 168/182/169
f 147/157/145 146/153/141 161/183/170
f 154/154/142 169/184/171 170/186/173
f 147/157/145 162/185/172 163/187/174
f 148/160/148 163/187/174 164/191/176
f 141/164/152 156/189/175 157/192/177
f 149/166/153 164/191/176 165/193/178
f 142/169/156 157/192/177 158/194/179
f 150/170/157 165/193/178 166/195/180
f 143/173/160 158/194/179 159/196/181
f 164/191/176 163/187/174 178/201/184
f 156/189/175 171/198/182 172/203/186
f 164/191/176 179/202/185 180/204/187
f 157/192/177 172/203/186 173/205/188
f 166/195/180 165/193/178 180/204/187
f 158/194/179 173/205/188 174/207/190
f 167/180/167 166/195/180 181/206/189
f 159/196/181 174/207/190 175/209/192
f 168/182/169 167/180/167 182/208/191
f 160/181/168 175/209/192 176/211/194
f 168/182/169 183/210/193 184/212/195
f 161/183/170 176/211/194 177/213/196
f 169/184/171 184/212/195 185/200/183
f 162/185/172 177/213/196 178/201/184
f 174/207/190 189/229/210 190/214/197
f 182/208/191 197/230/211 198/215/198
f 175/209/192 190/214/197 191/216/199
f 183/210/193 198/215/198 199/217/200
f 177/213/196 176/211/194 191/216/199
f 184/212/195 199/217/200 200/219/202
f 178/201/184 177/213/196 192/218/201
f 178/201/184 193/220/203 194/224/205
f 171/198/182 186/222/204 187/225/206
f 179/202/185 194/224/205 195/226/207
f 172/203/186 187/225/206 188/227/208
f 181/206/189 180/204/187 195/226/207
f 173/205/188 188/227/208 189/229/210
f 181/206/189 196/228/209 197/230/211
f 193/220/203 208/244/225 209/231/212
f 186/222/204 201/246/226 202/232/213
f 194/224/205 209/231/212 210/233/214
f 187/225/206 202/232/213 203/234/215
f 196/228/209 195/226/207 210/233/214
f 188/227/208 203/234/215 204/236/217
f 196/228/209 211/235/216 212/237/218
f 190/214/197 189/229/210 204/236/217
f 197/230/211 212/237/218 213/239/220
f 190/214/197 205/238/219 206/240/221
f 199/217/200 198/215/198 213/239/220
f 192/218/201 191/216/199 206/240/221
f 199/217/200 214/241/222 215/243/224
f 193/220/203 192/218/201 207/242/223
f 212/237/218 227/263/240 228/248/227
f 205/238/219 220/264/241 221/249/228
f 213/239/220 228/248/227 229/250/229
f 207/242/223 206/240/221 221/249/228
f 215/243/224 214/241/222 229/250/229
f 208/244/225 207/242/223 222/251/230
f 208/244/225 223/253/232 224/257/234
f 201/246/226 216/255/233 217/258/235
f 209/231/212 224/257/234 225/259/236
f 202/232/213 217/258/235 218/260/237
f 211/235/216 210/233/214 225/259/236
f 203/234/215 218/260/237 219/262/239
f 211/235/216 226/261/238 227/263/240
f 205/238/219 204/236/217 219/262/239
f 224/257/234 239/280/255 240/265/242
f 217/258/235 232/281/256 233/266/243
f 226/261/238 225/259/236 240/265/242
f 218/260/237 233/266/243 234/268/245
f 226/261/238 241/267/244 242/269/246
f 220/264/241 219/262/239 234/268/245
f 228/248/227 227/263/240 242/269/246
f 220/264/241 235/270/247 236/272/249
f 229/250/229 228/248/227 243/271/248
f 222/251/230 221/249/228 236/272/249
f 229/250/229 244/273/250 245/275/252
f 223/253/232 222/251/230 237/274/251
f 223/253/232 238/276/253 239/280/255
f 217/258/235 216/255/233 231/278/254
f 243/271/248 258/298/271 259/282/257
f 237/274/251 236/272/249 251/283/258
f 244/273/250 259/282/257 260/285/260
f 238/276/253 237/274/251 252/284/259
f 238/276/253 253/286/261 254/290/263
f 232/281/256 231/278/254 246/288/262
f 239/280/255 254/290/263 255/292/265
f 232/281/256 247/291/264 248/293/266
f 241/267/244 240/265/242 255/292/265
f 233/266/243 248/293/266 249/295/268
f 241/267/244 256/294/267 257/296/269
f 235/270/247 234/268/245 249/295/268
f 243/271/248 242/269/246 257/296/269
f 235/270/247 250/297/270 251/283/258
f 247/291/264 262/315/286 263/299/272
f 256/294/267 255/292/265 270/300/273
f 248/293/266 263/299/272 264/302/275
f 256/294/267 271/301/274 272/303/276
f 250/297/270 249/295/268 264/302/275
f 258/298/271 257/296/269 272/303/276
f 250/297/270 265/304/277 266/306/279
f 258/298/271 273/305/278 274/307/280
f 252/284/259 251/283/258 266/306/279
f 259/282/257 274/307/280 275/309/282
f 253/286/261 252/284/259 267/308/281
f 253/286/261 268/310/283 269/314/285
f 246/288/262 261/312/284 262/315/286
f 254/290/263 269/314/285 270/300/273
f 267/308/281 266/306/279 281/316/287
f 275/309/282 274/307/280 289/318/289
f 268/310/283 267/308/281 282/317/288
f 268/310/283 283/320/291 284/324/293
f 261/312/284 276/322/292 277/325/294
f 269/314/285 284/324/293 285/326/295
f 263/299/272 262/315/286 277/325/294
f 271/301/274 270/300/273 285/326/295
f 263/299/272 278/327/296 279/329/298
f 271/301/274 286/328/297 287/330/299
f 265/304/277 264/302/275 279/329/298
f 273/305/278 272/303/276 287/330/299
f 265/304/277 280/331/300 281/316/287
f 273/305/278 288/332/301 289/318/289
f 286/328/297 285/326/295 300/333/302
f 278/327/296 293/349/316 294/335/304
f 286/328/297 301/334/303 302/336/305
f 280/331/300 279/329/298 294/335/304
f 288/332/301 287/330/299 302/336/305
f 280/331/300 295/337/306 296/339/308
f 288/332/301 303/338/307 304/340/309
f 282/317/288 281/316/287 296/339/308
f 289/318/289 304/340/309 305/342/311
f 283/320/291 282/317/288 297/341/310
f 283/320/291 298/343/312 299/347/314
f 276/322/292 291/345/313 292/348/315
f 284/324/293 299/347/314 300/333/302
f 278/327/296 277/325/294 292/348/315
f 305/342/311 304/340/309 319/350/317
f 298/343/312 297/341/310 312/352/319
f 298/343/312 313/353/320 314/357/322
f 291/345/313 306/355/321 307/358/323
f 299/347/314 314/357/322 315/359/324
f 292/348/315 307/358/323 308/360/325
f 301/334/303 300/333/302 315/359/324
f 293/349/316 308/360/325 309/362/327
f 301/334/303 316/361/326 317/363/328
f 295/337/306 294/335/304 309/362/327
f 302/336/305 317/363/328 318/365/330
f 295/337/306 310/364/329 311/366/331
f 304/340/309 303/338/307 318/365/330
f 297/341/310 296/339/308 311/366/331
f 308/360/325 323/382/345 324/367/332
f 316/361/326 331/383/346 332/368/333
f 310/364/329 309/362/327 324/367/332
f 318/365/330 317/363/328 332/368/333
f 310/364/329 325/369/334 326/371/336
f 318/365/330 333/370/335 334/372/337
f 312/352/319 311/366/331 326/371/336
f 319/350/317 334/372/337 335/374/339
f 313/353/320 312/352/319 327/373/338
f 313/353/320 328/375/340 329/379/342
f 307/358/323 306/355/321 321/377/341
f 314/357/322 329/379/342 330/381/344
f 308/360/325 307/358/323 322/380/343
f 316/361/326 315/359/324 330/381/344
f 328/375/340 327/373/338 342/384/347
f 328/375/340 343/385/348 344/390/351
f 321/377/341 336/387/349 337/391/352
f 329/379/342 344/390/351 345/392/353
f 322/380/343 337/391/352 338/393/354
f 331/383/346 330/381/344 345/392/353
f 323/382/345 338/393/354 339/395/356
f 331/383/346 346/394/355 347/396/357
f 325/369/334 324/367/332 339/395/356
f 333/370/335 332/368/333 347/396/357
f 325/369/334 340/397/358 341/399/360
f 333/370/335 348/398/359 349/400/361
f 327/373/338 326/371/336 341/399/360
f 334/372/337 349/400/361 350/389/350
f 346/394/355 361/417/376 362/401/362
f 340/397/358 339/395/356 354/402/363
f 348/398/359 347/396/357 362/401/362
f 340/397/358 355/403/364 356/405/366
f 348/398/359 363/404/365 364/406/367
f 342/384/347 341/399/360 356/405/366
f 349/400/361 364/406/367 365/408/369
f 343/385/348 342/384/347 357/407/368
f 343/385/348 358/409/370 359/413/372
f 336/387/349 351/411/371 352/414/373
f 344/390/351 359/413/372 360/415/374
f 337/391/352 352/414/373 353/416/375
f 346/394/355 345/392/353 360/415/374
f 338/393/354 353/416/375 354/402/363
f 358/409/370 373/432/390 374/420/378
f 351/411/371 366/434/391 367/421/379
f 359/413/372 374/420/378 375/422/380
f 353/416/375 352/414/373 367/421/379
f 361/417/376 360/415/374 375/422/380
f 353/416/375 368/423/381 369/425/383
f 361/417/376 376/424/382 377/426/384
f 355/403/364 354/402/363 369/425/383
f 363/404/365 362/401/362 377/426/384
f 355/403/364 370/427/385 371/429/387
f 363/404/365 378/428/386 379/430/388
f 357/407/368 356/405/366 371/429/387
f 365/408/369 364/406/367 379/430/388
f 358/409/370 357/407/368 372/431/389
f 378/428/386 377/426/384 392/435/392
f 370/427/385 385/451/406 386/437/394
f 378/428/386 393/436/393 394/438/395
f 372/431/389 371/429/387 386/437/394
f 379/430/388 394/438/395 395/440/397
f 373/432/390 372/431/389 387/439/396
f 373/432/390 388/441/398 389/445/400
f 366/434/391 381/443/399 382/446/401
f 374/420/378 389/445/400 390/447/402
f 367/421/379 382/446/401 383/448/403
f 376/424/382 375/422/380 390/447/402
f 368/423/381 383/448/403 384/450/405
f 376/424/382 391/449/404 392/435/392
f 370/427/385 369/425/383 384/450/405
f 382/446/401 381/443/399 396/452/407
f 389/445/400 404/468/421 405/454/409
f 382/446/401 397/453/408 398/455/410
f 391/449/404 390/447/402 405/454/409
f 383/448/403 398/455/410 399/457/412
f 391/449/404 406/456/411 407/458/413
f 385/451/406 384/450/405 399/457/412
f 393/436/393 392/435/392 407/458/413
f 385/451/406 400/459/414 401/461/416
f 393/436/393 408/460/415 409/462/417
f 387/439/396 386/437/394 401/461/416
f 394/438/395 409/462/417 410/464/419
f 388/441/398 387/439/396 402/463/418
f 388/441/398 403/465/420 404/468/421
f 400/459/414 415/484/435 416/469/422
f 408/460/415 423/485/436 424/470/423
f 402/463/418 401/461/416 416/469/422
f 410/464/419 409/462/417 424/470/423
f 403/465/420 402/463/418 417/471/424
f 403/465/420 418/473/426 419/477/428
f 397/453/408 396/452/407 411/475/427
f 404/468/421 419/477/428 420/479/430
f 397/453/408 412/478/429 413/480/431
f 406/456/411 405/454/409 420/479/430
f 398/455/410 413/480/431 414/482/433
f 406/456/411 421/481/432 422/483/434
f 400/459/414 399/457/412 414/482/433
f 408/460/415 407/458/413 422/483/434
f 419/477/428 434/501/450 435/486/437
f 412/478/429 427/502/451 428/487/438
f 421/481/432 420/479/430 435/486/437
f 413/480/431 428/487/438 429/489/440
f 421/481/432 436/488/439 437/490/441
f 415/484/435 414/482/433 429/489/440
f 423/485/436 422/483/434 437/490/441
f 415/484/435 430/491/442 431/493/444
f 423/485/436 438/492/443 439/494/445
f 417/471/424 416/469/422 431/493/444
f 425/472/425 424/470/423 439/494/445
f 418/473/426 417/471/424 432/495/446
f 418/473/426 433/497/448 434/501/450
f 411/475/427 426/499/449 427/502/451
f 438/492/443 453/519/466 454/503/452
f 432/495/446 431/493/444 446/504/453
f 439/494/445 454/503/452 455/506/455
f 433/497/448 432/495/446 447/505/454
f 433/497/448 448/507/456 449/511/458
f 426/499/449 441/509/457 442/512/459
f 434/501/450 449/511/458 450/513/460
f 427/502/451 442/512/459 443/514/461
f 436/488/439 435/486/437 450/513/460
f 428/487/438 443/514/461 444/516/463
f 436/488/439 451/515/462 452/517/464
f 430/491/442 429/489/440 444/516/463
f 438/492/443 437/490/441 452/517/464
f 430/491/442 445/518/465 446/504/453
f 442/512/459 457/536/481 458/520/467
f 451/515/462 450/513/460 465/521/468
f 443/514/461 458/520/467 459/523/470
f 451/515/462 466/522/469 467/524/471
f 444/516/463 459/523/470 460/525/472
f 453/519/466 452/517/464 467/524/471
f 445/518/465 460/525/472 461/527/474
f 453/519/466 468/526/473 469/528/475
f 447/505/454 446/504/453 461/527/474
f 454/503/452 469/528/475 470/530/477
f 448/507/456 447/505/454 462/529/476
f 448/507/456 463/531/478 464/535/480
f 441/509/457 456/533/479 457/536/481
f 449/511/458 464/535/480 465/521/468
f 462/529/476 461/527/474 476/537/482
f 469/528/475 484/553/496 485/539/484
f 463/531/478 462/529/476 477/538/483
f 463/531/478 478/540/485 479/544/487
f 456/533/479 471/542/486 472/545/488
f 464/535/480 479/544/487 480/546/489
f 457/536/481 472/545/488 473/547/490
f 466/522/469 465/521/468 480/546/489
f 458/520/467 473/547/490 474/549/492
f 466/522/469 481/548/491 482/550/493
f 460/525/472 459/523/470 474/549/492
f 468/526/473 467/524/471 482/550/493
f 460/525/472 475/551/494 476/537/482
f 468/526/473 483/552/495 484/553/496
f 481/548/491 480/546/489 495/554/497
f 473/547/490 488/570/511 489/556/499
f 481/548/491 496/555/498 497/557/500
f 475/551/494 474/549/492 489/556/499
f 483/552/495 482/550/493 497/557/500
f 475/551/494 490/558/501 491/560/503
f 483/552/495 498/559/502 499/561/504
f 477/538/483 476/537/482 491/560/503
f 484/553/496 499/561/504 500/563/506
f 478/540/485 477/538/483 492/562/505
f 478/540/485 493/564/507 494/568/509
f 471/542/486 486/566/508 487/569/510
f 479/544/487 494/568/509 495/554/497
f 473/547/490 472/545/488 487/569/510
f 499/571/504 514/601/526 515/572/512
f 493/574/507 492/602/505 507/575/513
f 493/574/507 508/576/514 509/581/516
f 486/577/508 501/579/515 502/583/517
f 494/582/509 509/581/516 510/585/518
f 488/587/511 487/584/510 502/583/517
f 496/589/498 495/586/497 510/585/518
f 488/587/511 503/588/519 504/591/521
f 496/589/498 511/590/520 512/593/522
f 490/595/501 489/592/499 504/591/521
f 498/597/502 497/594/500 512/593/522
f 490/595/501 505/596/523 506/599/525
f 498/597/502 513/598/524 514/601/526
f 492/602/505 491/600/503 506/599/525
f 511/590/520 526/619/541 527/603/527
f 505/596/523 504/591/521 519/604/528
f 513/598/524 512/593/522 527/603/527
f 505/596/523 520/605/529 521/607/531
f 513/598/524 528/606/530 529/608/532
f 507/575/513 506/599/525 521/607/531
f 514/601/526 529/608/532 530/610/534
f 508/576/514 507/575/513 522/609/533
f 508/576/514 523/611/535 524/615/537
f 501/579/515 516/613/536 517/616/538
f 509/581/516 524/615/537 525/617/539
f 503/588/519 502/583/517 517/616/538
f 511/590/520 510/585/518 525/617/539
f 503/588/519 518/618/540 519/604/528
f 523/611/535 538/636/556 539/624/544
f 517/616/538 516/613/536 531/621/542
f 524/615/537 539/624/544 540/626/546
f 517/616/538 532/625/545 533/627/547
f 526/619/541 525/617/539 540/626/546
f 518/618/540 533/627/547 534/629/549
f 526/619/541 541/628/548 542/630/550
f 520/605/529 519/604/528 534/629/549
f 528/606/530 527/603/527 542/630/550
f 520/605/529 535/631/551 536/633/553
f 529/608/532 528/606/530 543/632/552
f 522/609/533 521/607/531 536/633/553
f 529/608/532 544/634/554 545/623/543
f 523/611/535 522/609/533 537/635/555
f 535/631/551 534/629/549 549/637/557
f 543/632/552 542/630/550 557/639/559
f 535/631/551 550/638/558 551/641/561
f 543/632/552 558/640/560 559/642/562
f 537/635/555 536/633/553 551/641/561
f 544/634/554 559/642/562 560/644/564
f 538/636/556 537/635/555 552/643/563
f 538/636/556 553/645/565 554/649/567
f 531/621/542 546/647/566 547/650/568
f 539/624/544 554/649/567 555/651/569
f 533/627/547 532/625/545 547/650/568
f 541/628/548 540/626/546 555/651/569
f 533/627/547 548/652/570 549/637/557
f 541/628/548 556/653/571 557/639/559
f 553/645/565 568/667/585 569/654/572
f 546/647/566 561/669/586 562/655/573
f 554/649/567 569/654/572 570/656/574
f 548/652/570 547/650/568 562/655/573
f 556/653/571 555/651/569 570/656/574
f 548/652/570 563/657/575 564/659/577
f 556/653/571 571/658/576 572/660/578
f 550/638/558 549/637/557 564/659/577
f 558/640/560 557/639/559 572/660/578
f 550/638/558 565/661/579 566/663/581
f 558/640/560 573/662/580 574/664/582
f 552/643/563 551/641/561 566/663/581
f 559/642/562 574/664/582 575/666/584
f 553/645/565 552/643/563 567/665/583
f 573/662/580 572/660/578 587/671/587
f 565/661/579 580/687/601 581/673/589
f 573/662/580 588/672/588 589/674/590
f 567/665/583 566/663/581 581/673/589
f 574/664/582 589/674/590 590/676/592
f 568/667/585 567/665/583 582/675/591
f 568/667/585 583/677/593 584/681/595
f 562/655/573 561/669/586 576/679/594
f 569/654/572 584/681/595 585/683/597
f 562/655/573 577/682/596 578/684/598
f 571/658/576 570/656/574 585/683/597
f 563/657/575 578/684/598 579/686/600
f 571/658/576 586/685/599 587/671/587
f 565/661/579 564/659/577 579/686/600
f 576/679/594 591/702/615 592/688/602
f 584/681/595 599/704/616 600/689/603
f 578/684/598 577/682/596 592/688/602
f 586/685/599 585/683/597 600/689/603
f 578/684/598 593/690/604 594/692/606
f 586/685/599 601/691/605 602/693/607
f 580/687/601 579/686/600 594/692/606
f 588/672/588 587/671/587 602/693/607
f 580/687/601 595/694/608 596/696/610
f 588/672/588 603/695/609 604/697/611
f 582/675/591 581/673/589 596/696/610
f 590/676/592 589/674/590 604/697/611
f 583/677/593 582/675/591 597/698/612
f 583/677/593 598/700/614 599/704/616
f 596/696/610 595/694/608 135/179/166
f 603/695/609 612/150/138 613/155/143
f 597/698/612 596/696/610 609/151/139
f 604/697/611 613/155/143 614/159/147
f 598/700/614 597/698/612 136/156/144
f 598/700/614 137/161/149 138/167/154
f 592/688/602 591/702/615 606/162/150
f 599/704/616 138/167/154 610/171/158
f 593/690/604 592/688/602 607/168/155
f 600/689/603 610/171/158 139/175/162
f 594/692/606 593/690/604 134/172/159
f 601/691/605 139/175/162 611/148/136
f 595/694/608 594/692/606 608/176/163
f 603/695/609 602/693/607 611/148/136
f 615/707/261 617/1339/1261 1185/708/617
f 615/707/261 616/709/618 621/710/619
f 1186/712/621 617/1339/1261 615/707/261
f 622/714/623 618/713/622 615/707/261
f 619/711/620 621/710/619 634/715/624
f 624/717/626 622/714/623 619/711/620
f 625/718/627 623/719/628 622/714/623
f 623/719/628 1189/766/1040 618/713/622
f 627/720/629 625/718/627 624/717/626
f 626/721/630 624/717/626 620/716/625
f 669/723/632 627/720/629 626/721/630
f 628/724/633 626/721/630 629/722/631
f 629/722/631 631/727/636 632/726/635
f 620/716/625 634/715/624 631/727/636
f 631/727/636 633/729/638 681/728/637
f 634/715/624 635/730/639 633/729/638
f 621/710/619 637/732/645 635/730/639
f 635/730/640 636/733/644 684/731/641
f 637/732/643 638/735/647 636/733/644
f 616/709/618 639/734/649 637/732/645
f 639/734/646 641/738/646 638/735/647
f 616/709/618 1185/708/617 640/736/648
f 639/734/646 640/736/1033 642/737/650
f 641/738/651 642/737/1032 644/739/652
f 641/738/651 643/740/651 646/741/653
f 643/740/655 644/739/1264 1190/742/656
f 643/740/655 645/743/657 648/744/658
f 638/735/654 646/741/653 647/745/660
f 646/741/659 648/744/658 649/746/662
f 648/744/658 650/748/665 651/747/664
f 645/743/657 653/755/507 650/748/665
f 651/749/664 650/752/665 652/750/666
f 650/752/665 653/757/507 655/753/668
f 645/743/657 1190/742/656 654/754/669
f 654/756/669 656/758/670 655/753/668
f 656/758/670 658/761/1263 657/759/671
f 652/750/666 655/753/668 657/759/671
f 658/761/673 1188/1341/1044 659/762/674
f 660/760/675 657/759/674 659/762/674
f 692/751/667 652/750/666 660/760/672
f 661/764/678 660/760/675 662/763/676
f 663/765/680 662/763/683 623/719/681
f 662/763/683 659/762/684 1189/766/684
f 665/767/685 661/764/678 663/765/679
f 664/768/687 663/765/680 625/718/682
f 667/769/689 665/767/685 664/768/686
f 666/770/691 664/768/687 627/720/688
f 696/771/693 667/769/689 666/770/690
f 668/772/695 666/770/691 669/723/692
f 670/773/697 669/723/632 628/724/633
f 699/775/699 668/772/695 670/773/696
f 671/776/701 670/773/697 672/774/698
f 673/777/702 672/774/698 674/778/703
f 672/774/698 628/724/633 630/725/634
f 674/778/703 676/781/706 677/780/705
f 630/725/634 632/726/635 676/781/706
f 676/781/706 678/783/708 679/782/707
f 632/726/635 681/728/637 678/783/708
f 678/783/709 680/785/713 715/784/710
f 681/728/712 682/786/714 680/785/713
f 633/729/642 684/731/641 682/786/714
f 682/786/715 683/788/719 718/787/716
f 684/731/718 685/789/720 683/788/719
f 636/733/661 647/745/660 685/789/720
f 685/789/721 686/791/724 687/790/722
f 647/745/663 649/746/662 686/791/724
f 686/791/724 688/793/726 689/792/725
f 649/746/662 651/747/664 688/793/726
f 689/794/725 688/797/726 690/795/727
f 688/797/726 651/749/664 692/751/667
f 691/796/728 690/795/727 665/767/729
f 690/795/727 692/751/667 661/764/677
f 694/798/731 689/794/725 691/796/728
f 693/799/732 691/796/728 667/769/730
f 721/800/734 694/798/731 693/799/732
f 695/801/735 693/799/732 696/771/733
f 697/802/737 696/771/693 668/772/694
f 724/803/739 695/801/735 697/802/736
f 698/804/741 697/802/737 699/775/738
f 700/805/743 699/775/699 671/776/700
f 727/807/745 698/804/741 700/805/742
f 701/808/747 700/805/743 702/806/744
f 703/809/749 702/806/752 704/810/750
f 702/806/752 671/776/701 673/777/702
f 705/811/751 704/810/750 706/812/753
f 704/810/750 673/777/702 675/779/704
f 706/812/753 708/815/756 709/814/755
f 675/779/704 677/780/705 708/815/756
f 708/815/756 710/817/758 711/816/757
f 677/780/705 679/782/707 710/817/758
f 710/817/759 712/819/762 713/818/760
f 679/782/711 715/784/710 712/819/762
f 712/819/763 714/821/767 747/820/764
f 715/784/766 716/822/768 714/821/767
f 680/785/717 718/787/716 716/822/768
f 716/822/769 717/824/773 720/823/770
f 718/787/772 719/825/774 717/824/773
f 683/788/723 687/790/722 719/825/774
f 719/825/774 694/827/731 721/826/734
f 687/790/722 689/792/725 694/827/731
f 717/824/773 721/826/734 722/828/775
f 722/829/775 721/800/734 695/801/735
f 720/823/770 722/828/775 723/830/776
f 723/832/776 722/829/775 724/803/739
f 725/833/778 724/803/739 698/804/740
f 750/834/780 723/832/776 725/833/778
f 726/835/781 725/833/778 727/807/779
f 728/836/783 727/807/745 701/808/746
f 753/838/785 726/835/781 728/836/782
f 729/839/787 728/836/783 730/837/784
f 731/840/789 730/837/792 732/841/790
f 730/837/792 701/808/747 703/809/748
f 733/842/793 732/841/796 734/843/794
f 732/841/796 703/809/749 705/811/751
f 735/844/795 734/843/794 736/845/797
f 734/843/794 705/811/751 707/813/754
f 736/845/797 738/848/800 739/847/799
f 707/813/754 709/814/755 738/848/800
f 738/848/800 740/850/802 741/849/801
f 709/814/755 711/816/757 740/850/802
f 740/850/803 742/852/806 743/851/804
f 711/816/761 713/818/760 742/852/806
f 742/852/807 744/854/810 745/853/808
f 713/818/765 747/820/764 744/854/810
f 744/854/811 746/856/815 749/855/812
f 747/820/814 748/831/777 746/856/815
f 714/821/771 720/823/770 748/831/777
f 748/831/777 723/830/776 750/857/780
f 746/856/815 750/857/780 751/858/816
f 751/859/816 750/834/780 726/835/781
f 749/855/812 751/858/816 752/860/817
f 752/862/817 751/859/816 753/838/785
f 754/863/819 753/838/785 729/839/786
f 777/865/151 752/862/817 754/863/819
f 755/866/821 754/863/819 756/864/820
f 757/867/823 756/864/825 758/868/824
f 756/864/825 729/839/787 731/840/788
f 759/869/826 758/868/828 760/870/827
f 758/868/828 731/840/789 733/842/791
f 761/871/829 760/870/832 762/872/830
f 760/870/832 733/842/793 735/844/795
f 763/873/831 762/872/830 764/874/833
f 762/872/830 735/844/795 737/846/798
f 764/874/833 766/877/835 767/876/834
f 737/846/798 739/847/799 766/877/835
f 766/877/835 768/879/837 769/878/836
f 739/847/799 741/849/801 768/879/837
f 768/879/838 770/881/840 771/880/839
f 741/849/805 743/851/804 770/881/840
f 770/881/841 772/883/843 773/882/842
f 743/851/809 745/853/808 772/883/843
f 772/883/844 774/861/818 775/884/845
f 745/853/813 749/855/812 774/861/818
f 774/861/818 752/860/817 777/885/151
f 798/886/847 773/882/846 775/884/845
f 776/887/848 775/884/845 777/885/151
f 777/865/151 755/866/821 780/889/850
f 801/891/851 776/887/848 778/888/849
f 778/890/849 780/889/850 781/893/853
f 780/889/850 782/896/855 783/895/854
f 755/866/821 757/867/822 782/896/855
f 782/896/856 784/898/859 785/897/857
f 757/867/823 759/869/823 784/898/859
f 784/898/860 786/900/863 787/899/861
f 759/869/826 761/871/826 786/900/863
f 786/900/864 788/902/867 789/901/865
f 761/871/829 763/873/831 788/902/867
f 788/902/867 790/904/869 791/903/868
f 763/873/831 765/875/11 790/904/869
f 791/903/868 790/904/869 792/905/870
f 790/904/869 765/875/11 767/876/834
f 793/906/871 792/905/870 794/907/872
f 792/905/870 767/876/834 769/878/836
f 795/908/874 794/907/877 796/909/875
f 794/907/877 769/878/839 771/880/839
f 797/910/878 796/909/881 798/886/879
f 796/909/881 771/880/842 773/882/842
f 799/911/882 798/886/847 776/887/848
f 822/912/883 797/910/878 799/911/880
f 800/913/885 799/911/882 801/891/851
f 802/914/886 801/891/851 779/892/852
f 825/916/888 800/913/885 802/914/886
f 803/917/889 802/914/886 804/915/887
f 804/919/887 806/922/892 807/920/891
f 779/894/852 781/893/853 806/922/892
f 806/922/892 808/924/894 809/923/893
f 781/893/853 783/895/854 808/924/894
f 808/924/895 810/926/898 811/925/896
f 783/895/858 785/897/857 810/926/898
f 810/926/899 812/928/902 813/927/900
f 785/897/862 787/899/861 812/928/902
f 812/928/903 814/930/906 815/929/904
f 787/899/866 789/901/865 814/930/906
f 814/930/906 816/932/908 817/931/907
f 789/901/865 791/903/868 816/932/908
f 817/931/907 816/932/908 818/933/909
f 816/932/908 791/903/868 793/906/871
f 819/934/910 818/933/909 820/935/911
f 818/933/909 793/906/871 795/908/873
f 821/936/913 820/935/916 822/912/914
f 820/935/916 795/908/874 797/910/876
f 823/937/917 822/912/883 800/913/884
f 846/938/919 821/936/913 823/937/915
f 824/939/921 823/937/917 825/916/918
f 826/940/923 825/916/888 803/917/889
f 849/942/925 824/939/921 826/940/922
f 827/943/927 826/940/923 828/941/924
f 829/944/928 828/941/924 830/945/929
f 828/941/924 803/917/889 805/918/890
f 830/947/929 832/950/932 833/948/931
f 805/921/890 807/920/891 832/950/932
f 832/950/932 834/952/934 835/951/933
f 807/920/891 809/923/893 834/952/934
f 834/952/935 836/954/938 837/953/936
f 809/923/897 811/925/896 836/954/938
f 836/954/939 838/956/942 839/955/940
f 811/925/901 813/927/900 838/956/942
f 838/956/943 840/958/946 841/957/944
f 813/927/905 815/929/904 840/958/946
f 840/958/946 842/960/948 843/959/947
f 815/929/904 817/931/907 842/960/948
f 843/959/947 842/960/948 844/961/949
f 842/960/948 817/931/907 819/934/910
f 845/962/950 844/961/949 846/938/951
f 844/961/949 819/934/910 821/936/912
f 847/963/953 846/938/919 824/939/920
f 870/964/955 845/962/950 847/963/952
f 848/965/957 847/963/953 849/942/954
f 850/966/959 849/942/925 827/943/926
f 873/968/961 848/965/957 850/966/958
f 851/969/963 850/966/959 852/967/960
f 853/970/965 852/967/968 854/971/966
f 852/967/968 827/943/927 829/944/928
f 855/972/967 854/971/966 856/973/969
f 854/971/966 829/944/928 831/946/930
f 856/975/969 858/978/972 859/976/971
f 831/949/930 833/948/931 858/978/972
f 858/978/972 860/980/974 861/979/973
f 833/948/931 835/951/933 860/980/974
f 860/980/975 862/982/978 863/981/976
f 835/951/937 837/953/936 862/982/978
f 862/982/979 864/984/982 865/983/980
f 837/953/941 839/955/940 864/984/982
f 864/984/983 866/986/986 867/985/984
f 839/955/945 841/957/944 866/986/986
f 866/986/986 868/988/988 869/987/987
f 841/957/944 843/959/947 868/988/988
f 869/987/987 868/988/988 870/964/955
f 868/988/988 843/959/947 845/962/950
f 871/989/989 870/964/955 848/965/956
f 894/990/991 869/987/987 871/989/989
f 872/991/992 871/989/989 873/968/990
f 874/992/994 873/968/961 851/969/962
f 897/994/996 872/991/992 874/992/993
f 875/995/998 874/992/994 876/993/995
f 877/996/1000 876/993/1003 878/997/1001
f 876/993/1003 851/969/963 853/970/964
f 879/998/1004 878/997/1007 880/999/1005
f 878/997/1007 853/970/965 855/972/967
f 881/1000/1006 880/999/1005 882/1001/1008
f 880/999/1005 855/972/967 857/974/970
f 882/1003/1008 884/1006/1011 885/1004/1010
f 857/977/970 859/976/971 884/1006/1011
f 884/1006/1011 886/1008/1013 887/1007/1012
f 859/976/971 861/979/973 886/1008/1013
f 886/1008/1014 888/1010/1017 889/1009/1015
f 861/979/977 863/981/976 888/1010/1017
f 888/1010/1018 890/1012/1021 891/1011/1019
f 863/981/981 865/983/980 890/1012/1021
f 890/1012/1022 892/1014/1025 893/1013/1023
f 865/983/985 867/985/984 892/1014/1025
f 892/1014/1025 894/990/991 895/1015/1026
f 867/985/984 869/987/987 894/990/991
f 895/1015/1026 894/990/991 872/991/992
f 896/1016/1027 895/1015/1026 897/994/996
f 893/1013/1023 895/1015/1026 896/1016/1027
f 898/1017/1028 897/994/996 875/995/997
f 921/1020/507 896/1016/1027 898/1017/1028
f 899/1021/1031 898/1017/1028 900/1019/1030
f 901/1022/651 900/1019/1032 902/1023/652
f 900/1019/1032 875/995/998 877/996/999
f 903/1024/646 902/1023/1033 904/1025/650
f 902/1023/1033 877/996/1000 879/998/1002
f 905/1026/649 904/1025/1036 906/1027/1034
f 904/1025/1036 879/998/1004 881/1000/1006
f 907/1028/1035 906/1027/1034 908/1029/1037
f 906/1027/1034 881/1000/1006 883/1002/1009
f 908/1031/1037 910/1034/1039 911/1032/1038
f 883/1005/1009 885/1004/1010 910/1034/1039
f 910/1034/1039 912/1036/1041 913/1035/1040
f 885/1004/1010 887/1007/1012 912/1036/1041
f 912/1036/1042 914/1038/1043 915/1037/684
f 887/1007/1016 889/1009/1015 914/1038/1043
f 914/1038/673 916/1040/1044 917/1039/674
f 889/1009/1020 891/1011/1019 916/1040/1044
f 916/1040/1045 918/1018/1029 919/1041/1046
f 891/1011/1024 893/1013/1023 918/1018/1029
f 918/1018/1029 896/1016/1027 921/1020/507
f 942/1042/1047 917/1078/671 919/1043/1046
f 920/1044/1048 919/1043/1046 921/1045/507
f 921/1045/507 899/1052/1031 924/1047/1050
f 922/1046/1049 924/1047/1050 925/1048/1051
f 945/1050/1053 920/1044/1048 922/1046/1049
f 924/1047/1050 926/1053/1055 927/1051/1054
f 899/1052/1031 901/1055/655 926/1053/1055
f 926/1053/654 928/1056/653 929/1054/660
f 901/1055/651 903/1058/651 928/1056/653
f 928/1056/643 930/1059/647 931/1057/644
f 903/1058/646 905/1061/646 930/1059/647
f 930/1059/1056 932/1062/1059 933/1060/1057
f 905/1061/649 907/1064/1035 932/1062/1059
f 932/1062/1059 934/1065/1061 935/1063/1060
f 907/1064/1035 909/1376/261 934/1065/1061
f 935/1066/1060 934/1069/1061 936/1067/1062
f 934/1069/1061 909/1377/261 911/1070/1038
f 937/1068/1063 936/1067/1062 938/1071/1064
f 936/1067/1062 911/1070/1038 913/1073/1040
f 939/1072/680 938/1071/683 940/1074/681
f 938/1071/683 913/1073/684 915/1076/684
f 941/1075/678 940/1074/675 942/1042/676
f 940/1074/675 915/1076/674 917/1078/674
f 943/1077/1066 942/1042/1047 920/1044/1048
f 966/1079/685 941/1075/678 943/1077/679
f 944/1080/1067 943/1077/1066 945/1050/1053
f 946/1081/1068 945/1050/1053 923/1049/1052
f 969/1083/1070 944/1080/1067 946/1081/1068
f 947/1084/1071 946/1081/1068 948/1082/1069
f 948/1082/1069 950/1087/1074 951/1086/1073
f 923/1049/1052 925/1048/1051 950/1087/1074
f 950/1087/1074 952/1089/1076 953/1088/1075
f 925/1048/1051 927/1051/1054 952/1089/1076
f 952/1089/718 954/1091/720 955/1090/719
f 927/1051/661 929/1054/660 954/1091/720
f 954/1091/642 956/1093/641 957/1092/714
f 929/1054/640 931/1057/644 956/1093/641
f 956/1093/1077 958/1095/1080 959/1094/1078
f 931/1057/1058 933/1060/1057 958/1095/1080
f 958/1095/1080 960/1097/1082 961/1096/1081
f 933/1060/1057 935/1063/1060 960/1097/1082
f 961/1098/1081 960/1101/1082 962/1099/1083
f 960/1101/1082 935/1066/1060 937/1068/1063
f 963/1100/1084 962/1099/1083 964/1102/1085
f 962/1099/1083 937/1068/1063 939/1072/1065
f 965/1103/691 964/1102/687 966/1079/688
f 964/1102/687 939/1072/680 941/1075/682
f 967/1104/689 966/1079/685 944/1080/686
f 990/1105/695 965/1103/691 967/1104/692
f 968/1106/693 967/1104/689 969/1083/690
f 970/1107/1087 969/1083/1070 947/1084/1071
f 993/1109/737 968/1106/693 970/1107/694
f 971/1110/1089 970/1107/1087 972/1108/1088
f 973/1111/1090 972/1108/1088 974/1112/1091
f 972/1108/1088 947/1084/1071 949/1085/1072
f 974/1112/1091 976/1115/1094 977/1114/1093
f 949/1085/1072 951/1086/1073 976/1115/1094
f 976/1115/1094 978/1117/1096 979/1116/1095
f 951/1086/1073 953/1088/1075 978/1117/1096
f 978/1117/717 980/1119/716 981/1118/768
f 953/1088/715 955/1090/719 980/1119/716
f 980/1119/709 982/1121/713 983/1120/710
f 955/1090/712 957/1092/714 982/1121/713
f 982/1121/1097 984/1123/1100 985/1122/1098
f 957/1092/1079 959/1094/1078 984/1123/1100
f 984/1123/1100 986/1125/1102 987/1124/1101
f 959/1094/1078 961/1096/1081 986/1125/1102
f 987/1126/1101 986/1129/1102 988/1127/1103
f 986/1129/1102 961/1098/1081 963/1100/1084
f 989/1128/1104 988/1127/1103 990/1105/1105
f 988/1127/1103 963/1100/1084 965/1103/1086
f 991/1130/699 990/1105/695 968/1106/696
f 1014/1131/1107 989/1128/1104 991/1130/1106
f 992/1132/743 991/1130/699 993/1109/700
f 994/1133/741 993/1109/737 971/1110/738
f 1017/1135/747 992/1132/743 994/1133/744
f 995/1136/745 994/1133/741 996/1134/742
f 997/1137/1109 996/1134/1112 998/1138/1110
f 996/1134/1112 971/1110/1089 973/1111/1090
f 999/1139/1111 998/1138/1110 1000/1140/1113
f 998/1138/1110 973/1111/1090 975/1113/1092
f 1000/1140/1113 1002/1143/1116 1003/1142/1115
f 975/1113/1092 977/1114/1093 1002/1143/1116
f 1002/1143/1116 1004/1145/1118 1005/1144/1117
f 977/1114/1093 979/1116/1095 1004/1145/1118
f 1004/1145/763 1006/1147/767 1007/1146/764
f 979/1116/766 981/1118/768 1006/1147/767
f 1006/1147/759 1008/1149/762 1009/1148/760
f 981/1118/711 983/1120/710 1008/1149/762
f 1008/1149/1119 1010/1151/1122 1011/1150/1120
f 983/1120/1099 985/1122/1098 1010/1151/1122
f 1010/1151/1122 1012/1153/1124 1013/1152/1123
f 985/1122/1098 987/1124/1101 1012/1153/1124
f 1013/1154/1123 1012/1156/1124 1014/1131/1107
f 1012/1156/1124 987/1126/1101 989/1128/1104
f 1015/1155/1125 1014/1131/1107 992/1132/1108
f 1038/1157/1127 1013/1154/1123 1015/1155/1125
f 1016/1158/1128 1015/1155/1125 1017/1135/1126
f 1018/1159/792 1017/1135/747 995/1136/748
f 1041/1161/1130 1016/1158/1128 1018/1159/1129
f 1019/1162/789 1018/1159/792 1020/1160/790
f 1021/1163/787 1020/1160/783 1022/1164/784
f 1020/1160/783 995/1136/745 997/1137/746
f 1023/1165/1132 1022/1164/1135 1024/1166/1133
f 1022/1164/1135 997/1137/1109 999/1139/1111
f 1025/1167/1134 1024/1166/1133 1026/1168/1136
f 1024/1166/1133 999/1139/1111 1001/1141/1114
f 1026/1168/1136 1028/1171/1139 1029/1170/1138
f 1001/1141/1114 1003/1142/1115 1028/1171/1139
f 1028/1171/1139 1030/1173/1141 1031/1172/1140
f 1003/1142/1115 1005/1144/1117 1030/1173/1141
f 1030/1173/807 1032/1175/810 1033/1174/808
f 1005/1144/765 1007/1146/764 1032/1175/810
f 1032/1175/803 1034/1177/806 1035/1176/804
f 1007/1146/761 1009/1148/760 1034/1177/806
f 1034/1177/1142 1036/1179/1145 1037/1178/1143
f 1009/1148/1121 1011/1150/1120 1036/1179/1145
f 1036/1179/1145 1038/1181/1127 1039/1180/1146
f 1011/1150/1120 1013/1152/1123 1038/1181/1127
f 1039/1182/1146 1038/1157/1127 1016/1158/1128
f 1037/1178/1143 1039/1180/1146 1040/1183/1147
f 1040/1185/1147 1039/1182/1146 1041/1161/1130
f 1042/1186/1149 1041/1161/1130 1019/1162/1131
f 1065/1188/11 1040/1185/1147 1042/1186/1149
f 1043/1189/1151 1042/1186/1149 1044/1187/1150
f 1045/1190/826 1044/1187/828 1046/1191/827
f 1044/1187/828 1019/1162/789 1021/1163/791
f 1047/1192/823 1046/1191/825 1048/1193/824
f 1046/1191/825 1021/1163/787 1023/1165/788
f 1049/1194/822 1048/1193/1154 1050/1195/1152
f 1048/1193/1154 1023/1165/1132 1025/1167/1134
f 1051/1196/1153 1050/1195/1152 1052/1197/1155
f 1050/1195/1152 1025/1167/1134 1027/1169/1137
f 1052/1197/1155 1054/1200/1157 1055/1199/1156
f 1027/1169/1137 1029/1170/1138 1054/1200/1157
f 1054/1200/1157 1056/1202/1158 1057/1201/846
f 1029/1170/1138 1031/1172/1140 1056/1202/1158
f 1056/1202/841 1058/1204/843 1059/1203/842
f 1031/1172/809 1033/1174/808 1058/1204/843
f 1058/1204/838 1060/1206/840 1061/1205/839
f 1033/1174/805 1035/1176/804 1060/1206/840
f 1060/1206/1159 1062/1184/1148 1063/1207/1160
f 1035/1176/1144 1037/1178/1143 1062/1184/1148
f 1062/1184/1148 1040/1183/1147 1065/1208/11
f 1086/1209/1161 1061/1205/836 1063/1207/1160
f 1064/1210/1162 1063/1207/1160 1065/1208/11
f 1065/1188/11 1043/1189/1151 1068/1212/1164
f 1089/1214/1165 1064/1210/1162 1066/1211/1163
f 1066/1213/1163 1068/1212/1164 1069/1216/1167
f 1068/1212/1164 1070/1219/1169 1071/1218/1168
f 1043/1189/1151 1045/1190/829 1070/1219/1169
f 1070/1219/860 1072/1221/863 1073/1220/861
f 1045/1190/826 1047/1192/826 1072/1221/863
f 1072/1221/856 1074/1223/859 1075/1222/857
f 1047/1192/823 1049/1194/823 1074/1223/859
f 1074/1223/1170 1076/1225/1173 1077/1224/1171
f 1049/1194/822 1051/1196/1153 1076/1225/1173
f 1076/1225/1173 1078/1227/1175 1079/1226/1174
f 1051/1196/1153 1053/1198/151 1078/1227/1175
f 1079/1226/1174 1078/1227/1175 1080/1228/1176
f 1078/1227/1175 1053/1198/151 1055/1199/1156
f 1081/1229/1177 1080/1228/1176 1082/1230/1178
f 1080/1228/1176 1055/1199/1156 1057/1201/846
f 1083/1231/878 1082/1230/881 1084/1232/879
f 1082/1230/881 1057/1201/842 1059/1203/842
f 1085/1233/874 1084/1232/877 1086/1209/875
f 1084/1232/877 1059/1203/839 1061/1205/839
f 1087/1234/1180 1086/1209/1161 1064/1210/1162
f 1110/1235/916 1085/1233/874 1087/1234/876
f 1088/1236/1181 1087/1234/1180 1089/1214/1165
f 1090/1237/1182 1089/1214/1165 1067/1215/1166
f 1113/1239/1184 1088/1236/1181 1090/1237/1182
f 1091/1240/1185 1090/1237/1182 1092/1238/1183
f 1092/1242/1183 1094/1245/1188 1095/1243/1187
f 1067/1217/1166 1069/1216/1167 1094/1245/1188
f 1094/1245/1188 1096/1247/1190 1097/1246/1189
f 1069/1216/1167 1071/1218/1168 1096/1247/1190
f 1096/1247/899 1098/1249/902 1099/1248/900
f 1071/1218/862 1073/1220/861 1098/1249/902
f 1098/1249/895 1100/1251/898 1101/1250/896
f 1073/1220/858 1075/1222/857 1100/1251/898
f 1100/1251/1191 1102/1253/1194 1103/1252/1192
f 1075/1222/1172 1077/1224/1171 1102/1253/1194
f 1102/1253/1194 1104/1255/1196 1105/1254/1195
f 1077/1224/1171 1079/1226/1174 1104/1255/1196
f 1105/1254/1195 1104/1255/1196 1106/1256/1197
f 1104/1255/1196 1079/1226/1174 1081/1229/1177
f 1107/1257/1198 1106/1256/1197 1108/1258/1199
f 1106/1256/1197 1081/1229/1177 1083/1231/1179
f 1109/1259/917 1108/1258/883 1110/1235/884
f 1108/1258/883 1083/1231/878 1085/1233/880
f 1111/1260/913 1110/1235/916 1088/1236/914
f 1134/1261/921 1109/1259/917 1111/1260/918
f 1112/1262/919 1111/1260/913 1113/1239/915
f 1114/1263/1201 1113/1239/1184 1091/1240/1185
f 1137/1265/953 1112/1262/919 1114/1263/920
f 1115/1266/1203 1114/1263/1201 1116/1264/1202
f 1117/1267/1204 1116/1264/1202 1118/1268/1205
f 1116/1264/1202 1091/1240/1185 1093/1241/1186
f 1118/1270/1205 1120/1273/1208 1121/1271/1207
f 1093/1244/1186 1095/1243/1187 1120/1273/1208
f 1120/1273/1208 1122/1275/1210 1123/1274/1209
f 1095/1243/1187 1097/1246/1189 1122/1275/1210
f 1122/1275/939 1124/1277/942 1125/1276/940
f 1097/1246/901 1099/1248/900 1124/1277/942
f 1124/1277/935 1126/1279/938 1127/1278/936
f 1099/1248/897 1101/1250/896 1126/1279/938
f 1126/1279/1211 1128/1281/1214 1129/1280/1212
f 1101/1250/1193 1103/1252/1192 1128/1281/1214
f 1128/1281/1214 1130/1283/1216 1131/1282/1215
f 1103/1252/1192 1105/1254/1195 1130/1283/1216
f 1131/1282/1215 1130/1283/1216 1132/1284/1217
f 1130/1283/1216 1105/1254/1195 1107/1257/1198
f 1133/1285/1218 1132/1284/1217 1134/1261/1219
f 1132/1284/1217 1107/1257/1198 1109/1259/1200
f 1135/1286/925 1134/1261/921 1112/1262/922
f 1158/1287/1221 1133/1285/1218 1135/1286/1220
f 1136/1288/959 1135/1286/925 1137/1265/926
f 1138/1289/957 1137/1265/953 1115/1266/954
f 1161/1291/963 1136/1288/959 1138/1289/960
f 1139/1292/961 1138/1289/957 1140/1290/958
f 1141/1293/1223 1140/1290/1226 1142/1294/1224
f 1140/1290/1226 1115/1266/1203 1117/1267/1204
f 1143/1295/1225 1142/1294/1224 1144/1296/1227
f 1142/1294/1224 1117/1267/1204 1119/1269/1206
f 1144/1298/1227 1146/1301/1230 1147/1299/1229
f 1119/1272/1206 1121/1271/1207 1146/1301/1230
f 1146/1301/1230 1148/1303/1232 1149/1302/1231
f 1121/1271/1207 1123/1274/1209 1148/1303/1232
f 1148/1303/979 1150/1305/982 1151/1304/980
f 1123/1274/941 1125/1276/940 1150/1305/982
f 1150/1305/975 1152/1307/978 1153/1306/976
f 1125/1276/937 1127/1278/936 1152/1307/978
f 1152/1307/1233 1154/1309/1236 1155/1308/1234
f 1127/1278/1213 1129/1280/1212 1154/1309/1236
f 1154/1309/1236 1156/1311/1238 1157/1310/1237
f 1129/1280/1212 1131/1282/1215 1156/1311/1238
f 1157/1310/1237 1156/1311/1238 1158/1287/1221
f 1156/1311/1238 1131/1282/1215 1133/1285/1218
f 1159/1312/1239 1158/1287/1221 1136/1288/1222
f 1182/1313/1241 1157/1310/1237 1159/1312/1239
f 1160/1314/1242 1159/1312/1239 1161/1291/1240
f 1162/1315/1003 1161/1291/963 1139/1292/964
f 1184/1317/1244 1160/1314/1242 1162/1315/1243
f 1163/1318/1000 1162/1315/1003 1164/1316/1001
f 1165/1319/998 1164/1316/994 1166/1320/995
f 1164/1316/994 1139/1292/961 1141/1293/962
f 1167/1321/1246 1166/1320/1249 1168/1322/1247
f 1166/1320/1249 1141/1293/1223 1143/1295/1225
f 1169/1323/1248 1168/1322/1247 1170/1324/1250
f 1168/1322/1247 1143/1295/1225 1145/1297/1228
f 1170/1326/1250 1172/1329/1253 1173/1327/1252
f 1145/1300/1228 1147/1299/1229 1172/1329/1253
f 1172/1329/1253 1174/1331/1255 1175/1330/1254
f 1147/1299/1229 1149/1302/1231 1174/1331/1255
f 1174/1331/1018 1176/1333/1021 1177/1332/1019
f 1149/1302/981 1151/1304/980 1176/1333/1021
f 1176/1333/1014 1178/1335/1017 1179/1334/1015
f 1151/1304/977 1153/1306/976 1178/1335/1017
f 1178/1335/1256 1180/1337/1259 1181/1336/1257
f 1153/1306/1235 1155/1308/1234 1180/1337/1259
f 1180/1337/1259 1182/1313/1241 1183/1338/1260
f 1155/1308/1234 1157/1310/1237 1182/1313/1241
f 1183/1338/1260 1182/1313/1241 1160/1314/1242
f 617/1339/1261 1183/1338/1260 1184/1317/1244
f 1181/1336/1257 1183/1338/1260 617/1339/1261
f 1185/708/617 1184/1317/1244 1163/1318/1245
f 1179/1334/1258 1181/1336/1257 1186/712/621
f 1187/1340/1262 1186/712/621 618/713/622
f 1188/1341/1042 1187/1340/1043 1189/766/684
f 1177/1332/1016 1179/1334/1015 1187/1340/1043
f 1175/1330/1020 1177/1332/1019 1188/1341/1044
f 1173/1327/1252 1175/1330/1254 658/761/1263
f 1171/1328/1251 1173/1327/1252 656/758/670
f 1190/742/656 1169/1323/1248 1171/1325/1251
f 644/739/1264 1167/1321/1246 1169/1323/1248
f 642/737/1032 1165/1319/998 1167/1321/999
f 640/736/1033 1163/1318/1000 1165/1319/1002
f 1193/1342/1265 1198/1353/1265 1192/1343/1265
f 1195/1345/11 1194/1350/11 1191/1346/11
f 1196/1348/390 1193/1378/390 1191/1349/390
f 1197/1351/1266 1196/1348/1266 1194/1350/1266
f 1198/1352/151 1193/1379/151 1196/1348/151
f 1198/1353/149 1197/1351/149 1195/1345/149
f 1201/1354/1267 1206/1365/1267 1200/1355/1267
f 1203/1357/151 1202/1362/151 1199/1358/151
f 1204/1360/390 1201/1380/390 1199/1361/390
f 1205/1363/1268 1204/1360/1268 1202/1362/1268
f 1206/1364/11 1201/1381/11 1204/1360/11
f 1206/1365/149 1205/1363/149 1203/1357/149
